Symbol,Security Name,MIC Type,Instrument Class,Market Tier,Financial Status,Round Lot Size
AAAP,Pacer Barings CLO Market Flex ETF,etf,ETF,Nasdaq Global Market,N,100
AACB,Artius II Acquisition Inc. - Class A Ordinary Shares,stock,Ordinary Share,Nasdaq Global Market,D,100
AACBR,Artius II Acquisition Inc. - Rights,stock,Right,Nasdaq Global Market,N,100
AACBU,Artius II Acquisition Inc. - Units,stock,Unit,Nasdaq Global Market,N,100
AACG,"ATA Creativity Global - American Depositary Shares, each representing two common shares",stock,Depositary Share,Nasdaq Capital Market,N,100
AACI,Armada Acquisition Corp. III - Class A Ordinary Share,stock,Ordinary Share,Nasdaq Global Market,N,100
AACIU,Armada Acquisition Corp. III - Units,stock,Unit,Nasdaq Global Market,N,100
AACIW,Armada Acquisition Corp. III - Warrant,stock,Warrant,Nasdaq Global Market,N,100
AACO,Abony Acquisition Corp. I - Class A Ordinary Share,stock,Ordinary Share,Nasdaq Global Market,N,100
AACOU,Abony Acquisition Corp. I - Units,stock,Unit,Nasdaq Global Market,N,100
AACOW,Abony Acquisition Corp. I - Warrants,stock,Warrant,Nasdaq Global Market,N,100
AACP,Apogee Acquisition Corp - Class A Ordinary Shares,stock,Ordinary Share,Nasdaq Global Market,N,100
AACPR,Apogee Acquisition Corp - Rights,stock,Right,Nasdaq Global Market,N,100
AACPU,Apogee Acquisition Corp - Units,stock,Unit,Nasdaq Global Market,N,100
AACPW,Apogee Acquisition Corp - Warrant,stock,Warrant,Nasdaq Global Market,N,100
AADR,AdvisorShares Dorsey Wright ADR ETF,etf,ETF,Nasdaq Global Market,N,100
AAEQ,Alpha Architect US Equity 2 ETF,etf,ETF,Nasdaq Global Market,N,100
AAL,"American Airlines Group, Inc. - Common Stock",stock,Common Stock,Nasdaq Global Select Market,N,100
AALG,Leverage Shares 2X Long AAL Daily ETF,etf,ETF,Nasdaq Global Market,N,100
AAME,Atlantic American Corporation - Common Stock,stock,Common Stock,Nasdaq Global Market,E,100
AAOI,"Applied Optoelectronics, Inc. - Common Stock",stock,Common Stock,Nasdaq Global Market,N,100
AAON,"AAON, Inc. - Common Stock",stock,Common Stock,Nasdaq Global Select Market,N,100
AAPB,GraniteShares 2x Long AAPL Daily ETF,etf,ETF,Nasdaq Global Market,N,100
AAPD,Direxion Daily AAPL Bear 1X ETF,etf,ETF,Nasdaq Global Market,N,100
AAPG,Ascentage Pharma Group International - American Depository Shares,stock,Nasdaq Listed Security,Nasdaq Global Market,N,100
AAPL,Apple Inc. - Common Stock,stock,Common Stock,Nasdaq Global Select Market,N,40
AAPU,Direxion Daily AAPL Bull 2X ETF,etf,ETF,Nasdaq Global Market,N,100
AARD,"Aardvark Therapeutics, Inc. - Common Stock",stock,Common Stock,Nasdaq Global Select Market,N,100
AAUB,Alpha Architect US Equity 4 ETF,etf,ETF,Nasdaq Global Market,N,100
AAUS,Alpha Architect US Equity ETF,etf,ETF,Nasdaq Global Market,N,100
AAVM,Alpha Architect Global Factor Equity ETF,etf,ETF,Nasdaq Global Market,N,100
AAXJ,iShares MSCI All Country Asia ex Japan ETF,etf,ETF,Nasdaq Global Market,N,100
ABAT,American Battery Technology Company - Common Stock,stock,Common Stock,Nasdaq Capital Market,N,100
ABCL,AbCellera Biologics Inc. - Common Shares,stock,Common Stock,Nasdaq Global Select Market,N,100
ABCS,Alpha Blue Capital US Small-Mid Cap Dynamic ETF,etf,ETF,Nasdaq Global Market,N,100
ABEO,Abeona Therapeutics Inc. - Common Stock,stock,Common Stock,Nasdaq Capital Market,N,100
ABI,VictoryShares Pioneer Asset-Based Income ETF,etf,ETF,Nasdaq Global Market,N,100
ABIG,Argent Large Cap ETF,etf,ETF,Nasdaq Global Market,N,100
ABLV,Able View Global Inc. - Class B Ordinary Shares,stock,Ordinary Share,Nasdaq Capital Market,N,100
ABLVW,Able View Global Inc. - Warrant,stock,Warrant,Nasdaq Capital Market,N,100
ABNB,"Airbnb, Inc. - Class A Common Stock",stock,Common Stock,Nasdaq Global Select Market,N,100
ABOS,"Acumen Pharmaceuticals, Inc. - Common Stock",stock,Common Stock,Nasdaq Global Select Market,N,100
ABSI,Absci Corporation - Common Stock,stock,Common Stock,Nasdaq Global Select Market,N,100
ABTC,American Bitcoin Corp. - Class A Common Stock,stock,Common Stock,Nasdaq Capital Market,N,100
ABTS,Abits Group Inc - Ordinary Shares,stock,Ordinary Share,Nasdaq Capital Market,N,100
ABUS,Arbutus Biopharma Corporation - Common Stock,stock,Common Stock,Nasdaq Global Select Market,N,100
ABVC,"ABVC BioPharma, Inc. - Common Stock",stock,Common Stock,Nasdaq Capital Market,N,100
ABVX,Abivax SA - American Depositary Shares,stock,Depositary Share,Nasdaq Global Market,N,100
ACAA,Averin Capital Acquisition Corp. - Class A Ordinary Shares,stock,Ordinary Share,Nasdaq Global Market,N,100
ACAAU,Averin Capital Acquisition Corp. - Units,stock,Unit,Nasdaq Global Market,N,100
ACAAW,Averin Capital Acquisition Corp. - Warrants,stock,Warrant,Nasdaq Global Market,N,100
ACAD,ACADIA Pharmaceuticals Inc. - Common Stock,stock,Common Stock,Nasdaq Global Select Market,N,100
ACB,Aurora Cannabis Inc. - Common Shares,stock,Common Stock,Nasdaq Capital Market,N,100
ACCL,Acco Group Holdings Limited - Class A Ordinary Shares,stock,Ordinary Share,Nasdaq Capital Market,N,100
ACDC,ProFrac Holding Corp. - Class A Common Stock,stock,Common Stock,Nasdaq Global Select Market,N,100
ACEP,ARS Core Equity Portfolio ETF,etf,ETF,Nasdaq Global Market,N,100
ACET,"Adicet Bio, Inc. - Common Stock",stock,Common Stock,Nasdaq Capital Market,N,100
ACFN,"Acorn Energy, Inc. - Common Stock",stock,Common Stock,Nasdaq Capital Market,N,100
ACGC,ACP Holdings Acquisition Corp. - Class A Ordinary Shares,stock,Ordinary Share,Nasdaq Global Market,N,100
ACGCU,ACP Holdings Acquisition Corp. - Units,stock,Unit,Nasdaq Global Market,N,100
ACGCW,ACP Holdings Acquisition Corp. - Warrants,stock,Warrant,Nasdaq Global Market,N,100
ACGL,Arch Capital Group Ltd. - Common Stock,stock,Common Stock,Nasdaq Global Select Market,N,100
ACGLN,"Arch Capital Group Ltd. - Depositary Shares, each Representing a 1/1,000th Interest in a 4.550% Non-Cumulative Preferred Share, Series G",stock,Preferred,Nasdaq Global Select Market,N,100
ACGLO,"Arch Capital Group Ltd. - Depositary Shares Each Representing 1/1,000th Interest in a Share of5.45% Non-Cumulative Preferred Shares, Series F",stock,Preferred,Nasdaq Global Select Market,N,100
ACHC,"Acadia Healthcare Company, Inc. - Common Stock",stock,Common Stock,Nasdaq Global Select Market,N,100
ACHV,"Achieve Life Sciences, Inc.  - Common Shares",stock,Common Stock,Nasdaq Capital Market,N,100
ACIC,American Coastal Insurance Corporation - Common Stock,stock,Common Stock,Nasdaq Capital Market,N,100
ACIU,AC Immune SA - Common Stock,stock,Common Stock,Nasdaq Global Market,N,100
ACIW,"ACI Worldwide, Inc. - Common Stock",stock,Common Stock,Nasdaq Global Select Market,N,100
ACLS,"Axcelis Technologies, Inc. - Common Stock",stock,Common Stock,Nasdaq Global Select Market,N,100
ACMR,"ACM Research, Inc. - Class A Common Stock",stock,Common Stock,Nasdaq Global Market,N,100
ACNB,ACNB Corporation - Common Stock,stock,Common Stock,Nasdaq Capital Market,N,100
ACNT,Ascent Industries Co. - Common Stock,stock,Common Stock,Nasdaq Global Market,N,100
ACOG,Alpha Cognition Inc. - Common Stock,stock,Common Stock,Nasdaq Capital Market,N,100
ACON,"Aclarion, Inc. - Common Stock",stock,Common Stock,Nasdaq Capital Market,N,100
ACONW,"Aclarion, Inc. - Warrant",stock,Warrant,Nasdaq Capital Market,N,100
ACRS,"Aclaris Therapeutics, Inc. - Common Stock",stock,Common Stock,Nasdaq Global Select Market,N,100
ACRV,"Acrivon Therapeutics, Inc. - Common Stock",stock,Common Stock,Nasdaq Global Market,N,100
ACT,"Enact Holdings, Inc. - Common Stock",stock,Common Stock,Nasdaq Global Select Market,N,100
ACTG,Acacia Research Corporation - Common Stock,stock,Common Stock,Nasdaq Global Select Market,N,100
ACTU,"Actuate Therapeutics, Inc. - Common stock",stock,Common Stock,Nasdaq Global Market,D,100
ACWI,iShares MSCI ACWI ETF,etf,ETF,Nasdaq Global Market,N,100
ACWX,iShares MSCI ACWI ex U.S. ETF,etf,ETF,Nasdaq Global Market,N,100
ACXP,"Acurx Pharmaceuticals, Inc. - Common Stock",stock,Common Stock,Nasdaq Capital Market,N,100
ADAC,American Drive Acquisition Company - Class A Ordinary Shares,stock,Ordinary Share,Nasdaq Global Market,N,100
ADACU,American Drive Acquisition Company - Units,stock,Unit,Nasdaq Global Market,N,100
ADACW,American Drive Acquisition Company - Warrant,stock,Warrant,Nasdaq Global Market,N,100
ADAG,"Adagene Inc. - ADS, each representing 1.25 ordinary shares",stock,Ordinary Share,Nasdaq Global Market,N,100
ADAM,"Adamas Trust, Inc. - Common Stock",stock,Common Stock,Nasdaq Global Select Market,N,100
ADAMG,"Adamas Trust, Inc. - 9.125% Senior Notes Due 2030",stock,Note,Nasdaq Global Select Market,N,100
ADAMH,"Adamas Trust, Inc. - 9.875% Senior Notes Due 2030",stock,Note,Nasdaq Global Market,N,100
ADAMI,"Adamas Trust, Inc. - 9.125% Senior Notes Due 2029",stock,Note,Nasdaq Global Select Market,N,100
ADAML,"Adamas Trust, Inc. - 6.875% Series F Fixed-to-Floating Rate Cumulative Redeemable Preferred Stock, $0.01 par value per share",stock,Preferred,Nasdaq Global Select Market,N,100
ADAMM,"Adamas Trust, Inc. - 7.875% Series E Fixed-to-Floating Rate Cumulative Redeemable Preferred Stock",stock,Preferred,Nasdaq Global Select Market,N,100
ADAMN,"Adamas Trust, Inc. - 8.00% Series D Fixed-to-Floating Rate Cumulative Redeemable Preferred Stock",stock,Preferred,Nasdaq Global Select Market,N,100
ADAMO,"Adamas Trust, Inc. - 9.250% Senior Notes Due 2031",stock,Note,Nasdaq Global Select Market,N,100
ADAMZ,"Adamas Trust, Inc. - 7.000% Series G Cumulative Redeemable Preferred Stock, $0.01 par value per share",stock,Preferred,Nasdaq Global Select Market,N,100
ADBE,Adobe Inc. - Common Stock,stock,Common Stock,Nasdaq Global Select Market,N,40
ADBG,Leverage Shares 2X Long ADBE Daily ETF,etf,ETF,Nasdaq Global Market,N,100
ADEA,Adeia Inc.  - Common Stock,stock,Common Stock,Nasdaq Global Select Market,N,100
ADGM,"Adagio Medical Holdings, Inc - Common Stock",stock,Common Stock,Nasdaq Capital Market,D,100
ADI,"Analog Devices, Inc. - Common Stock",stock,Common Stock,Nasdaq Global Select Market,N,40
ADIL,"Adial Pharmaceuticals, Inc - Common Stock",stock,Common Stock,Nasdaq Capital Market,N,100
ADMA,ADMA Biologics Inc - Common Stock,stock,Common Stock,Nasdaq Global Market,N,100
ADP,"Automatic Data Processing, Inc. - Common Stock",stock,Common Stock,Nasdaq Global Select Market,N,100
ADPT,Adaptive Biotechnologies Corporation - Common Stock,stock,Common Stock,Nasdaq Global Select Market,N,100
ADSE,ADS-TEC ENERGY PLC - Ordinary Shares,stock,Ordinary Share,Nasdaq Capital Market,N,100
ADSEW,ADS-TEC ENERGY PLC - Warrant,stock,Warrant,Nasdaq Capital Market,N,100
ADSK,"Autodesk, Inc. - Common Stock",stock,Common Stock,Nasdaq Global Select Market,N,100
ADTN,"ADTRAN Holdings, Inc. - Common Stock",stock,Common Stock,Nasdaq Global Select Market,N,100
ADUR,Aduro Clean Technologies Inc. - Common Stock,stock,Common Stock,Nasdaq Capital Market,N,100
ADUS,Addus HomeCare Corporation - Common Stock,stock,Common Stock,Nasdaq Global Select Market,N,100
ADV,Advantage Solutions Inc.  - Class A Common Stock,stock,Common Stock,Nasdaq Global Select Market,N,100
ADVB,Advanced Biomed Inc. - Common Stock,stock,Common Stock,Nasdaq Capital Market,N,100
ADXN,Addex Therapeutics Ltd - American Depositary Shares,stock,Depositary Share,Nasdaq Capital Market,N,100
AEAQ,Activate Energy Acquisition Corp. - Class A Ordinary Share,stock,Ordinary Share,Nasdaq Global Market,N,100
AEAQU,Activate Energy Acquisition Corp. - Unit,stock,Unit,Nasdaq Global Market,N,100
AEAQW,Activate Energy Acquisition Corp. - Warrant,stock,Warrant,Nasdaq Global Market,N,100
AEBI,Aebi Schmidt Holding AG - Common Stock,stock,Common Stock,Nasdaq Global Select Market,N,100
AEC,Anfield Energy Inc. - Common Shares,stock,Common Stock,Nasdaq Capital Market,N,100
AEHL,Antelope Enterprise Holdings Limited - Class A Ordinary Shares,stock,Ordinary Share,Nasdaq Capital Market,N,100
AEHR,Aehr Test Systems - Common Stock,stock,Common Stock,Nasdaq Capital Market,N,100
AEI,Alset Inc. - Common Stock,stock,Common Stock,Nasdaq Capital Market,N,100
AEIS,"Advanced Energy Industries, Inc. - Common Stock",stock,Common Stock,Nasdaq Global Select Market,N,40
AEMD,"Aethlon Medical, Inc. - Common Stock",stock,Common Stock,Nasdaq Capital Market,N,100
AENT,Alliance Entertainment Holding Corporation - common stock,stock,Common Stock,Nasdaq Capital Market,N,100
AENTW,Alliance Entertainment Holding Corporation - Warrants,stock,Warrant,Nasdaq Capital Market,N,100
AEP,"American Electric Power Company, Inc. - Common Stock",stock,Common Stock,Nasdaq Global Select Market,N,100
AERT,"Aeries Technology, Inc. - Class A Ordinary Share",stock,Ordinary Share,Nasdaq Capital Market,N,100
AERTW,"Aeries Technology, Inc. - Warrant",stock,Warrant,Nasdaq Capital Market,N,100
AESP,Aeon Acquisition I Corp. - Class A Ordinary Shares,stock,Ordinary Share,Nasdaq Global Market,N,100
AESPR,Aeon Acquisition I Corp. - Rights,stock,Right,Nasdaq Global Market,N,100
AESPU,Aeon Acquisition I Corp. - Units,stock,Unit,Nasdaq Global Market,N,100
AESPW,Aeon Acquisition I Corp. - Warrants,stock,Warrant,Nasdaq Global Market,N,100
AEVA,"Aeva Technologies, Inc. - Common Stock",stock,Common Stock,Nasdaq Global Select Market,N,100
AEYE,"AudioEye, Inc. - Common Stock",stock,Common Stock,Nasdaq Capital Market,N,100
AFCG,Advanced Flower Capital Inc. - Common Stock,stock,Common Stock,Nasdaq Global Market,N,100
AFJK,"Aimei Health Technology Co., Ltd - Ordinary Share",stock,Ordinary Share,Nasdaq Global Market,N,100
AFJKR,"Aimei Health Technology Co., Ltd - Right",stock,Right,Nasdaq Global Market,N,100
AFJKU,"Aimei Health Technology Co., Ltd - Unit",stock,Unit,Nasdaq Global Market,N,100
AFOS,ARS Focused Opportunity Strategy ETF,etf,ETF,Nasdaq Global Market,N,100
AFRI,Forafric Global PLC - Ordinary Shares,stock,Ordinary Share,Nasdaq Capital Market,N,100
AFRIW,Forafric Global PLC - Warrants,stock,Warrant,Nasdaq Capital Market,N,100
AFRM,"Affirm Holdings, Inc. - Class A Common Stock",stock,Common Stock,Nasdaq Global Select Market,N,100
AFSC,abrdn Focused U.S. Small Cap Active ETF,etf,ETF,Nasdaq Global Market,N,100
AFYA,Afya Limited - Class A Common Shares,stock,Common Stock,Nasdaq Global Select Market,N,100
AGCC,Agencia Comercial Spirits Ltd - Class A Ordinary Share,stock,Ordinary Share,Nasdaq Capital Market,N,100
AGEM,abrdn Emerging Markets Dividend Active ETF,etf,ETF,Nasdaq Global Market,N,100
AGEN,Agenus Inc. - Common Stock,stock,Common Stock,Nasdaq Capital Market,N,100
AGGA,EA Astoria Beacon Dynamic Core US Fixed Income ETF,etf,ETF,Nasdaq Global Market,N,100
AGIO,"Agios Pharmaceuticals, Inc. - Common Stock",stock,Common Stock,Nasdaq Global Select Market,N,100
AGIX,KraneShares Public-Private AI & Technology ETF,etf,ETF,Nasdaq Global Market,N,100
AGMB,AgomAb Therapeutics NV - ADRs representing one common share.,stock,Common Stock,Nasdaq Global Select Market,N,100
AGMH,AGM Group Holdings Inc. - Class A Ordinary Shares,stock,Ordinary Share,Nasdaq Capital Market,E,100
AGMI,Themes Silver Miners ETF,etf,ETF,Nasdaq Global Market,N,100
AGNC,AGNC Investment Corp. - Common Stock,stock,Common Stock,Nasdaq Global Select Market,N,100
AGNCL,"AGNC Investment Corp. - Depositary Shares Each Representing a 1/1,000th Interest in a Share of 7.75% Series G Fixed-Rate Reset Cumulative Redeemable Preferred Stock",stock,Preferred,Nasdaq Global Select Market,N,100
AGNCM,AGNC Investment Corp. - Depositary Shares rep 6.875% Series D Fixed-to-Floating Cumulative Redeemable Preferred Stock,stock,Preferred,Nasdaq Global Select Market,N,100
AGNCN,"AGNC Investment Corp. - Depositary Shares Each Representing a 1/1,000th Interest in a Share of 7.00% Series C Fixed-To-Floating Rate Cumulative Redeemable Preferred Stock",stock,Preferred,Nasdaq Global Select Market,N,100
AGNCO,"AGNC Investment Corp. - Depositary Shares, each representing a 1/1,000th interest in a share of Series E Fixed-to-Floating Cumulative Redeemable Preferred Stock",stock,Preferred,Nasdaq Global Select Market,N,100
AGNCP,"AGNC Investment Corp. - Depositary Shares Each Representing a 1/1,000th Interest in a Share of 6.125% Series F Fixed-to-Floating Rate Cumulative Redeemable Preferred Stock",stock,Preferred,Nasdaq Global Select Market,N,100
AGNCZ,"AGNC Investment Corp. - Depositary Shares Each Representing a 1/1,000th Interest in a Share of 8.75% Series H Fixed-Rate Cumulative Redeemable Preferred Stock",stock,Preferred,Nasdaq Global Select Market,N,100
AGNG,Global X Aging Population ETF,etf,ETF,Nasdaq Global Market,N,100
AGNT,"AGNT, Inc. - Common Stock",stock,Common Stock,Nasdaq Global Market,N,100
AGPU,Axe Compute Inc. - Common Stock,stock,Common Stock,Nasdaq Capital Market,N,100
AGRZ,Agroz Inc. - Class A Ordinary Shares,stock,Ordinary Share,Nasdaq Capital Market,H,100
AGYS,"Agilysys, Inc. - Common Stock",stock,Common Stock,Nasdaq Global Select Market,N,100
AGZD,WisdomTree Interest Rate Hedged U.S. Aggregate Bond Fund,etf,ETF,Nasdaq Global Market,N,100
AHCO,AdaptHealth Corp.  - Common Stock,stock,Common Stock,Nasdaq Capital Market,N,100
AHD,GraniteShares Autocallable HOOD ETF,etf,ETF,Nasdaq Global Market,N,100
AHG,Akso Health Group - American Depositary Shares,stock,Depositary Share,Nasdaq Capital Market,N,100
AHMA,Ambitions Enterprise Management Co. L.L.C - Class A Ordinary Shares,stock,Ordinary Share,Nasdaq Capital Market,N,100
AIA,iShares Asia 50 ETF,etf,ETF,Nasdaq Global Market,N,100
AIAI,AIAI Holdings Corporation - Class A common stock,stock,Common Stock,Nasdaq Global Market,N,100
AIBZ,Bitzero Holdings Inc. - Common Shares,stock,Common Stock,Nasdaq Capital Market,N,100
AIDX,"20/20 Biolabs, Inc. - Common Stock",stock,Common Stock,Nasdaq Capital Market,D,100
AIFA,"All In FutureTech Alliance, Inc. - Common Stock",stock,Common Stock,Nasdaq Capital Market,N,100
AIFC,AI Financial Corporation - Common Stock,stock,Common Stock,Nasdaq Capital Market,D,100
AIFD,TCW Artificial Intelligence ETF,etf,ETF,Nasdaq Global Market,N,100
AIFF,"Firefly Neuroscience, Inc.  - Common Stock",stock,Common Stock,Nasdaq Capital Market,N,100
AIFU,AIFU Inc. - Class A Ordinary Share,stock,Ordinary Share,Nasdaq Global Select Market,N,100
AIHS,Senmiao Technology Limited - Common Stock,stock,Common Stock,Nasdaq Capital Market,N,100
AIIO,Robo.ai Inc. - Class B Ordinary Shares,stock,Ordinary Share,Nasdaq Capital Market,N,100
AIIOW,Robo.ai Inc. - Warrant,stock,Warrant,Nasdaq Capital Market,N,100
AIIR,Air Global PLC - Ordinary shares,stock,Ordinary Share,Nasdaq Capital Market,N,100
AIMD,"Ainos, Inc. - Common Stock",stock,Common Stock,Nasdaq Capital Market,N,100
AIMDW,"Ainos, Inc. - warrants",stock,Warrant,Nasdaq Capital Market,N,100
AIMS,Acuitas Small Cap Active ETF,etf,ETF,Nasdaq Global Market,N,100
AIOS,AIOS Tech Inc. - Class A Common Shares,stock,Common Stock,Nasdaq Capital Market,N,100
AIOT,"PowerFleet, Inc. - Common Stock",stock,Common Stock,Nasdaq Global Market,N,100
AIP,"Arteris, Inc.  - Common Stock",stock,Common Stock,Nasdaq Global Market,N,100
AIPI,REX AI Equity Premium Income ETF,etf,ETF,Nasdaq Global Market,N,100
AIPO,Defiance AI & Power Infrastructure ETF,etf,ETF,Nasdaq Global Market,N,100
AIQ,Global X Artificial Intelligence & Technology ETF,etf,ETF,Nasdaq Global Market,N,100
AIRE,reAlpha Tech Corp. - Common Stock,stock,Common Stock,Nasdaq Capital Market,N,100
AIRG,"Airgain, Inc. - Common Stock",stock,Common Stock,Nasdaq Capital Market,N,100
AIRJ,AirJoule Technologies Corporation - Class A Common Stock,stock,Common Stock,Nasdaq Capital Market,N,100
AIRJW,AirJoule Technologies Corporation - Warrant,stock,Warrant,Nasdaq Capital Market,N,100
AIRO,"AIRO Group Holdings, Inc. - Common Stock",stock,Common Stock,Nasdaq Global Market,N,100
AIRR,First Trust RBA American Industrial Renaissance ETF,etf,ETF,Nasdaq Global Market,N,100
AIRS,"AirSculpt Technologies, Inc. - Common Stock",stock,Common Stock,Nasdaq Global Market,N,100
AIRT,"Air T, Inc. - Common Stock",stock,Common Stock,Nasdaq Capital Market,N,100
AIRTP,"Air T, Inc. - Trust Preferred Securities",stock,Preferred,Nasdaq Global Market,N,100
AISP,"Airship AI Holdings, Inc - Class A Common Stock",stock,Common Stock,Nasdaq Global Market,N,100
AISPW,"Airship AI Holdings, Inc - Warrants",stock,Warrant,Nasdaq Capital Market,N,100
AIX,Defiance US 100 Tech AI Moat ETF,etf,ETF,Nasdaq Global Market,N,100
AIXC,"AIxCrypto Holdings, Inc. - Common Stock",stock,Common Stock,Nasdaq Capital Market,N,100
AIXI,XIAO-I Corporation - American Depositary Shares,stock,Depositary Share,Nasdaq Global Market,N,100
AKAM,"Akamai Technologies, Inc. - Common Stock",stock,Common Stock,Nasdaq Global Select Market,N,100
AKAN,Akanda Corp. - Common Shares,stock,Common Stock,Nasdaq Capital Market,D,100
AKBA,"Akebia Therapeutics, Inc. - Common Stock",stock,Common Stock,Nasdaq Capital Market,N,100
AKTS,"Aktis Oncology, Inc. - Common stock",stock,Common Stock,Nasdaq Global Select Market,N,100
AKTX,Akari Therapeutics Plc - American Depositary Shares,stock,Depositary Share,Nasdaq Capital Market,N,100
ALAB,"Astera Labs, Inc. - Common Stock",stock,Common Stock,Nasdaq Global Select Market,N,100
ALAR,Alarum Technologies Ltd. - American Depositary Shares,stock,Depositary Share,Nasdaq Capital Market,N,100
ALBG,Leverage Shares 2X Long ALB Daily ETF,etf,ETF,Nasdaq Global Market,N,100
ALCO,"Alico, Inc. - Common Stock",stock,Common Stock,Nasdaq Global Select Market,N,100
ALDF,Aldel Financial II Inc. - Class A Ordinary Shares,stock,Ordinary Share,Nasdaq Global Market,N,100
ALDFU,Aldel Financial II Inc. - Units,stock,Unit,Nasdaq Global Market,N,100
ALDFW,Aldel Financial II Inc. - Warrants,stock,Warrant,Nasdaq Global Market,N,100
ALDX,"Aldeyra Therapeutics, Inc. - Common Stock",stock,Common Stock,Nasdaq Capital Market,N,100
ALEC,"Alector, Inc. - Common Stock",stock,Common Stock,Nasdaq Global Select Market,N,100
ALF,Centurion Acquisition Corp. - Class A Ordinary Shares,stock,Ordinary Share,Nasdaq Global Market,N,100
ALFUU,Centurion Acquisition Corp. - Unit,stock,Unit,Nasdaq Global Market,N,100
ALFUW,Centurion Acquisition Corp. - Warrant,stock,Warrant,Nasdaq Global Market,N,100
ALGM,"Allegro MicroSystems, Inc. - Common Stock",stock,Common Stock,Nasdaq Global Select Market,N,100
ALGN,"Align Technology, Inc. - Common Stock",stock,Common Stock,Nasdaq Global Select Market,N,100
ALGS,"Aligos Therapeutics, Inc. - Common stock",stock,Common Stock,Nasdaq Capital Market,N,100
ALGT,Allegiant Travel Company - Common Stock,stock,Common Stock,Nasdaq Global Select Market,N,100
ALHC,"Alignment Healthcare, Inc. - Common Stock",stock,Common Stock,Nasdaq Global Select Market,N,100
ALIL,Argent Focused Small Cap ETF,etf,ETF,Nasdaq Global Market,N,100
ALIS,Calisa Acquisition Corp - Ordinary shares,stock,Ordinary Share,Nasdaq Global Market,D,100
ALISR,Calisa Acquisition Corp - Right,stock,Right,Nasdaq Global Market,N,100
ALISU,Calisa Acquisition Corp - Units,stock,Unit,Nasdaq Global Market,N,100
ALKS,Alkermes plc - Ordinary Shares,stock,Ordinary Share,Nasdaq Global Select Market,N,100
ALKT,"Alkami Technology, Inc. - Common Stock",stock,Common Stock,Nasdaq Global Select Market,N,100
ALLO,"Allogene Therapeutics, Inc. - Common Stock",stock,Common Stock,Nasdaq Global Select Market,N,100
ALLR,"Allarity Therapeutics, Inc. - Common stock",stock,Common Stock,Nasdaq Capital Market,N,100
ALLT,Allot Ltd. - Ordinary Shares,stock,Ordinary Share,Nasdaq Global Select Market,N,100
ALLW,State Street Bridgewater All Weather ETF,etf,ETF,Nasdaq Global Market,N,100
ALM,Almonty Industries Inc. - Common Shares,stock,Common Stock,Nasdaq Capital Market,N,100
ALMR,"Alamar Biosciences, Inc. - Class A common stock",stock,Common Stock,Nasdaq Global Select Market,N,100
ALMS,Alumis Inc. - Common Stock,stock,Common Stock,Nasdaq Global Select Market,N,100
ALMU,"Aeluma, Inc. - Common Stock",stock,Common Stock,Nasdaq Capital Market,N,100
ALNT,Allient Inc. - Common Stock,stock,Common Stock,Nasdaq Global Market,N,100
ALNY,"Alnylam Pharmaceuticals, Inc. - Common Stock",stock,Common Stock,Nasdaq Global Select Market,N,40
ALOT,"AstroNova, Inc. - Common Stock",stock,Common Stock,Nasdaq Global Market,N,100
ALOV,"Aldabra 4 Liquidity Opportunity Vehicle, Inc. - Class A Ordinary Shares",stock,Ordinary Share,Nasdaq Global Market,N,100
ALOVU,"Aldabra 4 Liquidity Opportunity Vehicle, Inc. - Units",stock,Unit,Nasdaq Global Market,N,100
ALOVW,"Aldabra 4 Liquidity Opportunity Vehicle, Inc. - Warrants",stock,Warrant,Nasdaq Global Market,N,100
ALOY,REalloys Inc. - Common Stock,stock,Common Stock,Nasdaq Capital Market,N,100
ALP,Alpha Compute Corp  - Common Stock,stock,Common Stock,Nasdaq Capital Market,D,100
ALPS,ALPS Group Inc - Ordinary Share,stock,Ordinary Share,Nasdaq Global Market,D,100
ALPX,Alpex Acquisition Corporation - Class A Ordinary Shares,stock,Ordinary Share,Nasdaq Global Market,N,100
ALPXR,Alpex Acquisition Corporation - Rights,stock,Right,Nasdaq Global Market,N,100
ALPXU,Alpex Acquisition Corporation - Units,stock,Unit,Nasdaq Global Market,N,100
ALPXW,Alpex Acquisition Corporation - Warrants,stock,Warrant,Nasdaq Global Market,N,100
ALRM,"Alarm.com Holdings, Inc. - Common Stock",stock,Common Stock,Nasdaq Global Select Market,N,100
ALRS,Alerus Financial Corporation - Common Stock,stock,Common Stock,Nasdaq Capital Market,N,100
ALT,"Altimmune, Inc. - Common Stock",stock,Common Stock,Nasdaq Global Market,N,100
ALTI,"AlTi Global, Inc. - Class A Common Stock",stock,Common Stock,Nasdaq Capital Market,N,100
ALTO,"Alto Ingredients, Inc. - Common Stock",stock,Common Stock,Nasdaq Capital Market,N,100
ALTY,Global X Alternative Income ETF,etf,ETF,Nasdaq Global Market,N,100
ALVO,Alvotech - Ordinary Shares,stock,Ordinary Share,Nasdaq Global Market,N,100
ALVOW,Alvotech - Warrant,stock,Warrant,Nasdaq Global Market,N,100
ALXO,ALX Oncology Holdings Inc. - Common Stock,stock,Common Stock,Nasdaq Global Select Market,N,100
ALZN,"Alzamend Neuro, Inc. - Common Stock",stock,Common Stock,Nasdaq Capital Market,D,100
AMA,Defiance Daily Target 2X Long AMAT ETF,etf,ETF,Nasdaq Global Market,N,100
AMACU,AMR Resources Acquisition Corp - Units,stock,Unit,Nasdaq Global Market,N,100
AMAL,Amalgamated Financial Corp. - Common Stock,stock,Common Stock,Nasdaq Global Market,N,100
AMAN,Amanat Acquisition Corp - Class A Ordinary Shares,stock,Ordinary Share,Nasdaq Capital Market,N,100
AMAT,"Applied Materials, Inc. - Common Stock",stock,Common Stock,Nasdaq Global Select Market,N,40
AMBA,"Ambarella, Inc. - Ordinary Shares",stock,Ordinary Share,Nasdaq Global Select Market,N,100
AMBR,Amber International Holding Limited - American Depositary Shares,stock,Depositary Share,Nasdaq Global Market,N,100
AMCI,AMC Robotics Corporation - Common Stock,stock,Common Stock,Nasdaq Capital Market,N,100
AMCX,AMC Global Media Inc. - Class A Common Stock,stock,Common Stock,Nasdaq Global Select Market,N,100
AMD,"Advanced Micro Devices, Inc. - Common Stock",stock,Common Stock,Nasdaq Global Select Market,N,100
AMDD,Direxion Daily AMD Bear 1X ETF,etf,ETF,Nasdaq Global Market,N,100
AMDG,Leverage Shares 2X Long AMD Daily ETF,etf,ETF,Nasdaq Global Market,N,100
AMDL,GraniteShares 2x Long AMD Daily ETF,etf,ETF,Nasdaq Global Market,N,100
AMEI,Amana Equity Income ETF,etf,ETF,Nasdaq Global Market,N,100
AMEM,Amana Developing World ETF,etf,ETF,Nasdaq Global Market,N,100
AMGN,Amgen Inc. - Common Stock,stock,Common Stock,Nasdaq Global Select Market,N,40
AMGR,Amana Growth ETF,etf,ETF,Nasdaq Global Market,N,100
AMID,Argent Mid Cap ETF,etf,ETF,Nasdaq Global Market,N,100
AMIX,"Autonomix Medical, Inc. - Common Stock",stock,Common Stock,Nasdaq Capital Market,N,100
AMKR,"Amkor Technology, Inc. - Common Stock",stock,Common Stock,Nasdaq Global Select Market,N,100
AMLX,"Amylyx Pharmaceuticals, Inc. - Common Stock",stock,Common Stock,Nasdaq Global Select Market,N,100
AMOD,"Alpha Modus Holdings, Inc. - Class A Common Stock",stock,Common Stock,Nasdaq Capital Market,D,100
AMODW,"Alpha Modus Holdings, Inc. - Warrant",stock,Warrant,Nasdaq Capital Market,D,100
AMPG,"Amplitech Group, Inc. - Common Stock",stock,Common Stock,Nasdaq Capital Market,N,100
AMPGZ,"Amplitech Group, Inc. - Series B Right",stock,Right,Nasdaq Capital Market,N,100
AMPH,"Amphastar Pharmaceuticals, Inc. - Common Stock",stock,Common Stock,Nasdaq Global Select Market,N,100
AMPL,"Amplitude, Inc. - Class A Common Stock",stock,Common Stock,Nasdaq Capital Market,N,100
AMRN,Amarin Corporation plc - American Depositary Shares,stock,Depositary Share,Nasdaq Capital Market,N,100
AMRX,"Amneal Pharmaceuticals, Inc. - Class A Common Stock",stock,Common Stock,Nasdaq Global Select Market,N,100
AMSC,American Superconductor Corporation - Common Stock,stock,Common Stock,Nasdaq Global Select Market,N,100
AMSF,"AMERISAFE, Inc. - Common Stock",stock,Common Stock,Nasdaq Global Select Market,N,100
AMSS,AMASS Brands Inc. - Common Stock,stock,Common Stock,Nasdaq Global Market,D,100
AMST,Amesite Inc. - Common Stock,stock,Common Stock,Nasdaq Capital Market,N,100
AMTX,"Aemetis, Inc - Common Stock",stock,Common Stock,Nasdaq Global Market,N,100
AMUN,abrdn Ultra Short Municipal Income Active ETF,etf,ETF,Nasdaq Global Market,N,100
AMUU,Direxion Daily AMD Bull 2X ETF,etf,ETF,Nasdaq Global Market,N,100
AMYY,GraniteShares YieldBOOST AMD ETF,etf,ETF,Nasdaq Global Market,N,100
AMZD,Direxion Daily AMZN Bear 1X ETF,etf,ETF,Nasdaq Global Market,N,100
AMZN,"Amazon.com, Inc. - Common Stock",stock,Common Stock,Nasdaq Global Select Market,N,100
AMZU,Direxion Daily AMZN Bull 2X ETF,etf,ETF,Nasdaq Global Market,N,100
AMZZ,GraniteShares 2x Long AMZN Daily ETF,etf,ETF,Nasdaq Global Market,N,100
ANAB,"AnaptysBio, Inc. - Common Stock",stock,Common Stock,Nasdaq Global Select Market,N,100
ANDE,"The Andersons, Inc. - Common Stock",stock,Common Stock,Nasdaq Global Select Market,N,100
ANEL,Defiance Daily Target 2x Long ANET ETF,etf,ETF,Nasdaq Global Market,N,100
ANGH,Anghami Inc. - Ordinary Shares,stock,Ordinary Share,Nasdaq Capital Market,N,100
ANGHW,Anghami Inc. - Warrants,stock,Warrant,Nasdaq Capital Market,N,100
ANGI,Angi Inc. - Class A Common Stock,stock,Common Stock,Nasdaq Global Select Market,N,100
ANGL,VanEck Fallen Angel High Yield Bond ETF,etf,ETF,Nasdaq Global Market,N,100
ANGO,"AngioDynamics, Inc. - Common Stock",stock,Common Stock,Nasdaq Global Select Market,N,100
ANIK,Anika Therapeutics Inc. - Common Stock,stock,Common Stock,Nasdaq Global Select Market,N,100
ANIP,"ANI Pharmaceuticals, Inc. - Common Stock",stock,Common Stock,Nasdaq Global Market,N,100
ANIX,"Anixa Biosciences, Inc. - Common Stock",stock,Common Stock,Nasdaq Capital Market,N,100
ANL,Adlai Nortye Ltd. - American Depositary Shares,stock,Depositary Share,Nasdaq Global Market,N,100
ANNA,"AleAnna, Inc. - Class A Common Stock",stock,Common Stock,Nasdaq Capital Market,N,100
ANNAW,"AleAnna, Inc. - Warrant",stock,Warrant,Nasdaq Capital Market,N,100
ANNX,"Annexon, Inc. - common stock",stock,Common Stock,Nasdaq Global Select Market,N,100
ANPA,Rich Sparkle Holdings Limited - Ordinary Shares,stock,Ordinary Share,Nasdaq Capital Market,N,100
ANSC,Agriculture & Natural Solutions Acquisition Corporation - Class A Ordinary Shares,stock,Ordinary Share,Nasdaq Global Market,N,100
ANSCU,Agriculture & Natural Solutions Acquisition Corporation - Unit,stock,Unit,Nasdaq Global Market,N,100
ANSCW,Agriculture & Natural Solutions Acquisition Corporation - Warrant,stock,Warrant,Nasdaq Global Market,N,100
ANTA,Antalpha Platform Holding Company - Class A Ordinary Shares,stock,Ordinary Share,Nasdaq Global Market,N,100
ANTX,"AN2 Therapeutics, Inc. - Common Stock",stock,Common Stock,Nasdaq Global Select Market,N,100
ANV,GraniteShares Autocallable NVDA ETF,etf,ETF,Nasdaq Global Market,N,100
ANY,Sphere 3D Corp. - Common Shares,stock,Common Stock,Nasdaq Capital Market,N,100
AOHY,Angel Oak High Yield Opportunities ETF,etf,ETF,Nasdaq Global Market,N,100
AOSL,Alpha and Omega Semiconductor Limited - Common Shares,stock,Common Stock,Nasdaq Global Select Market,N,100
AOTG,AOT Growth and Innovation ETF,etf,ETF,Nasdaq Global Market,N,100
AOUT,"American Outdoor Brands, Inc. - Common Stock",stock,Common Stock,Nasdaq Global Select Market,N,100
APA,APA Corporation - Common Stock,stock,Common Stock,Nasdaq Global Select Market,N,100
APAC,StoneBridge Acquisition II Corporation - Class A Ordinary Shares,stock,Ordinary Share,Nasdaq Capital Market,N,100
APACR,StoneBridge Acquisition II Corporation - Rights,stock,Right,Nasdaq Capital Market,N,100
APACU,StoneBridge Acquisition II Corporation - Units,stock,Unit,Nasdaq Capital Market,N,100
APC,ARKO Petroleum Corp. - Class A Common Stock,stock,Common Stock,Nasdaq Capital Market,N,100
APEI,"American Public Education, Inc. - Common Stock",stock,Common Stock,Nasdaq Global Select Market,N,100
APGE,"Apogee Therapeutics, Inc. - Common Stock",stock,Common Stock,Nasdaq Global Market,N,100
API,"Agora, Inc. - ADS",stock,Nasdaq Listed Security,Nasdaq Global Select Market,N,100
APLD,Applied Digital Corporation - Common Stock,stock,Common Stock,Nasdaq Global Select Market,N,100
APLM,Apollomics Inc. - Class A Ordinary Shares,stock,Ordinary Share,Nasdaq Capital Market,N,100
APLMW,Apollomics Inc. - Warrant,stock,Warrant,Nasdaq Capital Market,N,100
APMC,AmperCap Acquisition Company - Ordinary Shares,stock,Ordinary Share,Nasdaq Global Market,N,100
APMCR,AmperCap Acquisition Company - Right,stock,Right,Nasdaq Global Market,N,100
APMCU,AmperCap Acquisition Company - Unit,stock,Unit,Nasdaq Global Market,N,100
APMD,"Apnimed, Inc. - Common Stock",stock,Common Stock,Nasdaq Global Select Market,N,100
APOG,"Apogee Enterprises, Inc. - Common Stock",stock,Common Stock,Nasdaq Global Select Market,N,100
APP,Applovin Corporation - Class A Common Stock,stock,Common Stock,Nasdaq Global Select Market,N,40
APPF,"AppFolio, Inc. - Class A Common Stock",stock,Common Stock,Nasdaq Global Market,N,100
APPN,Appian Corporation - Class A Common Stock,stock,Common Stock,Nasdaq Global Market,N,100
APPS,"Digital Turbine, Inc. - Common Stock",stock,Common Stock,Nasdaq Capital Market,N,100
APPX,Tradr 2X Long APP Daily ETF,etf,ETF,Nasdaq Global Market,N,100
APRE,"Aprea Therapeutics, Inc. - Common Stock",stock,Common Stock,Nasdaq Capital Market,D,100
APUR,Aperture AC - Class A Ordinary Shares,stock,Ordinary Share,Nasdaq Capital Market,N,100
APURR,Aperture AC - Rights,stock,Right,Nasdaq Capital Market,N,100
APVO,Aptevo Therapeutics Inc. - Common Stock,stock,Common Stock,Nasdaq Capital Market,N,100
APWC,"Asia Pacific Wire & Cable Corporation Limited  - Common shares, Par value .01 per share",stock,Common Stock,Nasdaq Capital Market,N,100
APXT,Apex Treasury Corporation - Class A Ordinary Share,stock,Ordinary Share,Nasdaq Global Market,N,100
APXTU,Apex Treasury Corporation - Units,stock,Unit,Nasdaq Global Market,N,100
APXTW,Apex Treasury Corporation - Warrants,stock,Warrant,Nasdaq Global Market,N,100
APYX,Apyx Medical Corporation - Common Stock,stock,Common Stock,Nasdaq Global Select Market,N,100
AQB,"AquaBounty Technologies, Inc. - Common Stock",stock,Common Stock,Nasdaq Capital Market,N,100
AQLG,HCM Large Cap Growth ETF,etf,ETF,Nasdaq Global Market,N,100
AQMS,"Aqua Metals, Inc. - Common Stock",stock,Common Stock,Nasdaq Capital Market,N,100
AQST,"Aquestive Therapeutics, Inc. - Common Stock",stock,Common Stock,Nasdaq Global Market,N,100
AQWA,Global X Clean Water ETF,etf,ETF,Nasdaq Global Market,N,100
ARAI,Arrive AI Inc. - Common Stock,stock,Common Stock,Nasdaq Global Market,D,100
ARAY,Accuray Incorporated - Common Stock,stock,Common Stock,Nasdaq Capital Market,D,100
ARBB,ARB IOT Group Limited - Ordinary Shares,stock,Ordinary Share,Nasdaq Capital Market,N,100
ARBE,Arbe Robotics Ltd. - Ordinary Shares,stock,Ordinary Share,Nasdaq Capital Market,D,100
ARBEW,Arbe Robotics Ltd. - Warrant,stock,Warrant,Nasdaq Capital Market,N,100
ARBK,Argo Blockchain plc - American Depositary Shares,stock,Depositary Share,Nasdaq Capital Market,N,100
ARCB,ArcBest Corporation - Common Stock,stock,Common Stock,Nasdaq Global Select Market,N,100
ARCC,Ares Capital Corporation - Closed End Fund,stock,Closed-End Fund,Nasdaq Global Select Market,N,100
ARCI,Archimedes Tech SPAC Partners III Co. - Ordinary Share,stock,Ordinary Share,Nasdaq Global Market,N,100
ARCIU,Archimedes Tech SPAC Partners III Co. - Unit,stock,Unit,Nasdaq Global Market,N,100
ARCIW,Archimedes Tech SPAC Partners III Co. - Warrant,stock,Warrant,Nasdaq Global Market,N,100
ARCL,ARC Group Acquisition I Corp - Class A Ordinary Shares,stock,Ordinary Share,Nasdaq Global Market,N,100
ARCLR,ARC Group Acquisition I Corp - Right,stock,Right,Nasdaq Global Market,N,100
ARCLU,ARC Group Acquisition I Corp - Unit,stock,Unit,Nasdaq Global Market,N,100
ARCLW,ARC Group Acquisition I Corp - Warrants,stock,Warrant,Nasdaq Global Market,N,100
ARCT,Arcturus Therapeutics Holdings Inc. - Common Stock,stock,Common Stock,Nasdaq Global Market,N,100
ARDX,"Ardelyx, Inc. - Common Stock",stock,Common Stock,Nasdaq Global Market,N,100
AREC,American Resources Corporation - Class A Common Stock,stock,Common Stock,Nasdaq Capital Market,E,100
ARGX,argenx SE - American Depositary Shares,stock,Depositary Share,Nasdaq Global Select Market,N,40
ARHS,"Arhaus, Inc. - Class A Common Stock",stock,Common Stock,Nasdaq Global Select Market,N,100
ARKO,ARKO Corp. - Common Stock,stock,Common Stock,Nasdaq Capital Market,N,100
ARKR,Ark Restaurants Corp. - Common Stock,stock,Common Stock,Nasdaq Global Market,N,100
ARLP,"Alliance Resource Partners, L.P. - Common Units Representing Limited Partnership Interests",stock,Unit,Nasdaq Global Select Market,N,100
ARM,Arm Holdings plc - American Depositary Shares,stock,Depositary Share,Nasdaq Global Select Market,N,100
ARMG,Leverage Shares 2X Long ARM Daily ETF,etf,ETF,Nasdaq Global Market,N,100
ARMY,Tema International Defense ETF,etf,ETF,Nasdaq Global Market,N,100
AROW,Arrow Financial Corporation - Common Stock,stock,Common Stock,Nasdaq Global Select Market,N,100
ARQ,"Arq, Inc. - Common Stock",stock,Common Stock,Nasdaq Global Market,N,100
ARQQ,Arqit Quantum Inc. - Ordinary Shares,stock,Ordinary Share,Nasdaq Capital Market,N,100
ARQQW,Arqit Quantum Inc. - Warrants,stock,Warrant,Nasdaq Capital Market,N,100
ARQT,"Arcutis Biotherapeutics, Inc. - Common stock",stock,Common Stock,Nasdaq Global Select Market,N,100
ARRY,"Array Technologies, Inc. - Common Stock",stock,Common Stock,Nasdaq Global Market,N,100
ARTC,Art Technology Acquisition Corp. - Class A Ordinary Shares,stock,Ordinary Share,Nasdaq Global Market,N,100
ARTCU,Art Technology Acquisition Corp. - Units,stock,Unit,Nasdaq Global Market,N,100
ARTCW,Art Technology Acquisition Corp. - Warrants,stock,Warrant,Nasdaq Global Market,N,100
ARTL,"Artelo Biosciences, Inc. - Common Stock",stock,Common Stock,Nasdaq Capital Market,N,100
ARTNA,Artesian Resources Corporation - Class A Non-Voting Common Stock,stock,Common Stock,Nasdaq Global Select Market,N,100
ARTV,"Artiva Biotherapeutics, Inc. - Common Stock",stock,Common Stock,Nasdaq Global Market,N,100
ARTW,"Art's-Way Manufacturing Co., Inc. - Common Stock",stock,Common Stock,Nasdaq Capital Market,N,100
ARVN,"Arvinas, Inc. - Common Stock",stock,Common Stock,Nasdaq Global Select Market,N,100
ARVR,First Trust Indxx Metaverse ETF,etf,ETF,Nasdaq Global Market,N,100
ARWR,"Arrowhead Pharmaceuticals, Inc. - Common Stock",stock,Common Stock,Nasdaq Global Select Market,N,100
ARXS,"Arxis, Inc. - Class A Common Stock",stock,Common Stock,Nasdaq Global Select Market,N,100
ASBP,"Aspire Biopharma Holdings, Inc.  - Common Stock",stock,Common Stock,Nasdaq Capital Market,N,100
ASBPW,"Aspire Biopharma Holdings, Inc.  - Warrant",stock,Warrant,Nasdaq Capital Market,N,100
ASCI,abrdn International Small Cap Active ETF,etf,ETF,Nasdaq Global Market,N,100
ASD,Defiance Autism Impact ETF,etf,ETF,Nasdaq Global Market,N,100
ASEC,American Century Securitized Credit ETF,etf,ETF,Nasdaq Global Market,N,100
ASLE,AerSale Corporation - Common Stock,stock,Common Stock,Nasdaq Capital Market,N,100
ASMB,"Assembly Biosciences, Inc. - Common Stock",stock,Common Stock,Nasdaq Global Select Market,N,100
ASMG,Leverage Shares 2X Long ASML Daily ETF,etf,ETF,Nasdaq Global Market,N,100
ASML,ASML Holding N.V. - New York Registry Shares,stock,Nasdaq Listed Security,Nasdaq Global Select Market,N,10
ASMU,Direxion Daily ASML Bull 2X ETF,etf,ETF,Nasdaq Global Market,N,100
ASND,Ascendis Pharma A/S - Ordinary Share,stock,Ordinary Share,Nasdaq Global Select Market,N,100
ASO,"Academy Sports and Outdoors, Inc. - Common Stock",stock,Common Stock,Nasdaq Global Select Market,N,100
ASPC,A SPAC III Acquisition Corp. - Class A Ordinary Shares,stock,Ordinary Share,Nasdaq Capital Market,D,100
ASPCR,A SPAC III Acquisition Corp. - Right,stock,Right,Nasdaq Capital Market,D,100
ASPCU,A SPAC III Acquisition Corp. - Unit,stock,Unit,Nasdaq Capital Market,D,100
ASPI,ASP Isotopes Inc. - Common Stock,stock,Common Stock,Nasdaq Capital Market,N,100
ASPS,Altisource Portfolio Solutions S.A. - Common Stock,stock,Common Stock,Nasdaq Global Select Market,N,100
ASPSW,Altisource Portfolio Solutions S.A. - Net Settle Stakeholder Warrants,stock,Warrant,Nasdaq Global Select Market,N,100
ASPSZ,Altisource Portfolio Solutions S.A. - Cash Exercise Stakeholder Warrants,stock,Warrant,Nasdaq Global Select Market,N,100
ASRV,AmeriServ Financial Inc. - Common Stock,stock,Common Stock,Nasdaq Global Market,N,100
ASST,"Strive, Inc. - Class A Common Stock",stock,Common Stock,Nasdaq Global Market,N,100
ASTC,Astrotech Corporation - Common Stock,stock,Common Stock,Nasdaq Capital Market,N,100
ASTE,"Astec Industries, Inc. - Common Stock",stock,Common Stock,Nasdaq Global Select Market,N,100
ASTH,Astrana Health Inc. - Common Stock,stock,Common Stock,Nasdaq Capital Market,N,100
ASTI,"Ascent Solar Technologies, Inc - Common Stock",stock,Common Stock,Nasdaq Capital Market,N,100
ASTL,Algoma Steel Group Inc. - Common Shares,stock,Common Stock,Nasdaq Global Market,N,100
ASTLW,Algoma Steel Group Inc. - Warrant,stock,Warrant,Nasdaq Global Market,N,100
ASTS,"AST SpaceMobile, Inc. - Class A Common Stock",stock,Common Stock,Nasdaq Global Select Market,N,100
ASUR,Asure Software Inc - Common Stock,stock,Common Stock,Nasdaq Capital Market,N,100
ASYS,"Amtech Systems, Inc. - Common Stock",stock,Common Stock,Nasdaq Global Select Market,N,100
ATAI,AtaiBeckley Inc. - Common Stock,stock,Common Stock,Nasdaq Global Market,N,100
ATAT,Atour Lifestyle Holdings Limited - American Depositary Shares,stock,Depositary Share,Nasdaq Global Select Market,N,100
ATC,GraniteShares Autocallable COIN ETF,etf,ETF,Nasdaq Global Market,N,100
ATCX,Atlas Critical Minerals Corporation - Common Stock,stock,Common Stock,Nasdaq Capital Market,N,100
ATEC,"Alphatec Holdings, Inc. - Common Stock",stock,Common Stock,Nasdaq Global Select Market,N,100
ATER,"Aterian, Inc. - Common Stock",stock,Common Stock,Nasdaq Capital Market,N,100
ATEX,Anterix Inc. - Common Stock,stock,Common Stock,Nasdaq Capital Market,N,100
ATGL,Alpha Technology Group Limited - Class A Ordinary Shares,stock,Ordinary Share,Nasdaq Capital Market,N,100
ATHE,Alterity Therapeutics Limited - American Depositary Shares,stock,Depositary Share,Nasdaq Capital Market,N,100
ATHR,"Aether Holdings, Inc. - Common Stock",stock,Common Stock,Nasdaq Capital Market,N,100
ATII,Archimedes Tech SPAC Partners II Co. - Ordinary Shares,stock,Ordinary Share,Nasdaq Global Market,N,100
ATIIU,Archimedes Tech SPAC Partners II Co. - Unit,stock,Unit,Nasdaq Global Market,N,100
ATIIW,Archimedes Tech SPAC Partners II Co. - Warrant,stock,Warrant,Nasdaq Global Market,N,100
ATLC,Atlanticus Holdings Corporation - Common Stock,stock,Common Stock,Nasdaq Global Select Market,N,100
ATLCL,Atlanticus Holdings Corporation - 6.125% Senior Notes due 2026,stock,Note,Nasdaq Global Market,N,100
ATLCP,"Atlanticus Holdings Corporation - 7.625% Series B Cumulative Perpetual Preferred Stock, no par value per share",stock,Preferred,Nasdaq Global Select Market,N,100
ATLCZ,Atlanticus Holdings Corporation - 9.25% Senior Notes due 2029,stock,Note,Nasdaq Global Market,N,100
ATLO,Ames National Corporation - Common Stock,stock,Common Stock,Nasdaq Capital Market,N,100
ATLX,Atlas Lithium Corporation - Common Stock,stock,Common Stock,Nasdaq Capital Market,N,100
ATNI,"ATN International, Inc. - Common Stock",stock,Common Stock,Nasdaq Global Select Market,N,100
ATOM,Atomera Incorporated - Common Stock,stock,Common Stock,Nasdaq Capital Market,N,100
ATOS,"Atossa Therapeutics, Inc. - Common Stock",stock,Common Stock,Nasdaq Capital Market,N,100
ATPC,Agape ATP Corporation - Common Stock,stock,Common Stock,Nasdaq Capital Market,N,100
ATRA,"Atara Biotherapeutics, Inc. - Common Stock",stock,Common Stock,Nasdaq Global Select Market,N,100
ATRC,"AtriCure, Inc. - Common Stock",stock,Common Stock,Nasdaq Global Market,N,100
ATRO,Astronics Corporation - Common Stock,stock,Common Stock,Nasdaq Global Select Market,N,100
ATTO,"Attovia Therapeutics, Inc. - Common Stock",stock,Common Stock,Nasdaq Global Market,N,100
ATXG,Addentax Group Corp. - Common Stock,stock,Common Stock,Nasdaq Capital Market,N,100
ATYR,"aTyr Pharma, Inc. - Common Stock",stock,Common Stock,Nasdaq Capital Market,D,100
AUBN,"Auburn National Bancorporation, Inc. - Common Stock",stock,Common Stock,Nasdaq Global Market,N,100
AUC,ATIF Holdings Limited - Ordinary Shares,stock,Ordinary Share,Nasdaq Capital Market,N,100
AUDC,AudioCodes Ltd. - Ordinary Shares,stock,Ordinary Share,Nasdaq Global Select Market,N,100
AUGO,Aura Minerals Inc. - Common Shares,stock,Common Stock,Nasdaq Global Select Market,N,100
AUID,authID Inc. - Common Stock,stock,Common Stock,Nasdaq Capital Market,N,100
AUMI,Themes Gold Miners ETF,etf,ETF,Nasdaq Global Market,N,100
AUPH,Aurinia Pharmaceuticals Inc - Common Shares,stock,Common Stock,Nasdaq Global Market,N,100
AUR,"Aurora Innovation, Inc.  - Class A Common Stock",stock,Common Stock,Nasdaq Global Select Market,N,100
AURA,"Aura Biosciences, Inc. - Common Stock",stock,Common Stock,Nasdaq Global Market,N,100
AURE,Aurelion Inc.  - Class A Ordinary Shares,stock,Ordinary Share,Nasdaq Capital Market,N,100
AUROW,"Aurora Innovation, Inc.  - Warrant",stock,Warrant,Nasdaq Global Select Market,N,100
AUTL,Autolus Therapeutics plc - American Depositary Shares,stock,Depositary Share,Nasdaq Global Select Market,N,100
AUUD,Auddia Inc. - Common Stock,stock,Common Stock,Nasdaq Capital Market,D,100
AVAH,Aveanna Healthcare Holdings Inc. - Common Stock,stock,Common Stock,Nasdaq Global Select Market,N,100
AVAT,Avalanche Treasury Corporation - Class A Common Stock,stock,Common Stock,Nasdaq Capital Market,N,100
AVAV,"AeroVironment, Inc. - Common Stock",stock,Common Stock,Nasdaq Global Select Market,N,100
AVBH,"Avidbank Holdings, Inc. - Common Stock",stock,Common Stock,Nasdaq Global Select Market,N,100
AVBP,"ArriVent BioPharma, Inc. - Common Stock",stock,Common Stock,Nasdaq Global Market,N,100
AVGB,Avantis Credit ETF,etf,ETF,Nasdaq Global Market,N,100
AVGG,Leverage Shares 2X Long AVGO Daily ETF,etf,ETF,Nasdaq Global Market,N,100
AVGO,Broadcom Inc. - Common Stock,stock,Common Stock,Nasdaq Global Select Market,N,40
AVGU,GraniteShares 2x Long AVGO Daily ETF,etf,ETF,Nasdaq Global Market,N,100
AVGX,Defiance Daily Target 2X Long AVGO ETF,etf,ETF,Nasdaq Global Market,N,100
AVIR,"Atea Pharmaceuticals, Inc. - common stock",stock,Common Stock,Nasdaq Global Select Market,N,100
AVL,Direxion Daily AVGO Bull 2X ETF,etf,ETF,Nasdaq Global Market,N,100
AVLN,Avalyn Pharma Inc. - common stock,stock,Common Stock,Nasdaq Global Select Market,N,100
AVNW,"Aviat Networks, Inc. - Common Stock",stock,Common Stock,Nasdaq Global Select Market,N,100
AVO,"Mission Produce, Inc. - Common Stock",stock,Common Stock,Nasdaq Global Select Market,N,100
AVOS,Avos Global Equities ETF,etf,ETF,Nasdaq Global Market,N,100
AVPT,"AvePoint, Inc. - Class A Common Stock",stock,Common Stock,Nasdaq Global Select Market,N,100
AVR,Anteris Technologies Global Corp. - Common Stock,stock,Common Stock,Nasdaq Global Market,N,100
AVS,Direxion Daily AVGO Bear 1X ETF,etf,ETF,Nasdaq Global Market,N,100
AVT,"Avnet, Inc. - Common Stock",stock,Common Stock,Nasdaq Global Select Market,N,100
AVTX,"Avalo Therapeutics, Inc. - Common Stock",stock,Common Stock,Nasdaq Capital Market,N,100
AVUQ,Avantis U.S. Quality ETF,etf,ETF,Nasdaq Global Market,N,100
AVX,Avax One Technology Ltd. - Common Shares,stock,Common Stock,Nasdaq Capital Market,N,100
AVXC,Avantis Emerging Markets ex-China Equity ETF,etf,ETF,Nasdaq Global Market,N,100
AVXL,Anavex Life Sciences Corp. - Common Stock,stock,Common Stock,Nasdaq Global Select Market,E,100
AVXX,Defiance Daily Target 2x Long AVAV ETF,etf,ETF,Nasdaq Global Market,N,100
AWRE,"Aware, Inc. - Common Stock",stock,Common Stock,Nasdaq Global Market,N,100
AXG,Solowin Holdings - Class A Ordinary Share,stock,Ordinary Share,Nasdaq Capital Market,N,100
AXGN,"Axogen, Inc. - Common Stock",stock,Common Stock,Nasdaq Capital Market,N,100
AXIN,Axiom Intelligence Acquisition Corp 1 - Class A Ordinary Shares,stock,Ordinary Share,Nasdaq Global Market,N,100
AXINR,Axiom Intelligence Acquisition Corp 1 - Right,stock,Right,Nasdaq Global Market,N,100
AXINU,Axiom Intelligence Acquisition Corp 1 - Units,stock,Unit,Nasdaq Global Market,N,100
AXON,"Axon Enterprise, Inc. - Common Stock",stock,Common Stock,Nasdaq Global Select Market,N,40
AXSM,"Axsome Therapeutics, Inc. - Common Stock",stock,Common Stock,Nasdaq Global Market,N,100
AXTI,AXT Inc - Common Stock,stock,Common Stock,Nasdaq Global Select Market,N,100
AYA,Aya Gold & Silver Inc. - Common Shares,stock,Common Stock,Nasdaq Global Select Market,N,100
AYTU,"Aytu BioPharma, Inc.  - Common Stock",stock,Common Stock,Nasdaq Capital Market,N,100
AZ,A2Z Cust2Mate Solutions Corp. - Common Shares,stock,Common Stock,Nasdaq Capital Market,N,100
AZI,Autozi Internet Technology (Global) Ltd. - Class A Ordinary Shares,stock,Ordinary Share,Nasdaq Capital Market,N,100
AZIO,"Azio AI Holdings, Inc. - Common stock",stock,Common Stock,Nasdaq Capital Market,D,100
AZTA,"Azenta, Inc. - Common Stock",stock,Common Stock,Nasdaq Global Select Market,N,100
AZYY,GraniteShares YieldBoost AMZN ETF,etf,ETF,Nasdaq Global Market,N,100
BABU,Direxion Daily BABA Bull 2X ETF,etf,ETF,Nasdaq Global Market,N,100
BABX,GraniteShares 2x Long BABA Daily ETF,etf,ETF,Nasdaq Global Market,N,100
BACC,Blue Acquisition Corp. - Class A Ordinary Shares,stock,Ordinary Share,Nasdaq Global Market,N,100
BACCR,Blue Acquisition Corp. - Right,stock,Right,Nasdaq Global Market,N,100
BACCU,Blue Acquisition Corp. - Unit,stock,Unit,Nasdaq Global Market,N,100
BAER,"Bridger Aerospace Group Holdings, Inc. - Common Stock",stock,Common Stock,Nasdaq Global Market,N,100
BAERW,"Bridger Aerospace Group Holdings, Inc. - Warrant",stock,Warrant,Nasdaq Global Market,N,100
BAFE,Brown Advisory Flexible Equity ETF,etf,ETF,Nasdaq Global Market,N,100
BAFN,BayFirst Financial Corp. - Common Stock,stock,Common Stock,Nasdaq Capital Market,N,100
BAIG,Leverage Shares 2X Long BBAI Daily ETF,etf,ETF,Nasdaq Global Market,N,100
BAIV,Brown Advisory International Value Select ETF,etf,ETF,Nasdaq Global Market,N,100
BALQ,iShares Nasdaq Premium Income Active ETF,etf,ETF,Nasdaq Global Market,N,100
BAND,Bandwidth Inc. - Class A Common Stock,stock,Common Stock,Nasdaq Global Select Market,N,100
BANF,BancFirst Corporation - Common Stock,stock,Common Stock,Nasdaq Global Select Market,N,100
BANFP,BancFirst Corporation - 7.2% Cumulative Trust Preferred Securities,stock,Preferred,Nasdaq Global Select Market,N,100
BANL,CBL International Limited - Class B Ordinary Shares,stock,Ordinary Share,Nasdaq Capital Market,N,100
BANR,Banner Corporation - Common Stock,stock,Common Stock,Nasdaq Global Select Market,N,100
BANX,ArrowMark Financial Corp. - Closed End Fund,stock,Closed-End Fund,Nasdaq Global Select Market,N,100
BAOS,Baosheng Media Group Holdings Limited - Ordinary shares,stock,Ordinary Share,Nasdaq Capital Market,N,100
BASG,Brown Advisory Sustainable Growth ETF,etf,ETF,Nasdaq Global Market,N,100
BASV,Brown Advisory Sustainable Value ETF,etf,ETF,Nasdaq Global Market,N,100
BATRA,"Atlanta Braves Holdings, Inc. - Series A Common Stock",stock,Common Stock,Nasdaq Global Select Market,N,100
BATRK,"Atlanta Braves Holdings, Inc. - Series C Common Stock",stock,Common Stock,Nasdaq Global Select Market,N,100
BBB,CYBER HORNET S&P 500 and Bitcoin 75/25 Strategy ETF,etf,ETF,Nasdaq Global Market,N,100
BBCP,"Concrete Pumping Holdings, Inc.  - Common Stock",stock,Common Stock,Nasdaq Capital Market,N,100
BBCQ,Bleichroeder Acquisition Corp. II - Class A Ordinary Shares,stock,Ordinary Share,Nasdaq Global Market,N,100
BBCQU,Bleichroeder Acquisition Corp. II - Units,stock,Unit,Nasdaq Global Market,N,100
BBCQW,Bleichroeder Acquisition Corp. II - Warrants,stock,Warrant,Nasdaq Global Market,N,100
BBGI,"Beasley Broadcast Group, Inc. - Class A Common Stock",stock,Common Stock,Nasdaq Capital Market,D,100
BBH,VanEck Biotech ETF,etf,ETF,Nasdaq Global Market,N,100
BBIO,"BridgeBio Pharma, Inc. - Common Stock",stock,Common Stock,Nasdaq Global Select Market,N,100
BBLG,Bone Biologics Corp - Common Stock,stock,Common Stock,Nasdaq Capital Market,N,100
BBLGW,Bone Biologics Corp - warrants,stock,Warrant,Nasdaq Capital Market,N,100
BBNX,"Beta Bionics, Inc. - Common Stock",stock,Common Stock,Nasdaq Global Market,N,100
BBOT,"BridgeBio Oncology Therapeutics, Inc. - Common Stock",stock,Common Stock,Nasdaq Global Market,N,100
BBSI,"Barrett Business Services, Inc. - Common Stock",stock,Common Stock,Nasdaq Global Select Market,N,100
BBUL,GraniteShares 2x Long BB Daily ETF,etf,ETF,Nasdaq Global Market,N,100
BBYY,GraniteShares YieldBOOST BABA ETF,etf,ETF,Nasdaq Global Market,N,100
BCAB,"BioAtla, Inc. - Common Stock",stock,Common Stock,Nasdaq Capital Market,D,100
BCAL,California BanCorp - Common Stock,stock,Common Stock,Nasdaq Capital Market,N,100
BCAR,D. Boral ARC Acquisition I Corp. - Class A Ordinary Shares,stock,Ordinary Share,Nasdaq Global Market,N,100
BCARU,D. Boral ARC Acquisition I Corp. - Units,stock,Unit,Nasdaq Global Market,N,100
BCARW,D. Boral ARC Acquisition I Corp. - Warrant,stock,Warrant,Nasdaq Global Market,N,100
BCAX,Bicara Therapeutics Inc. - Common Stock,stock,Common Stock,Nasdaq Global Market,N,100
BCBP,"BCB Bancorp, Inc. (NJ) - Common Stock",stock,Common Stock,Nasdaq Global Market,N,100
BCCQ,Bleichroeder Acquisition Corp. III - Class A Ordinary Shares,stock,Ordinary Share,Nasdaq Global Market,N,100
BCCQU,Bleichroeder Acquisition Corp. III - Units,stock,Unit,Nasdaq Global Market,N,100
BCCQW,Bleichroeder Acquisition Corp. III - Warrant,stock,Warrant,Nasdaq Global Market,N,100
BCDA,"BioCardia, Inc. - Common Stock",stock,Common Stock,Nasdaq Capital Market,D,100
BCFN,Baron Financials ETF,etf,ETF,Nasdaq Global Market,N,100
BCG,"Binah Capital Group, Inc. - Common Stock",stock,Common Stock,Nasdaq Global Market,N,100
BCGWW,"Binah Capital Group, Inc. - Warrants",stock,Warrant,Nasdaq Capital Market,N,100
BCIC,BCP Investment Corporation - Closed End Fund,stock,Closed-End Fund,Nasdaq Global Select Market,N,100
BCLO,iShares BBB-B CLO Active ETF,etf,ETF,Nasdaq Global Market,N,100
BCML,BayCom Corp - Common Stock,stock,Common Stock,Nasdaq Global Select Market,N,100
BCPC,Balchem Corporation - Common Stock,stock,Common Stock,Nasdaq Global Select Market,N,100
BCRX,"BioCryst Pharmaceuticals, Inc. - Common Stock",stock,Common Stock,Nasdaq Global Select Market,N,100
BCTK,Baron Technology ETF,etf,ETF,Nasdaq Global Market,N,100
BCTX,BriaCell Therapeutics Corp. - Common Shares,stock,Common Stock,Nasdaq Capital Market,N,100
BCTXL,BriaCell Therapeutics Corp. - Warrants,stock,Warrant,Nasdaq Capital Market,N,100
BCTXZ,BriaCell Therapeutics Corp. - Warrant,stock,Warrant,Nasdaq Capital Market,N,100
BCYC,Bicycle Therapeutics plc - American Depositary Shares,stock,Depositary Share,Nasdaq Global Select Market,N,100
BDCI,BTC Development Corp. - Class A Ordinary Shares,stock,Ordinary Share,Nasdaq Global Market,N,100
BDCIU,BTC Development Corp. - Unit,stock,Unit,Nasdaq Global Market,N,100
BDCIW,BTC Development Corp. - Warrant,stock,Warrant,Nasdaq Global Market,N,100
BDGS,Bridges Capital Tactical ETF,etf,ETF,Nasdaq Global Market,N,100
BDMD,Baird Medical Investment Holdings Ltd - Ordinary Share,stock,Ordinary Share,Nasdaq Capital Market,N,100
BDMDW,Baird Medical Investment Holdings Ltd - Warrant,stock,Warrant,Nasdaq Capital Market,N,100
BDRX,Biodexa Pharmaceuticals plc - American Depositary Shares,stock,Depositary Share,Nasdaq Capital Market,N,100
BDSX,"Biodesix, Inc. - Common Stock",stock,Common Stock,Nasdaq Global Market,N,100
BDTX,"Black Diamond Therapeutics, Inc. - Common Stock",stock,Common Stock,Nasdaq Global Select Market,N,100
BDVL,iShares Disciplined Volatility Equity Active ETF,etf,ETF,Nasdaq Global Market,N,100
BDYN,iShares Dynamic Equity Active ETF,etf,ETF,Nasdaq Global Market,N,100
BEAG,Bold Eagle Acquisition Corp. - Class A Ordinary Shares,stock,Ordinary Share,Nasdaq Global Market,N,100
BEAGR,Bold Eagle Acquisition Corp. - Right,stock,Right,Nasdaq Global Market,N,100
BEAGU,Bold Eagle Acquisition Corp. - Units,stock,Unit,Nasdaq Global Market,N,100
BEAM,Beam Therapeutics Inc. - Common Stock,stock,Common Stock,Nasdaq Global Select Market,N,100
BEAT,"Heartbeam, Inc. - Common Stock",stock,Common Stock,Nasdaq Capital Market,D,100
BEATW,"Heartbeam, Inc. - Warrant",stock,Warrant,Nasdaq Capital Market,N,100
BEDY,BNY Mellon Enhanced Dividend and Income ETF,etf,ETF,Nasdaq Global Market,N,100
BEEM,Beam Global - Common Stock,stock,Common Stock,Nasdaq Capital Market,N,100
BEEP,Mobile Infrastructure Corporation - Common Stock,stock,Common Stock,Nasdaq Global Market,N,100
BEEX,The Beehive ETF,etf,ETF,Nasdaq Global Market,N,100
BEEZ,Honeytree U.S. Equity ETF,etf,ETF,Nasdaq Global Market,N,100
BEG,Leverage Shares 2x Long BE Daily ETF,etf,ETF,Nasdaq Global Market,N,100
BELFA,Bel Fuse Inc. - Class A Common Stock,stock,Common Stock,Nasdaq Global Select Market,N,100
BELFB,Bel Fuse Inc. - Class B Common Stock,stock,Common Stock,Nasdaq Global Select Market,N,100
BELT,iShares U.S. Select Equity Active ETF,etf,ETF,Nasdaq Global Market,N,100
BENF,Beneficient - Class A Common Stock,stock,Common Stock,Nasdaq Capital Market,N,100
BENFW,Beneficient - Warrant,stock,Warrant,Nasdaq Capital Market,N,100
BESO,GSR Crypto Core3 ETF,etf,ETF,Nasdaq Global Market,N,100
BETR,Better Home & Finance Holding Company - Class A Common Stock,stock,Common Stock,Nasdaq Global Market,N,100
BETRW,Better Home & Finance Holding Company - Warrant,stock,Warrant,Nasdaq Global Market,N,100
BFC,Bank First Corporation - Common Stock,stock,Common Stock,Nasdaq Capital Market,N,100
BFLX,iShares Flexible Equity Active ETF,etf,ETF,Nasdaq Global Market,N,100
BFRG,"Bullfrog AI Holdings, Inc. - Common Stock",stock,Common Stock,Nasdaq Capital Market,D,100
BFRGW,"Bullfrog AI Holdings, Inc. - Warrants",stock,Warrant,Nasdaq Capital Market,N,100
BFRI,Biofrontera Inc. - Common Stock,stock,Common Stock,Nasdaq Capital Market,N,100
BFRIW,Biofrontera Inc. - Warrants,stock,Warrant,Nasdaq Capital Market,N,100
BFST,"Business First Bancshares, Inc. - Common Stock",stock,Common Stock,Nasdaq Global Select Market,N,100
BGC,"BGC Group, Inc. - Class A Common Stock",stock,Common Stock,Nasdaq Global Select Market,N,100
BGCG,Baillie Gifford International Concentrated Growth ETF,etf,ETF,Nasdaq Global Market,N,100
BGDE,"Big Digital Energy, Inc. - Common Stock",stock,Common Stock,Nasdaq Capital Market,N,100
BGEG,Baillie Gifford Emerging Markets ETF,etf,ETF,Nasdaq Global Market,N,100
BGGG,Baillie Gifford Long Term Global Growth ETF,etf,ETF,Nasdaq Global Market,N,100
BGIA,Baillie Gifford International Alpha ETF,etf,ETF,Nasdaq Global Market,N,100
BGIN,Bgin Blockchain Limited - Class A Ordinary Shares,stock,Ordinary Share,Nasdaq Global Market,N,100
BGL,Blue Gold Limited - Class A ordinary shares,stock,Ordinary Share,Nasdaq Global Market,D,100
BGLC,BioNexus Gene Lab Corp - Common stock,stock,Common Stock,Nasdaq Capital Market,N,100
BGLWW,Blue Gold Limited - Warrant,stock,Warrant,Nasdaq Capital Market,N,100
BGM,BGM Group Ltd. - Class A Ordinary Shares,stock,Ordinary Share,Nasdaq Capital Market,D,100
BGMS,"Bio Green Med Solution, Inc. - Common Stock",stock,Common Stock,Nasdaq Capital Market,N,100
BGRN,iShares USD Green Bond ETF,etf,ETF,Nasdaq Global Market,N,100
BGRO,iShares Large Cap Growth Active ETF,etf,ETF,Nasdaq Global Market,N,100
BGUS,Baillie Gifford U.S. Equity Growth ETF,etf,ETF,Nasdaq Global Market,N,100
BHAV,BHAV Acquisition Corp - Class A Ordinary Shares,stock,Ordinary Share,Nasdaq Global Market,N,100
BHAVR,BHAV Acquisition Corp - Rights,stock,Right,Nasdaq Global Market,N,100
BHAVU,BHAV Acquisition Corp - Units,stock,Unit,Nasdaq Global Market,N,100
BHDG,Nicholas Bitcoin Tail ETF,etf,ETF,Nasdaq Global Market,N,100
BHF,"Brighthouse Financial, Inc. - Common Stock",stock,Common Stock,Nasdaq Global Select Market,N,100
BHFAL,"Brighthouse Financial, Inc. - Junior Subordinated Debentures due 2058",stock,Nasdaq Listed Security,Nasdaq Global Select Market,N,100
BHFAM,"Brighthouse Financial, Inc. - Depositary shares each representing a 1/1,000th Interest in a Share of 4.625% Non-Cumulative Preferred Stock, Series D",stock,Preferred,Nasdaq Global Select Market,N,100
BHFAN,"Brighthouse Financial, Inc. - depositary shares, each representing a 1/1,000th interest in a share of 5.375% Non-Cumulative Preferred Stock, Series C",stock,Preferred,Nasdaq Global Select Market,N,100
BHFAO,"Brighthouse Financial, Inc. - Depositary Shares, each representing a 1/1,000th interest in a share of 6.750% Non-Cumulative Preferred Stock, Series B",stock,Preferred,Nasdaq Global Select Market,N,100
BHFAP,"Brighthouse Financial, Inc. - Depositary Shares 6.6% Non-Cumulative Preferred Stock, Series A",stock,Preferred,Nasdaq Global Select Market,N,100
BHRB,Burke & Herbert Financial Services Corp. - Common Stock,stock,Common Stock,Nasdaq Capital Market,N,100
BHST,BioHarvest Sciences Inc. - Common Stock,stock,Common Stock,Nasdaq Global Market,N,100
BIAF,"bioAffinity Technologies, Inc. - Common Stock",stock,Common Stock,Nasdaq Capital Market,N,100
BIAFW,"bioAffinity Technologies, Inc. - Warrant",stock,Warrant,Nasdaq Capital Market,N,100
BIB,ProShares Ultra Nasdaq Biotechnology,etf,ETF,Nasdaq Global Market,N,100
BID,Tribeca Strategic Acquisition Corp. - Class A Ordinary Shares,stock,Ordinary Share,Nasdaq Global Market,N,100
BIDG,Leverage Shares 2X Long BIDU Daily ETF,etf,ETF,Nasdaq Global Market,N,100
BIDU,"Baidu, Inc. - American Depositary Shares, each representing 8 ordinary share",stock,Depositary Share,Nasdaq Global Select Market,N,100
BIDWR,Tribeca Strategic Acquisition Corp. - Rights,stock,Right,Nasdaq Global Market,N,100
BIDWU,Tribeca Strategic Acquisition Corp. - Unit,stock,Unit,Nasdaq Global Market,N,100
BIIB,Biogen Inc. - Common Stock,stock,Common Stock,Nasdaq Global Select Market,N,100
BILI,Bilibili Inc. - American Depositary Shares,stock,Depositary Share,Nasdaq Global Select Market,N,100
BIOA,"BioAge Labs, Inc. - Common Stock",stock,Common Stock,Nasdaq Global Select Market,N,100
BIOT,Instinct Bio Technical Company Holdings Inc. - Common stock,stock,Common Stock,Nasdaq Global Market,N,100
BIOTW,Instinct Bio Technical Company Holdings Inc. - Warrants,stock,Warrant,Nasdaq Global Market,N,100
BIOX,Bioceres Crop Solutions Corp. - Ordinary Shares,stock,Ordinary Share,Nasdaq Global Select Market,D,100
BIOY,GraniteShares YieldBOOST Biotech ETF,etf,ETF,Nasdaq Global Market,N,100
BIRD,"Smartbird, Inc. - Class A Common Stock",stock,Common Stock,Nasdaq Global Select Market,N,100
BIS,ProShares UltraShort Nasdaq Biotechnology,etf,ETF,Nasdaq Global Market,N,100
BITA,iShares Bitcoin Premium Income ETF,etf,ETF,Nasdaq Global Market,N,100
BITS,Global X Blockchain & Bitcoin Strategy ETF,etf,ETF,Nasdaq Global Market,N,100
BIVI,BioVie Inc. - Common stock,stock,Common Stock,Nasdaq Capital Market,N,100
BIVIW,BioVie Inc. - Warrant,stock,Warrant,Nasdaq Capital Market,N,100
BIXI,Bitcoin Infrastructure Acquisition Corp Ltd. - Class A Ordinary Shares,stock,Ordinary Share,Nasdaq Global Market,N,100
BIXIU,Bitcoin Infrastructure Acquisition Corp Ltd. - Units,stock,Unit,Nasdaq Global Market,N,100
BIXIW,Bitcoin Infrastructure Acquisition Corp Ltd. - Warrants,stock,Warrant,Nasdaq Global Market,N,100
BIYA,Baiya International Group Inc.  - Ordinary Shares,stock,Ordinary Share,Nasdaq Capital Market,N,100
BJDX,"Bluejay Diagnostics, Inc. - Common Stock",stock,Common Stock,Nasdaq Capital Market,N,100
BJRI,"BJ's Restaurants, Inc. - Common Stock",stock,Common Stock,Nasdaq Global Select Market,N,100
BKCH,Global X Blockchain ETF,etf,ETF,Nasdaq Global Market,N,100
BKHA,Black Hawk Acquisition Corporation - Class A Ordinary Shares,stock,Ordinary Share,Nasdaq Global Market,D,100
BKHAR,Black Hawk Acquisition Corporation - Rights,stock,Right,Nasdaq Global Market,D,100
BKHAU,Black Hawk Acquisition Corporation - Units,stock,Unit,Nasdaq Global Market,D,100
BKMI,BNY Mellon Municipal Intermediate ETF,etf,ETF,Nasdaq Global Market,N,100
BKMS,BNY Mellon Municipal Short Duration ETF,etf,ETF,Nasdaq Global Market,N,100
BKNG,Booking Holdings Inc. - Common Stock,stock,Common Stock,Nasdaq Global Select Market,N,10
BKR,Baker Hughes Company - Common Stock,stock,Common Stock,Nasdaq Global Select Market,N,100
BKYI,"BIO-key International, Inc. - Common Stock",stock,Common Stock,Nasdaq Capital Market,N,100
BL,"BlackLine, Inc. - Common Stock",stock,Common Stock,Nasdaq Global Select Market,N,100
BLBD,Blue Bird Corporation - Common Stock,stock,Common Stock,Nasdaq Global Market,N,100
BLCR,iShares Large Cap Core Active ETF,etf,ETF,Nasdaq Global Market,N,100
BLDP,"Ballard Power Systems, Inc. - Common Shares",stock,Common Stock,Nasdaq Global Market,N,100
BLFS,"BioLife Solutions, Inc. - Common Stock",stock,Common Stock,Nasdaq Capital Market,N,100
BLIN,"Bridgeline Digital, Inc. - Common Stock",stock,Common Stock,Nasdaq Capital Market,N,100
BLIV,BeLive Holdings - ordinary shares,stock,Ordinary Share,Nasdaq Capital Market,N,100
BLKB,"Blackbaud, Inc. - Common Stock",stock,Common Stock,Nasdaq Global Select Market,N,100
BLLN,"BillionToOne, Inc. - Class A common stock",stock,Common Stock,Nasdaq Global Select Market,N,100
BLMN,"Bloomin' Brands, Inc. - Common Stock",stock,Common Stock,Nasdaq Global Select Market,N,100
BLNE,"Beeline Holdings, Inc. - Common Stock",stock,Common Stock,Nasdaq Capital Market,N,100
BLNK,Blink Charging Co. - Common Stock,stock,Common Stock,Nasdaq Capital Market,D,100
BLRK,Bluerock Acquisition Corp. - Class A Ordinary Shares,stock,Ordinary Share,Nasdaq Global Market,N,100
BLRKU,Bluerock Acquisition Corp. - Units,stock,Unit,Nasdaq Global Market,N,100
BLRKW,Bluerock Acquisition Corp. - Warrants,stock,Warrant,Nasdaq Global Market,N,100
BLRX,BioLineRx Ltd. - American Depositary Shares,stock,Depositary Share,Nasdaq Capital Market,N,100
BLSG,Leverage Shares 2X Long BLSH Daily ETF,etf,ETF,Nasdaq Global Market,N,100
BLTE,"Belite Bio, Inc - American Depositary Shares",stock,Depositary Share,Nasdaq Capital Market,N,100
BLUW,Blue Water Acquisition Corp. III - Class A Ordinary Shares,stock,Ordinary Share,Nasdaq Global Market,N,100
BLUWU,Blue Water Acquisition Corp. III - Unit.,stock,Unit,Nasdaq Global Market,N,100
BLUWW,Blue Water Acquisition Corp. III - Warrant.,stock,Warrant,Nasdaq Global Market,N,100
BLZE,"Backblaze, Inc. - Common Stock",stock,Common Stock,Nasdaq Global Market,N,100
BLZR,Trailblazer Acquisition Corp. - Class A Ordinary Shares,stock,Ordinary Share,Nasdaq Global Market,N,100
BLZRU,Trailblazer Acquisition Corp. - Unit,stock,Unit,Nasdaq Global Market,N,100
BLZRW,Trailblazer Acquisition Corp. - Warrant,stock,Warrant,Nasdaq Global Market,N,100
BMBL,Bumble Inc. - common stock,stock,Common Stock,Nasdaq Global Select Market,N,100
BMEA,"Biomea Fusion, Inc. - Common Stock",stock,Common Stock,Nasdaq Global Select Market,N,100
BMGL,Basel Medical Group Ltd - ordinary shares,stock,Ordinary Share,Nasdaq Capital Market,N,100
BMHL,Bluemount Holdings Limited - Class B Ordinary Shares,stock,Ordinary Share,Nasdaq Capital Market,N,100
BMM,Blue Moon Metals Inc. - Common Shares,stock,Common Stock,Nasdaq Capital Market,N,100
BMNG,Leverage Shares 2X Long BMNR Daily ETF,etf,ETF,Nasdaq Global Market,N,100
BMOP,BNY Mellon Municipal Opportunities ETF,etf,ETF,Nasdaq Global Market,N,100
BMR,Beamr Imaging Ltd. - Ordinary Share,stock,Ordinary Share,Nasdaq Capital Market,N,100
BMRA,"Biomerica, Inc. - Common Stock",stock,Common Stock,Nasdaq Capital Market,N,100
BMRC,Bank of Marin Bancorp - Common Stock,stock,Common Stock,Nasdaq Global Select Market,N,100
BMRN,BioMarin Pharmaceutical Inc. - Common Stock,stock,Common Stock,Nasdaq Global Select Market,N,100
BNAI,Brand Engagement Network Inc. - Common Stock,stock,Common Stock,Nasdaq Capital Market,N,100
BNAIW,Brand Engagement Network Inc. - Warrant,stock,Warrant,Nasdaq Capital Market,N,100
BNC,CEA Industries Inc. - Common Stock,stock,Common Stock,Nasdaq Capital Market,N,100
BNCWW,CEA Industries Inc. - Warrant,stock,Warrant,Nasdaq Capital Market,N,100
BNCWZ,CEA Industries Inc. - Warrants,stock,Warrant,Nasdaq Capital Market,N,100
BND,Vanguard Total Bond Market ETF,etf,ETF,Nasdaq Global Market,N,100
BNDP,Vanguard Core-Plus Bond Index ETF,etf,ETF,Nasdaq Global Market,N,100
BNDW,Vanguard Total World Bond ETF,etf,ETF,Nasdaq Global Market,N,100
BNDX,Vanguard Total International Bond ETF,etf,ETF,Nasdaq Global Market,N,100
BNGO,"Bionano Genomics, Inc. - Common Stock",stock,Common Stock,Nasdaq Capital Market,N,100
BNKK,"Bonk, Inc. - Common Stock",stock,Common Stock,Nasdaq Capital Market,N,100
BNR,Burning Rock Biotech Limited - American Depositary Shares,stock,Depositary Share,Nasdaq Global Market,N,100
BNRG,Brenmiller Energy Ltd - Ordinary Shares,stock,Ordinary Share,Nasdaq Capital Market,N,100
BNTC,Benitec Biopharma Inc. - Common Stock,stock,Common Stock,Nasdaq Capital Market,N,100
BNTX,BioNTech SE - American Depositary Shares,stock,Depositary Share,Nasdaq Global Select Market,N,100
BNZI,"Banzai International, Inc. - Class A Common Stock",stock,Common Stock,Nasdaq Capital Market,N,100
BNZIW,"Banzai International, Inc. - Warrant",stock,Warrant,Nasdaq Capital Market,N,100
BODI,"The Beachbody Company, Inc. - Class A Common Stock",stock,Common Stock,Nasdaq Capital Market,N,100
BOEG,Leverage Shares 2X Long BA Daily ETF,etf,ETF,Nasdaq Global Market,N,100
BOEU,Direxion Daily BA Bull 2X ETF,etf,ETF,Nasdaq Global Market,N,100
BOF,BranchOut Food Inc. - Common Stock,stock,Common Stock,Nasdaq Capital Market,N,100
BOKF,BOK Financial Corporation - Common Stock,stock,Common Stock,Nasdaq Global Select Market,N,100
BOLD,"Boundless Bio, Inc. - Common Stock",stock,Common Stock,Nasdaq Global Select Market,N,100
BOLT,"Bolt Biotherapeutics, Inc. - Common Stock",stock,Common Stock,Nasdaq Capital Market,N,100
BON,Bon Natural Life Limited - Class A Ordinary Shares,stock,Ordinary Share,Nasdaq Capital Market,N,100
BOOM,DMC Global Inc. - Common Stock,stock,Common Stock,Nasdaq Global Select Market,N,100
BOSC,B.O.S. Better Online Solutions - Ordinary Shares,stock,Ordinary Share,Nasdaq Capital Market,N,100
BOT,"RoboStrategy, Inc. - Common Stock",stock,Common Stock,Nasdaq Global Market,N,100
BOTJ,"Bank of the James Financial Group, Inc. - Common Stock",stock,Common Stock,Nasdaq Capital Market,N,100
BOTT,Themes Humanoid Robotics ETF,etf,ETF,Nasdaq Global Market,N,100
BOTZ,Global X Robotics & Artificial Intelligence ETF,etf,ETF,Nasdaq Global Market,N,100
BOXL,Boxlight Corporation - Class A Common Stock,stock,Common Stock,Nasdaq Capital Market,D,100
BPAC,Blueport Acquisition Ltd - Class A Ordinary Shares,stock,Ordinary Share,Nasdaq Capital Market,N,100
BPACR,Blueport Acquisition Ltd - Rights,stock,Right,Nasdaq Capital Market,N,100
BPACU,Blueport Acquisition Ltd - Units,stock,Unit,Nasdaq Capital Market,N,100
BPOP,"Popular, Inc. - Common Stock",stock,Common Stock,Nasdaq Global Select Market,N,100
BPOPM,"Popular, Inc. - Popular Capital Trust II - 6.125% Cumulative Monthly Income Trust Preferred Securities",stock,Preferred,Nasdaq Global Select Market,N,100
BPRN,"Princeton Bancorp, Inc. - Common Stock",stock,Common Stock,Nasdaq Global Select Market,N,100
BPYPM,"Brookfield Property Partners L.P. - 6.25% Class A Cumulative Redeemable Preferred Units, Series 1",stock,Unit,Nasdaq Global Select Market,N,100
BPYPN,"Brookfield Property Partners L.P. - 5.750% Class A Cumulative Redeemable Perpetual Preferred Units, Series 3",stock,Unit,Nasdaq Global Select Market,N,100
BPYPO,"Brookfield Property Partners L.P. - 6.375% Class A Cumulative Redeemable Perpetual Preferred Units, Series 2",stock,Unit,Nasdaq Global Select Market,N,100
BPYPP,Brookfield Property Partners L.P. - 6.50% Class A Cumulative Redeemable Perpetual Preferred Units,stock,Unit,Nasdaq Global Select Market,N,100
BRAG,Bragg Gaming Group Inc. - Common Shares,stock,Common Stock,Nasdaq Global Select Market,N,100
BRAI,Braiin Limited - Common Stock,stock,Common Stock,Nasdaq Global Market,N,100
BRBI,BRBI BR Partners S.A. - ADSs,stock,Nasdaq Listed Security,Nasdaq Capital Market,N,100
BRCB,"Black Rock Coffee Bar, Inc. - Class A Common Stock",stock,Common Stock,Nasdaq Global Market,N,100
BREM,iShares Emerging Markets Bond Active ETF,etf,ETF,Nasdaq Global Market,N,100
BRES,Burney U.S. Equity Select ETF,etf,ETF,Nasdaq Global Market,N,100
BREZ,Breeze Acquisition Corp. II - Ordinary Shares,stock,Ordinary Share,Nasdaq Global Market,N,100
BREZR,Breeze Acquisition Corp. II - Rights,stock,Right,Nasdaq Global Market,N,100
BRFH,Barfresh Food Group Inc. - Common Stock,stock,Common Stock,Nasdaq Capital Market,N,100
BRHY,iShares High Yield Active ETF,etf,ETF,Nasdaq Global Market,N,100
BRID,Bridgford Foods Corporation - Common Stock,stock,Common Stock,Nasdaq Global Market,N,100
BRKH,Burtech Acquisition Corp II - Class A Ordinary Shares,stock,Ordinary Share,Nasdaq Capital Market,N,100
BRKHU,Burtech Acquisition Corp II - Units,stock,Unit,Nasdaq Capital Market,N,100
BRKHW,Burtech Acquisition Corp II - Warrants,stock,Warrant,Nasdaq Capital Market,N,100
BRKR,Bruker Corporation - Common Stock,stock,Common Stock,Nasdaq Global Select Market,N,100
BRKRP,"Bruker Corporation - 6.375% Mandatory Convertible Preferred Stock, Series A",stock,Preferred,Nasdaq Global Select Market,N,40
BRKU,Direxion Daily BRKB Bull 2X ETF,etf,ETF,Nasdaq Global Market,N,100
BRLS,Borealis Foods Inc. - Class A Common Shares,stock,Common Stock,Nasdaq Capital Market,D,100
BRLSW,Borealis Foods Inc. - Warrant,stock,Warrant,Nasdaq Capital Market,D,100
BRLT,"Brilliant Earth Group, Inc. - Class A Common Stock",stock,Common Stock,Nasdaq Global Market,N,100
BRNS,Barinthus Biotherapeutics plc - American Depositary Shares,stock,Depositary Share,Nasdaq Capital Market,D,100
BRNY,Burney U.S. Factor Rotation ETF,etf,ETF,Nasdaq Global Market,N,100
BRR,"ProCap Financial, Inc. - Common Stock",stock,Common Stock,Nasdaq Global Market,N,100
BRRR,Coinshares Bitcoin ETF,etf,ETF,Nasdaq Global Market,N,100
BRRWW,"ProCap Financial, Inc. - Warrant.",stock,Warrant,Nasdaq Capital Market,N,100
BRTMU,B&R Technology Merger Corp. - Units,stock,Unit,Nasdaq Global Market,N,100
BRTR,iShares Total Return Active ETF,etf,ETF,Nasdaq Global Market,N,100
BRTX,"BioRestorative Therapies, Inc. - Common Stock",stock,Common Stock,Nasdaq Capital Market,D,100
BRUN,Boost Run Inc. - Class A Common Stock,stock,Common Stock,Nasdaq Global Market,N,100
BRUNW,Boost Run Inc. - Warrant,stock,Warrant,Nasdaq Capital Market,N,100
BRZE,"Braze, Inc. - Class A Common Stock",stock,Common Stock,Nasdaq Global Select Market,N,100
BSAA,BEST SPAC I Acquisition Corp. - Class A Ordinary Shares,stock,Ordinary Share,Nasdaq Capital Market,N,100
BSAAR,BEST SPAC I Acquisition Corp. - Rights,stock,Right,Nasdaq Capital Market,N,100
BSAAU,BEST SPAC I Acquisition Corp. - Unit,stock,Unit,Nasdaq Capital Market,N,100
BSBK,Bogota Financial Corp. - Common Stock,stock,Common Stock,Nasdaq Capital Market,N,100
BSCA,Invesco BulletShares 2036 Corporate Bond ETF,etf,ETF,Nasdaq Global Market,N,100
BSCQ,Invesco BulletShares 2026 Corporate Bond ETF,etf,ETF,Nasdaq Global Market,N,100
BSCR,Invesco BulletShares 2027 Corporate Bond ETF,etf,ETF,Nasdaq Global Market,N,100
BSCS,Invesco BulletShares 2028 Corporate Bond ETF,etf,ETF,Nasdaq Global Market,N,100
BSCT,Invesco BulletShares 2029 Corporate Bond ETF,etf,ETF,Nasdaq Global Market,N,100
BSCU,Invesco BulletShares 2030 Corporate Bond ETF,etf,ETF,Nasdaq Global Market,N,100
BSCV,Invesco BulletShares 2031 Corporate Bond ETF,etf,ETF,Nasdaq Global Market,N,100
BSCW,Invesco BulletShares 2032 Corporate Bond ETF,etf,ETF,Nasdaq Global Market,N,100
BSCX,Invesco BulletShares 2033 Corporate Bond ETF,etf,ETF,Nasdaq Global Market,N,100
BSCY,Invesco BulletShares 2034 Corporate Bond ETF,etf,ETF,Nasdaq Global Market,N,100
BSCZ,Invesco BulletShares 2035 Corporate Bond ETF,etf,ETF,Nasdaq Global Market,N,100
BSET,"Bassett Furniture Industries, Incorporated - Common Stock",stock,Common Stock,Nasdaq Global Select Market,N,100
BSGR,Invesco BulletShares 2027 Treasury Bond ETF,etf,ETF,Nasdaq Global Market,N,100
BSGT,Invesco BulletShares 2029 Treasury Bond ETF,etf,ETF,Nasdaq Global Market,N,100
BSIN,Big Sky Industrial Inc. - Common Stock,stock,Common Stock,Nasdaq Capital Market,N,100
BSJQ,Invesco BulletShares 2026 High Yield Corporate Bond ETF,etf,ETF,Nasdaq Global Market,N,100
BSJR,Invesco BulletShares 2027 High Yield Corporate Bond ETF,etf,ETF,Nasdaq Global Market,N,100
BSJS,Invesco BulletShares 2028 High Yield Corporate Bond ETF,etf,ETF,Nasdaq Global Market,N,100
BSJT,Invesco BulletShares 2029 High Yield Corporate Bond ETF,etf,ETF,Nasdaq Global Market,N,100
BSJU,Invesco BulletShares 2030 High Yield Corporate Bond ETF,etf,ETF,Nasdaq Global Market,N,100
BSJV,Invesco BulletShares 2031 High Yield Corporate Bond ETF,etf,ETF,Nasdaq Global Market,N,100
BSJW,Invesco BulletShares 2032 High Yield Corporate Bond ETF,etf,ETF,Nasdaq Global Market,N,100
BSJX,Invesco BulletShares 2033 High Yield Corporate Bond ETF,etf,ETF,Nasdaq Global Market,N,100
BSJY,Invesco BulletShares 2034 High Yield Corporate Bond ETF,etf,ETF,Nasdaq Global Market,N,100
BSMQ,Invesco BulletShares 2026 Municipal Bond ETF,etf,ETF,Nasdaq Global Market,N,100
BSMR,Invesco BulletShares 2027 Municipal Bond ETF,etf,ETF,Nasdaq Global Market,N,100
BSMS,Invesco BulletShares 2028 Municipal Bond ETF,etf,ETF,Nasdaq Global Market,N,100
BSMT,Invesco BulletShares 2029 Municipal Bond ETF,etf,ETF,Nasdaq Global Market,N,100
BSMU,Invesco BulletShares 2030 Municipal Bond ETF,etf,ETF,Nasdaq Global Market,N,100
BSMV,Invesco BulletShares 2031 Municipal Bond ETF,etf,ETF,Nasdaq Global Market,N,100
BSMW,Invesco BulletShares 2032 Municipal Bond ETF,etf,ETF,Nasdaq Global Market,N,100
BSMY,Invesco BulletShares 2034 Municipal Bond ETF,etf,ETF,Nasdaq Global Market,N,100
BSMZ,Invesco BulletShares 2035 Municipal Bond ETF,etf,ETF,Nasdaq Global Market,N,100
BSP,Bending Spoons S.p.A. - Ordinary Shares,stock,Ordinary Share,Nasdaq Global Select Market,N,100
BSRR,Sierra Bancorp - Common Stock,stock,Common Stock,Nasdaq Global Select Market,N,100
BSSX,Invesco BulletShares 2033 Municipal Bond ETF,etf,ETF,Nasdaq Global Market,N,100
BSTS,Invesco BulletShares 2028 Treasury Bond ETF,etf,ETF,Nasdaq Global Market,N,100
BSTU,Invesco BulletShares 2030 Treasury Bond ETF,etf,ETF,Nasdaq Global Market,N,100
BSTV,Invesco BulletShares 2031 Treasury Bond ETF,etf,ETF,Nasdaq Global Market,N,100
BSVN,Bank7 Corp. - Common stock,stock,Common Stock,Nasdaq Global Select Market,N,100
BSVO,EA Bridgeway Omni Small-Cap Value ETF,etf,ETF,Nasdaq Global Market,N,100
BSY,"Bentley Systems, Incorporated - Class B Common Stock",stock,Common Stock,Nasdaq Global Select Market,N,100
BTAI,"BioXcel Therapeutics, Inc. - Common Stock",stock,Common Stock,Nasdaq Capital Market,N,100
BTBD,"BT Brands, Inc. - Common Stock",stock,Common Stock,Nasdaq Capital Market,N,100
BTBDW,"BT Brands, Inc. - Warrant",stock,Warrant,Nasdaq Capital Market,N,100
BTBT,"Bit Digital, Inc. - Ordinary Share",stock,Ordinary Share,Nasdaq Capital Market,N,100
BTCS,BTCS Inc. - Common Stock,stock,Common Stock,Nasdaq Capital Market,N,100
BTCT,BTC Digital Ltd. - Ordinary Shares,stock,Ordinary Share,Nasdaq Capital Market,N,100
BTDL,GraniteShares 2x Long BTDR Daily ETF,etf,ETF,Nasdaq Global Market,N,100
BTDR,Bitdeer Technologies Group - Ordinary Shares,stock,Ordinary Share,Nasdaq Capital Market,N,100
BTF,CoinShares Bitcoin and Ether ETF,etf,ETF,Nasdaq Global Market,N,100
BTGD,STKd 100% Bitcoin & 100% Gold ETF,etf,ETF,Nasdaq Global Market,N,100
BTMD,Biote Corp. - Class A common stock,stock,Common Stock,Nasdaq Global Market,N,100
BTOC,Armlogi Holding Corp. - common stock,stock,Common Stock,Nasdaq Capital Market,D,100
BTOG,Bit Origin Limited - Class A Ordinary Shares,stock,Ordinary Share,Nasdaq Capital Market,N,100
BTQ,BTQ Technologies Corp. - Common Stock,stock,Common Stock,Nasdaq Global Market,N,100
BTSG,"BrightSpring Health Services, Inc. - Common Stock",stock,Right,Nasdaq Global Select Market,N,100
BTSGU,"BrightSpring Health Services, Inc. - Tangible Equity Unit",stock,Right,Nasdaq Global Select Market,N,100
BTTC,Black Titan Corp - Ordinary Shares,stock,Ordinary Share,Nasdaq Capital Market,N,100
BUFC,AB Conservative Buffer ETF,etf,ETF,Nasdaq Global Market,N,100
BUFI,AB International Buffer ETF,etf,ETF,Nasdaq Global Market,N,100
BUFM,AB Moderate Buffer ETF,etf,ETF,Nasdaq Global Market,N,100
BUG,Global X Cybersecurity ETF,etf,ETF,Nasdaq Global Market,N,100
BULD,Pacer BlueStar Engineering the Future ETF,etf,ETF,Nasdaq Global Market,N,100
BULG,Leverage Shares 2X Long BULL Daily ETF,etf,ETF,Nasdaq Global Market,N,100
BULL,Webull Corporation - Class A Ordinary Shares,stock,Ordinary Share,Nasdaq Capital Market,N,100
BULLW,Webull Corporation - Warrants,stock,Warrant,Nasdaq Capital Market,N,100
BUSE,First Busey Corporation - Common Stock,stock,Common Stock,Nasdaq Global Select Market,N,100
BUSEP,"First Busey Corporation - Depositary Shares, Each Representing a 1/40th Interest in a Share of 8.25% Fixed-Rate Series B Non-Cumulative Perpetual Preferred Stock, $0.001 par value",stock,Preferred,Nasdaq Global Select Market,N,100
BUUU,BUUU Group Limited - Class A Ordinary Share,stock,Ordinary Share,Nasdaq Capital Market,N,100
BVC,BitVentures Limited - Ordinary Share,stock,Ordinary Share,Nasdaq Capital Market,N,100
BVFL,"BV Financial, Inc. - Common Stock",stock,Common Stock,Nasdaq Capital Market,N,100
BVS,Bioventus Inc. - Class A Common Stock,stock,Common Stock,Nasdaq Global Select Market,N,100
BWAY,BrainsWay Ltd. - American Depositary Shares,stock,Depositary Share,Nasdaq Global Market,N,100
BWB,"Bridgewater Bancshares, Inc. - Common Stock",stock,Common Stock,Nasdaq Capital Market,N,100
BWBBP,"Bridgewater Bancshares, Inc. - Depositary Shares, Each Representing a 1/100th Interest in a Share of 5.875% Non-Cumulative Perpetual Preferred Stock, Series A",stock,Preferred,Nasdaq Capital Market,N,100
BWEN,"Broadwind, Inc. - Common Stock",stock,Common Stock,Nasdaq Capital Market,N,100
BWFG,"Bankwell Financial Group, Inc. - Common Stock",stock,Common Stock,Nasdaq Global Market,N,100
BWIN,"The Baldwin Insurance Group, Inc. - Class A Common Stock",stock,Common Stock,Nasdaq Global Select Market,N,100
BWMN,Bowman Consulting Group Ltd. - Common Stock,stock,Common Stock,Nasdaq Global Market,N,100
BXBL,"BOXABL, Inc.  - Common stock",stock,Common Stock,Nasdaq Global Market,N,100
BYAH,"Park Ha Biological Technology Co., Ltd. - Class A Ordinary Shares",stock,Ordinary Share,Nasdaq Capital Market,N,100
BYFC,Broadway Financial Corporation - Class A Common Stock,stock,Common Stock,Nasdaq Capital Market,N,100
BYND,"Beyond Meat, Inc. - Common stock",stock,Common Stock,Nasdaq Global Select Market,D,100
BYRN,"Byrna Technologies, Inc. - Common Stock",stock,Common Stock,Nasdaq Capital Market,N,100
BYSI,"BeyondSpring, Inc. - Ordinary Shares",stock,Ordinary Share,Nasdaq Capital Market,N,100
BZ,KANZHUN LIMITED - American Depository Shares,stock,Nasdaq Listed Security,Nasdaq Global Select Market,N,100
BZAI,"Blaize Holdings, Inc. - Common Stock",stock,Common Stock,Nasdaq Global Market,N,100
BZAIW,"Blaize Holdings, Inc. - Warrant",stock,Warrant,Nasdaq Capital Market,N,100
BZFD,"BuzzFeed, Inc. - Class A Common Stock",stock,Common Stock,Nasdaq Capital Market,N,100
BZFDW,"BuzzFeed, Inc. - Warrant",stock,Warrant,Nasdaq Capital Market,N,100
BZUN,Baozun Inc. - American Depositary Shares,stock,Depositary Share,Nasdaq Global Select Market,N,100
CAAS,"China Automotive Systems, Inc. - Ordinary Share",stock,Ordinary Share,Nasdaq Capital Market,N,100
CABA,"Cabaletta Bio, Inc. - Common Stock",stock,Common Stock,Nasdaq Global Select Market,N,100
CABR,"Caring Brands, Inc. - Common Stock",stock,Common Stock,Nasdaq Capital Market,D,100
CAC,Camden National Corporation - Common Stock,stock,Common Stock,Nasdaq Global Select Market,N,100
CACC,Credit Acceptance Corporation - Common Stock,stock,Common Stock,Nasdaq Global Select Market,N,40
CADL,"Candel Therapeutics, Inc. - Common Stock",stock,Common Stock,Nasdaq Global Market,N,100
CAE,CAE Inc - Common Shares,stock,Common Stock,Nasdaq Global Select Market,N,100
CAES,"Cantor Equity Partners VII, Inc. - Class A Ordinary Shares",stock,Ordinary Share,Nasdaq Global Market,N,100
CAFG,Pacer US Small Cap Cash Cows Growth Leaders ETF,etf,ETF,Nasdaq Global Market,N,100
CAI,"Caris Life Sciences, Inc. - Common Stock",stock,Common Stock,Nasdaq Global Select Market,N,100
CAII,Collective Acquisition Corp. II - Class A Ordinary Shares,stock,Ordinary Share,Nasdaq Global Market,N,100
CAIIU,Collective Acquisition Corp. II - Units,stock,Unit,Nasdaq Global Market,N,100
CAIIW,Collective Acquisition Corp. II - Warrants,stock,Warrant,Nasdaq Global Market,N,100
CAIQ,Calamos Nasdaq Autocallable Income ETF,etf,ETF,Nasdaq Global Market,N,100
CAKE,The Cheesecake Factory Incorporated - Common Stock,stock,Common Stock,Nasdaq Global Select Market,N,100
CALC,"CalciMedica, Inc. - Common Stock",stock,Common Stock,Nasdaq Capital Market,D,100
CALI,iShares Short-Term California Muni Active ETF,etf,ETF,Nasdaq Global Market,N,100
CALM,"Cal-Maine Foods, Inc. - Common Stock",stock,Common Stock,Nasdaq Global Select Market,N,100
CAMP,CAMP4 Therapeutics Corporation - Common Stock,stock,Common Stock,Nasdaq Global Market,N,100
CAMT,Camtek Ltd. - Ordinary Shares,stock,Ordinary Share,Nasdaq Global Market,N,100
CAN,Canaan Inc. - American Depositary Shares,stock,Depositary Share,Nasdaq Capital Market,D,100
CANC,Tema Oncology ETF,etf,ETF,Nasdaq Global Market,N,100
CANQ,Calamos Nasdaq Equity & Income ETF,etf,ETF,Nasdaq Global Market,N,100
CAPN,Cayson Acquisition Corp - Ordinary Shares,stock,Ordinary Share,Nasdaq Global Market,D,100
CAPNR,Cayson Acquisition Corp - Right,stock,Right,Nasdaq Global Market,N,100
CAPNU,Cayson Acquisition Corp - Units,stock,Unit,Nasdaq Global Market,N,100
CAPR,"Capricor Therapeutics, Inc. - Common Stock",stock,Common Stock,Nasdaq Global Select Market,N,100
CAPS,Capstone Holding Corp. - Common Stock,stock,Common Stock,Nasdaq Capital Market,D,100
CAQ,Cambridge Acquisition Corp. - Class A Ordinary Shares,stock,Ordinary Share,Nasdaq Global Market,N,100
CAQUU,Cambridge Acquisition Corp. - Unit,stock,Unit,Nasdaq Global Market,N,100
CAQUW,Cambridge Acquisition Corp. - Warrants,stock,Warrant,Nasdaq Global Market,N,100
CAR,"Avis Budget Group, Inc. - Common Stock",stock,Common Stock,Nasdaq Global Select Market,N,100
CARE,"Carter Bankshares, Inc. - Common Stock",stock,Common Stock,Nasdaq Global Select Market,N,100
CARG,"CarGurus, Inc. - Class A Common Stock",stock,Common Stock,Nasdaq Global Select Market,N,100
CARL,"Carlsmed, Inc. - Common Stock",stock,Common Stock,Nasdaq Global Select Market,N,100
CART,Maplebear Inc. - Common Stock,stock,Common Stock,Nasdaq Global Select Market,N,100
CARY,Angel Oak Income ETF,etf,ETF,Nasdaq Global Market,N,100
CARZ,First Trust S-Network Future Vehicles & Technology ETF,etf,ETF,Nasdaq Global Market,N,100
CASH,"Pathward Financial, Inc. - Common Stock",stock,Common Stock,Nasdaq Global Select Market,N,100
CASS,"Cass Information Systems, Inc - Common Stock",stock,Common Stock,Nasdaq Global Select Market,N,100
CAST,"FreeCast, Inc. - Class A common stock",stock,Common Stock,Nasdaq Global Market,N,100
CASY,"Caseys General Stores, Inc. - Common Stock",stock,Common Stock,Nasdaq Global Select Market,N,40
CATH,Global X S&P 500 Catholic Values ETF,etf,ETF,Nasdaq Global Market,N,100
CATLU,Catalyst Acquisition Corp. - Units,stock,Unit,Nasdaq Global Market,N,100
CATY,Cathay General Bancorp - Common Stock,stock,Common Stock,Nasdaq Global Select Market,N,100
CBAT,CBAK Energy Technology Limited - Ordinary Shares,stock,Ordinary Share,Nasdaq Capital Market,D,100
CBC,"Central Bancompany, Inc. - Class A Common Stock",stock,Common Stock,Nasdaq Global Select Market,N,100
CBFV,"CB Financial Services, Inc. - Common Stock",stock,Common Stock,Nasdaq Global Market,N,100
CBIO,"Crescent Biopharma, Inc. - Common Stock",stock,Common Stock,Nasdaq Capital Market,N,100
CBK,"Commercial Bancgroup, Inc. - Common Stock",stock,Common Stock,Nasdaq Capital Market,N,100
CBLL,"CeriBell, Inc. - Common Stock",stock,Common Stock,Nasdaq Global Select Market,N,100
CBNK,"Capital Bancorp, Inc. - Common Stock",stock,Common Stock,Nasdaq Global Select Market,N,100
CBRL,"Cracker Barrel Old Country Store, Inc. - Common Stock",stock,Common Stock,Nasdaq Global Select Market,N,100
CBRS,Cerebras Systems Inc. - Class A Common Stock,stock,Common Stock,Nasdaq Global Select Market,N,100
CBSH,"Commerce Bancshares, Inc. - Common Stock",stock,Common Stock,Nasdaq Global Select Market,N,100
CBUS,"Cibus, Inc. - Class A Common Stock",stock,Common Stock,Nasdaq Capital Market,N,100
CCAP,"Crescent Capital BDC, Inc. - Common Stock",stock,Common Stock,Nasdaq Global Market,N,100
CCAQ,Collective Acquisition Corp. - Class A ordinary shares,stock,Ordinary Share,Nasdaq Global Market,N,100
CCAQU,Collective Acquisition Corp. - Units,stock,Unit,Nasdaq Global Market,N,100
CCAQW,Collective Acquisition Corp. - Warrants,stock,Warrant,Nasdaq Global Market,N,100
CCB,Coastal Financial Corporation - Common Stock,stock,Common Stock,Nasdaq Global Select Market,N,100
CCBG,Capital City Bank Group - Common Stock,stock,Common Stock,Nasdaq Global Select Market,N,100
CCC,CCC Intelligent Solutions Holdings Inc. - Common Stock,stock,Common Stock,Nasdaq Global Select Market,N,100
CCCC,"C4 Therapeutics, Inc. - Common Stock",stock,Common Stock,Nasdaq Global Select Market,N,100
CCCT,Columbus Circle Capital Corp III - Class A Ordinary Shares,stock,Ordinary Share,Nasdaq Global Market,N,100
CCCTU,Columbus Circle Capital Corp III - Units,stock,Unit,Nasdaq Global Market,N,100
CCCTW,Columbus Circle Capital Corp III - Warrants,stock,Warrant,Nasdaq Global Market,N,100
CCD,Calamos Dynamic Convertible & Income Fund - Closed End Fund,stock,Closed-End Fund,Nasdaq Global Select Market,N,100
CCEC,Capital Clean Energy Carriers Corp. - Common Share,stock,Common Stock,Nasdaq Global Select Market,N,100
CCEP,Coca-Cola Europacific Partners plc - Ordinary Shares,stock,Ordinary Share,Nasdaq Global Select Market,N,100
CCFE,Concourse Capital Focused Equity ETF,etf,ETF,Nasdaq Global Market,N,100
CCG,Cheche Group Inc. - Class A Ordinary Shares,stock,Ordinary Share,Nasdaq Capital Market,N,100
CCGWW,Cheche Group Inc. - Warrant,stock,Warrant,Nasdaq Capital Market,N,100
CCHH,CCH Holdings Ltd - Class A Ordinary Shares,stock,Ordinary Share,Nasdaq Capital Market,N,100
CCII,Cohen Circle Acquisition Corp. II - Class A Ordinary Shares,stock,Ordinary Share,Nasdaq Global Market,N,100
CCIIU,Cohen Circle Acquisition Corp. II - Unit,stock,Unit,Nasdaq Global Market,N,100
CCIIW,Cohen Circle Acquisition Corp. II - Warrant,stock,Warrant,Nasdaq Global Market,N,100
CCLD,"CareCloud, Inc. - Common Stock",stock,Common Stock,Nasdaq Global Market,N,100
CCNE,CNB Financial Corporation - Common Stock,stock,Common Stock,Nasdaq Global Select Market,N,100
CCNEP,"CNB Financial Corporation - Depositary shares, each representing a 1/40th ownership interest in a share of 7.125% Series A Fixed- Rate Non-Cumulative Perpetual Preferred Stock",stock,Preferred,Nasdaq Global Select Market,N,100
CCNR,ALPS/CoreCommodity Natural Resources ETF,etf,ETF,Nasdaq Global Market,N,100
CCOI,"Cogent Communications Holdings, Inc. - Common Stock",stock,Common Stock,Nasdaq Global Select Market,N,100
CCSB,Carbon Collective Short Duration Green Bond ETF,etf,ETF,Nasdaq Global Market,N,100
CCSI,"Consensus Cloud Solutions, Inc. - Common Stock",stock,Common Stock,Nasdaq Global Select Market,N,100
CCSO,Carbon Collective Climate Solutions U.S. Equity ETF,etf,ETF,Nasdaq Global Market,N,100
CCTG,CCSC Technology International Holdings Limited - Class A Ordinary Shares,stock,Ordinary Share,Nasdaq Capital Market,D,100
CCXI,Churchill Capital Corp XI - Class A Ordinary Shares,stock,Ordinary Share,Nasdaq Global Market,N,100
CCXIU,Churchill Capital Corp XI - Units,stock,Unit,Nasdaq Global Market,N,100
CCXIW,Churchill Capital Corp XI - Warrants,stock,Warrant,Nasdaq Global Market,N,100
CD,Chaince Digital Holdings Inc. - American Ordinary Shares,stock,Ordinary Share,Nasdaq Global Market,N,100
CDC,VictoryShares US EQ Income Enhanced Volatility Wtd ETF,etf,ETF,Nasdaq Global Market,N,100
CDIG,City Different Investments Global Equity ETF,etf,ETF,Nasdaq Global Market,N,100
CDIO,Cardio Diagnostics Holdings Inc. - Common stock,stock,Common Stock,Nasdaq Capital Market,N,100
CDIOW,Cardio Diagnostics Holdings Inc. - Warrant,stock,Warrant,Nasdaq Capital Market,N,100
CDL,VictoryShares US Large Cap High Div Volatility Wtd ETF,etf,ETF,Nasdaq Global Market,N,100
CDLX,"Cardlytics, Inc. - Common Stock",stock,Common Stock,Nasdaq Global Market,N,100
CDNA,"CareDx, Inc. - Common Stock",stock,Common Stock,Nasdaq Global Market,N,100
CDNL,Cardinal Infrastructure Group Inc. - Class A Common Stock,stock,Common Stock,Nasdaq Global Select Market,N,100
CDNS,"Cadence Design Systems, Inc. - Common Stock",stock,Common Stock,Nasdaq Global Select Market,N,40
CDRO,"Codere Online Luxembourg, S.A. - Ordinary Shares",stock,Ordinary Share,Nasdaq Capital Market,N,100
CDROW,"Codere Online Luxembourg, S.A. - Warrants",stock,Warrant,Nasdaq Capital Market,N,100
CDT,CDT Equity Inc. - Common Stock,stock,Common Stock,Nasdaq Capital Market,N,100
CDTG,CDT Environmental Technology Investment Holdings Limited - ordinary shares,stock,Ordinary Share,Nasdaq Capital Market,N,100
CDTTW,CDT Equity Inc. - Warrant,stock,Warrant,Nasdaq Capital Market,N,100
CDW,CDW Corporation - Common Stock,stock,Common Stock,Nasdaq Global Select Market,N,100
CDXS,"Codexis, Inc. - Common Stock",stock,Common Stock,Nasdaq Global Select Market,N,100
CDZI,"Cadiz, Inc. - Common Stock",stock,Common Stock,Nasdaq Global Market,N,100
CDZIP,"Cadiz, Inc. - Depositary Shares",stock,Depositary Share,Nasdaq Global Market,N,100
CECO,CECO Environmental Corp. - Common Stock,stock,Common Stock,Nasdaq Global Select Market,N,100
CEFA,Global X S&P Catholic Values Developed ex-U.S. ETF,etf,ETF,Nasdaq Global Market,N,100
CEG,Constellation Energy Corporation - Common Stock When-Issued,stock,Common Stock,Nasdaq Global Select Market,N,40
CELC,Celcuity Inc. - Common Stock,stock,Common Stock,Nasdaq Capital Market,N,100
CELH,"Celsius Holdings, Inc. - Common Stock",stock,Common Stock,Nasdaq Capital Market,N,100
CELU,Celularity Inc. - Class A Common Stock,stock,Common Stock,Nasdaq Capital Market,H,100
CELZ,"Creative Medical Technology Holdings, Inc. - Common Stock",stock,Common Stock,Nasdaq Capital Market,N,100
CENN,Cenntro Inc. - Common Stock,stock,Common Stock,Nasdaq Capital Market,N,100
CENT,Central Garden & Pet Company - Common Stock,stock,Common Stock,Nasdaq Global Select Market,N,100
CENTA,Central Garden & Pet Company - Class A Common Stock Nonvoting,stock,Common Stock,Nasdaq Global Select Market,N,100
CENX,Century Aluminum Company - Common Stock,stock,Common Stock,Nasdaq Global Select Market,N,100
CEPF,"Cantor Equity Partners IV, Inc. - Class A Ordinary Shares",stock,Ordinary Share,Nasdaq Global Market,N,100
CEPI,REX Crypto Equity Premium Income ETF,etf,ETF,Nasdaq Global Market,N,100
CEPL,"Capstone Energy Plus, Inc. - Common Stock",stock,Common Stock,Nasdaq Global Market,N,100
CEPO,"Cantor Equity Partners I, Inc. - Class A Ordinary Shares",stock,Ordinary Share,Nasdaq Global Market,N,100
CEPS,"Cantor Equity Partners VI, Inc. - Class A Ordinary Shares",stock,Ordinary Share,Nasdaq Global Market,N,100
CEPV,"Cantor Equity Partners V, Inc. - Class A Ordinary Shares",stock,Ordinary Share,Nasdaq Global Market,N,100
CERS,Cerus Corporation - Common Stock,stock,Common Stock,Nasdaq Global Market,N,100
CERT,"Certara, Inc. - Common Stock",stock,Common Stock,Nasdaq Global Select Market,N,100
CETX,Cemtrex Inc. - Common Stock,stock,Common Stock,Nasdaq Capital Market,N,100
CETY,"Clean Energy Technologies, Inc. - Common Stock",stock,Common Stock,Nasdaq Capital Market,N,100
CEVA,"CEVA, Inc. - Common Stock",stock,Common Stock,Nasdaq Global Select Market,N,100
CFA,VictoryShares US 500 Volatility Wtd ETF,etf,ETF,Nasdaq Global Market,N,100
CFBK,CF Bankshares Inc. - Common Stock,stock,Common Stock,Nasdaq Capital Market,N,100
CFFI,C&F Financial Corporation - Common Stock,stock,Common Stock,Nasdaq Global Select Market,N,100
CFFN,"Capitol Federal Financial, Inc. - Common Stock",stock,Common Stock,Nasdaq Global Select Market,N,100
CFO,VictoryShares US 500 Enhanced Volatility Wtd ETF,etf,ETF,Nasdaq Global Market,N,100
CG,The Carlyle Group Inc. - Common Stock,stock,Common Stock,Nasdaq Global Select Market,N,100
CGABL,The Carlyle Group Inc. - 4.625% Subordinated Notes due 2061,stock,Nasdaq Listed Security,Nasdaq Global Select Market,N,100
CGBD,"Carlyle Secured Lending, Inc. - Closed End Fund",stock,Closed-End Fund,Nasdaq Global Select Market,N,100
CGC,Canopy Growth Corporation - Common Shares,stock,Common Stock,Nasdaq Global Select Market,N,100
CGCFU,Cartesian Growth Corporation IV - Units,stock,Unit,Nasdaq Global Market,N,100
CGEM,"Cullinan Therapeutics, Inc. - Common Stock",stock,Common Stock,Nasdaq Global Select Market,N,100
CGEN,Compugen Ltd. - Ordinary Shares,stock,Ordinary Share,Nasdaq Capital Market,N,100
CGNT,Cognyte Software Ltd. - Ordinary Shares,stock,Ordinary Share,Nasdaq Global Select Market,N,100
CGNX,Cognex Corporation - Common Stock,stock,Common Stock,Nasdaq Global Select Market,N,100
CGO,Calamos Global Total Return Fund - Closed End Fund,stock,Closed-End Fund,Nasdaq Global Select Market,N,100
CGON,"CG Oncology, Inc. - Common stock",stock,Common Stock,Nasdaq Global Select Market,N,100
CGTL,Creative Global Technology Holdings Limited - Class A Ordinary Shares,stock,Ordinary Share,Nasdaq Capital Market,N,100
CGTX,"Cognition Therapeutics, Inc. - Common Stock",stock,Common Stock,Nasdaq Capital Market,N,100
CHA,"Chagee Holdings Limited - American Depositary Shares, each representing 1 Class A ordinary share",stock,Depositary Share,Nasdaq Global Select Market,N,100
CHAI,"Core AI Holdings, Inc. - Common Shares",stock,Common Stock,Nasdaq Capital Market,N,100
CHAR,Charlton Aria Acquisition Corporation - Class A Ordinary Shares,stock,Ordinary Share,Nasdaq Global Market,N,100
CHARR,Charlton Aria Acquisition Corporation - Rights,stock,Right,Nasdaq Global Market,N,100
CHARU,Charlton Aria Acquisition Corporation - Units,stock,Unit,Nasdaq Global Market,N,100
CHCI,"Comstock Holding Companies, Inc. - Class A Common Stock",stock,Common Stock,Nasdaq Capital Market,N,100
CHCO,City Holding Company - Common Stock,stock,Common Stock,Nasdaq Global Select Market,N,100
CHDN,"Churchill Downs, Incorporated - Common Stock",stock,Common Stock,Nasdaq Global Select Market,N,100
CHEC,Chenghe Acquisition III Co. - Class A Ordinary Shares,stock,Ordinary Share,Nasdaq Global Market,N,100
CHECU,Chenghe Acquisition III Co. - Units,stock,Unit,Nasdaq Global Market,N,100
CHECW,Chenghe Acquisition III Co. - Warrants,stock,Warrant,Nasdaq Global Market,N,100
CHEF,"The Chefs' Warehouse, Inc. - Common Stock",stock,Common Stock,Nasdaq Global Select Market,N,100
CHGA,Change Agents Corporation  - Common Stock,stock,Common Stock,Nasdaq Capital Market,D,100
CHGX,Stance Sustainable Beta ETF,etf,ETF,Nasdaq Global Market,N,100
CHI,Calamos Convertible Opportunities and Income Fund - Closed End Fund,stock,Closed-End Fund,Nasdaq Global Select Market,N,100
CHKP,Check Point Software Technologies Ltd. - Ordinary Shares,stock,Ordinary Share,Nasdaq Global Select Market,N,100
CHMG,Chemung Financial Corp  - Common Stock,stock,Common Stock,Nasdaq Global Select Market,N,100
CHNR,"China Natural Resources, Inc. - Common Shares",stock,Common Stock,Nasdaq Capital Market,N,100
CHPG,ChampionsGate Acquisition Corporation - Class A Ordinary Share,stock,Ordinary Share,Nasdaq Global Market,N,100
CHPGR,ChampionsGate Acquisition Corporation - Rights,stock,Right,Nasdaq Global Market,N,100
CHPGU,ChampionsGate Acquisition Corporation - Unit,stock,Unit,Nasdaq Global Market,N,100
CHPS,Xtrackers Semiconductor Select Equity ETF,etf,ETF,Nasdaq Global Market,N,100
CHPX,Global X AI Semiconductor & Quantum ETF,etf,ETF,Nasdaq Global Market,N,100
CHR,"Cheer Holding, Inc.  - Class A Ordinary Share",stock,Ordinary Share,Nasdaq Capital Market,N,100
CHRD,Chord Energy Corporation - Common Stock,stock,Common Stock,Nasdaq Global Select Market,N,100
CHRI,Global X S&P 500 Christian Values ETF,etf,ETF,Nasdaq Global Market,N,100
CHRN,ChronoScale Holdings Corporation - Common Stock,stock,Common Stock,Nasdaq Capital Market,N,100
CHRS,"Coherus Oncology, Inc. - Common Stock",stock,Common Stock,Nasdaq Global Market,N,100
CHRW,"C.H. Robinson Worldwide, Inc. - Common Stock",stock,Common Stock,Nasdaq Global Select Market,N,100
CHSCL,"CHS Inc - Class B Cumulative Redeemable Preferred Stock, Series 4",stock,Preferred,Nasdaq Global Select Market,N,100
CHSCM,"CHS Inc - Class B Reset Rate Cumulative Redeemable Preferred Stock, Series 3",stock,Preferred,Nasdaq Global Select Market,N,100
CHSCN,CHS Inc - Preferred Class B Series 2 Reset Rate,stock,Preferred,Nasdaq Global Select Market,N,100
CHSCO,CHS Inc - Class B Cumulative Redeemable Preferred Stock,stock,Preferred,Nasdaq Global Select Market,N,100
CHSCP,CHS Inc - 8%  Cumulative Redeemable Preferred Stock,stock,Preferred,Nasdaq Global Select Market,N,100
CHSN,Chanson International Holding - Class A Ordinary Shares,stock,Ordinary Share,Nasdaq Capital Market,N,100
CHTR,"Charter Communications, Inc. - Class A Common Stock",stock,Common Stock,Nasdaq Global Select Market,N,100
CHW,Calamos Global Dynamic Income Fund - Closed End Fund,stock,Closed-End Fund,Nasdaq Global Select Market,N,100
CHY,Calamos Convertible and High Income Fund - Closed End Fund,stock,Closed-End Fund,Nasdaq Global Select Market,N,100
CHYM,"Chime Financial, Inc. - Class A Common Stock",stock,Common Stock,Nasdaq Global Select Market,N,100
CIBR,First Trust NASDAQ Cybersecurity ETF,etf,ETF,Nasdaq Global Market,N,100
CIFG,Leverage Shares 2X Long CIFR Daily ETF,etf,ETF,Nasdaq Global Market,N,100
CIFR,Cipher Digital Inc. - Common Stock,stock,Common Stock,Nasdaq Global Select Market,N,100
CIGI,Colliers International Group Inc.  - Subordinate Voting Shares,stock,Nasdaq Listed Security,Nasdaq Global Select Market,N,100
CIGL,Concorde International Group Ltd - Class A Ordinary Shares,stock,Ordinary Share,Nasdaq Capital Market,D,100
CIIT,"Tianci International, Inc. - Common Stock",stock,Common Stock,Nasdaq Capital Market,N,100
CINF,Cincinnati Financial Corporation - Common Stock,stock,Common Stock,Nasdaq Global Select Market,N,100
CING,Cingulate Inc. - Common Stock,stock,Common Stock,Nasdaq Capital Market,N,100
CINGW,Cingulate Inc. - Warrants,stock,Warrant,Nasdaq Capital Market,N,100
CIRC,"Circle8 Group, Inc. - Common Stock",stock,Common Stock,Nasdaq Global Market,N,100
CISO,"CISO Global, Inc. - Common Stock",stock,Common Stock,Nasdaq Capital Market,D,100
CISS,C3is Inc. - Common Stock,stock,Common Stock,Nasdaq Capital Market,N,100
CIVB,"Civista Bancshares, Inc.  - Common Stock",stock,Common Stock,Nasdaq Capital Market,N,100
CJMB,Callan JMB Inc. - Common Stock,stock,Common Stock,Nasdaq Capital Market,D,100
CLAR,Clarus Corporation - Common Stock,stock,Common Stock,Nasdaq Global Select Market,N,100
CLBK,"Columbia Financial, Inc. - Common Stock",stock,Common Stock,Nasdaq Global Select Market,N,100
CLBT,Cellebrite DI Ltd. - Ordinary Shares,stock,Ordinary Share,Nasdaq Global Select Market,N,100
CLDX,"Celldex Therapeutics, Inc. - Common Stock",stock,Common Stock,Nasdaq Capital Market,N,100
CLFD,"Clearfield, Inc. - Common Stock",stock,Common Stock,Nasdaq Global Market,N,100
CLGN,CollPlant Biotechnologies Ltd. - Ordinary Shares,stock,Ordinary Share,Nasdaq Capital Market,D,100
CLIK,Click Holdings Limited - Ordinary Share,stock,Ordinary Share,Nasdaq Capital Market,N,100
CLIR,ClearSign Technologies Corporation - Common Stock,stock,Common Stock,Nasdaq Capital Market,N,100
CLLS,Cellectis S.A. - American Depositary Shares,stock,Depositary Share,Nasdaq Global Market,N,100
CLMB,"Climb Global Solutions, Inc. - Common Stock",stock,Common Stock,Nasdaq Global Market,N,100
CLMT,"Calumet, Inc - Common Stock",stock,Common Stock,Nasdaq Global Select Market,N,100
CLNE,Clean Energy Fuels Corp. - Common Stock,stock,Common Stock,Nasdaq Global Select Market,N,100
CLNN,Clene Inc. - Common Stock,stock,Common Stock,Nasdaq Capital Market,N,100
CLOA,iShares AAA CLO Active ETF,etf,ETF,Nasdaq Global Market,N,100
CLOD,Themes Cloud Computing ETF,etf,ETF,Nasdaq Global Market,N,100
CLOU,Global X Cloud Computing ETF,etf,ETF,Nasdaq Global Market,N,100
CLOV,"Clover Health Investments, Corp.  - Class A Common stock",stock,Common Stock,Nasdaq Global Select Market,N,100
CLPS,CLPS Incorporation - Common Stock,stock,Common Stock,Nasdaq Global Market,D,100
CLPT,ClearPoint Neuro Inc. - Common Stock,stock,Common Stock,Nasdaq Capital Market,N,100
CLRB,"Cellectar Biosciences, Inc. - Common Stock",stock,Common Stock,Nasdaq Capital Market,N,100
CLRO,"ClearOne, Inc. - Common Stock",stock,Common Stock,Nasdaq Capital Market,D,100
CLSK,"CleanSpark, Inc. - Common Stock",stock,Common Stock,Nasdaq Capital Market,N,100
CLSKW,"CleanSpark, Inc. - Warrant",stock,Warrant,Nasdaq Capital Market,N,100
CLSM,ETC Cabana Target Leading Sector Moderate ETF,etf,ETF,Nasdaq Global Market,N,100
CLST,"Catalyst Bancorp, Inc. - common stock",stock,Common Stock,Nasdaq Capital Market,N,100
CLWT,Euro Tech Holdings Company Limited - Ordinary Shares,stock,Ordinary Share,Nasdaq Capital Market,N,100
CLYM,"Climb Bio, Inc. - Common Stock",stock,Common Stock,Nasdaq Global Market,N,100
CMBO,Wayfinder Dynamic U.S. Interest Rate ETF,etf,ETF,Nasdaq Global Market,N,100
CMCO,Columbus McKinnon Corporation - Common Stock,stock,Common Stock,Nasdaq Global Select Market,N,100
CMCSA,Comcast Corporation - Class A Common Stock,stock,Common Stock,Nasdaq Global Select Market,N,100
CMCT,Creative Media  - Common Stock,stock,Common Stock,Nasdaq Capital Market,N,100
CME,CME Group Inc. - Class A Common Stock,stock,Common Stock,Nasdaq Global Select Market,N,40
CMII,Columbus Circle Capital Corp II - Class A Ordinary Shares,stock,Ordinary Share,Nasdaq Global Market,N,100
CMIIU,Columbus Circle Capital Corp II - Unit,stock,Unit,Nasdaq Global Market,N,100
CMIIW,Columbus Circle Capital Corp II - Warrant,stock,Warrant,Nasdaq Global Market,N,100
CMMB,Chemomab Therapeutics Ltd.  - American Depositary Shares,stock,Depositary Share,Nasdaq Capital Market,N,100
CMND,Clearmind Medicine Inc. - Common Shares,stock,Common Stock,Nasdaq Capital Market,N,100
CMPR,Cimpress plc - Ordinary Shares,stock,Ordinary Share,Nasdaq Global Select Market,N,100
CMPS,COMPASS Pathways Plc - American Depository Shares,stock,Nasdaq Listed Security,Nasdaq Global Select Market,N,100
CMPX,"Compass Therapeutics, Inc. - Common Stock",stock,Common Stock,Nasdaq Capital Market,N,100
CMRC,"Commerce.com, Inc. - Series 1 Common Stock",stock,Common Stock,Nasdaq Global Market,N,100
CMTL,Comtech Telecommunications Corp. - Common Stock,stock,Common Stock,Nasdaq Global Select Market,N,100
CMTV,Community Bancorp.  - Common stock,stock,Common Stock,Nasdaq Capital Market,N,100
CNCK,Coincheck Group N.V. - Ordinary Shares,stock,Ordinary Share,Nasdaq Global Market,N,100
CNCKW,Coincheck Group N.V. - Warrants,stock,Warrant,Nasdaq Capital Market,N,100
CNDT,Conduent Incorporated - Common Stock,stock,Common Stock,Nasdaq Global Select Market,N,100
CNET,ZW Data Action Technologies Inc. - Common Stock,stock,Common Stock,Nasdaq Capital Market,D,100
CNEY,CN Energy Group Inc. - Class A Ordinary Shares,stock,Ordinary Share,Nasdaq Capital Market,D,100
CNOB,"ConnectOne Bancorp, Inc. - Common Stock",stock,Common Stock,Nasdaq Global Select Market,N,100
CNOBP,"ConnectOne Bancorp, Inc. - Depositary Shares (each representing a 1/40th interest in a share of 5.25% Fixed-Rate Reset Non-Cumulative Perpetual Preferred Stock, Series A, par value $0.00 per share)",stock,Preferred,Nasdaq Global Select Market,N,100
CNQQ,Rayliant-ChinaAMC Transformative China Tech ETF,etf,ETF,Nasdaq Global Market,N,100
CNSP,"CNS Pharmaceuticals, Inc. - Common Stock",stock,Common Stock,Nasdaq Capital Market,N,100
CNSY,"Cerenome, Inc. - Common Stock",stock,Common Stock,Nasdaq Capital Market,N,100
CNTB,Connect Biopharma Holdings Limited - Ordinary Shares,stock,Ordinary Share,Nasdaq Global Market,N,100
CNTN,"Canton Strategic Holdings, Inc. - Common Stock",stock,Common Stock,Nasdaq Capital Market,N,100
CNTX,Context Therapeutics Inc. - Common Stock,stock,Common Stock,Nasdaq Capital Market,D,100
CNTY,"Century Casinos, Inc. - Common Stock",stock,Common Stock,Nasdaq Capital Market,N,100
CNVS,Cineverse Corp. - Class A Common Stock,stock,Common Stock,Nasdaq Capital Market,N,100
CNXC,Concentrix Corporation - Common Stock,stock,Common Stock,Nasdaq Global Select Market,N,100
CNXN,"PC Connection, Inc. - Common Stock",stock,Common Stock,Nasdaq Global Select Market,N,100
CNXU,Conexeu Sciences Inc. - Common Stock,stock,Common Stock,Nasdaq Capital Market,N,100
COAG,"Hemab Therapeutics Holdings, Inc. - Common Stock",stock,Common Stock,Nasdaq Global Select Market,N,100
COCH,"Envoy Medical, Inc. - Class A Common Stock",stock,Common Stock,Nasdaq Capital Market,D,100
COCHW,"Envoy Medical, Inc. - Warrant",stock,Warrant,Nasdaq Capital Market,N,100
COCO,"The Vita Coco Company, Inc. - Common Stock",stock,Common Stock,Nasdaq Global Select Market,N,100
COCP,"Cocrystal Pharma, Inc. - Common Stock",stock,Common Stock,Nasdaq Capital Market,N,100
CODA,"Coda Octopus Group, Inc. - Common stock",stock,Common Stock,Nasdaq Capital Market,N,100
CODX,"Co-Diagnostics, Inc. - Common Stock",stock,Common Stock,Nasdaq Capital Market,N,100
COFS,"ChoiceOne Financial Services, Inc. - Common Stock",stock,Common Stock,Nasdaq Capital Market,N,100
COGT,"Cogent Biosciences, Inc. - Common Stock",stock,Common Stock,Nasdaq Global Select Market,N,100
COHU,"Cohu, Inc. - Common Stock",stock,Common Stock,Nasdaq Global Select Market,N,100
COIG,Leverage Shares 2X Long COIN Daily ETF,etf,ETF,Nasdaq Global Market,N,100
COIN,"Coinbase Global, Inc. - Class A Common Stock",stock,Common Stock,Nasdaq Global Select Market,N,100
COKE,"Coca-Cola Consolidated, Inc. - Common Stock",stock,Common Stock,Nasdaq Global Select Market,N,100
COLA,Columbus Acquisition Corp - Ordinary Shares,stock,Ordinary Share,Nasdaq Global Market,D,100
COLAR,Columbus Acquisition Corp - Rights,stock,Right,Nasdaq Global Market,N,100
COLAU,Columbus Acquisition Corp - Unit,stock,Unit,Nasdaq Global Market,N,100
COLB,"Columbia Banking System, Inc. - Common Stock",stock,Common Stock,Nasdaq Global Select Market,N,100
COLL,"Collegium Pharmaceutical, Inc. - Common Stock",stock,Common Stock,Nasdaq Global Select Market,N,100
COLM,Columbia Sportswear Company - Common Stock,stock,Common Stock,Nasdaq Global Select Market,N,100
COMT,iShares GSCI Commodity Dynamic Roll Strategy ETF,etf,ETF,Nasdaq Global Market,N,100
CONI,GraniteShares 2x Short COIN Daily ETF,etf,ETF,Nasdaq Global Market,N,100
CONL,GraniteShares 2x Long COIN Daily ETF,etf,ETF,Nasdaq Global Market,N,100
CONX,Direxion Daily COIN Bull 2X ETF,etf,ETF,Nasdaq Global Market,N,100
COO,"The Cooper Companies, Inc.  - Common Stock",stock,Common Stock,Nasdaq Global Select Market,N,100
COOT,Australian Oilseeds Holdings Limited - Ordinary Shares,stock,Ordinary Share,Nasdaq Capital Market,D,100
COOTW,Australian Oilseeds Holdings Limited - Warrant,stock,Warrant,Nasdaq Capital Market,N,100
COPJ,Sprott Junior Copper Miners ETF,etf,ETF,Nasdaq Global Market,N,100
COPP,Sprott Copper Miners ETF,etf,ETF,Nasdaq Global Market,N,100
CORO,iShares International Country Rotation Active ETF,etf,ETF,Nasdaq Global Market,N,100
CORT,Corcept Therapeutics Incorporated - Common Stock,stock,Common Stock,Nasdaq Capital Market,N,100
CORZ,"Core Scientific, Inc. - Common Stock",stock,Common Stock,Nasdaq Global Select Market,N,100
CORZW,"Core Scientific, Inc. - Tranche 1 Warrants",stock,Warrant,Nasdaq Global Select Market,N,100
CORZZ,"Core Scientific, Inc. - Tranche 2 Warrants",stock,Warrant,Nasdaq Global Select Market,N,100
COSM,Cosmos Health Inc. - Common Stock,stock,Common Stock,Nasdaq Capital Market,D,100
COST,Costco Wholesale Corporation - Common Stock,stock,Common Stock,Nasdaq Global Select Market,N,40
COTG,Leverage Shares 2X Long COST Daily ETF,etf,ETF,Nasdaq Global Market,N,100
COWG,Pacer US Large Cap Cash Cows Growth Leaders ETF,etf,ETF,Nasdaq Global Market,N,100
COWS,Amplify Cash Flow Dividend Leaders ETF,etf,ETF,Nasdaq Global Market,N,100
COYA,"Coya Therapeutics, Inc. - Common Stock",stock,Common Stock,Nasdaq Capital Market,N,100
COYY,GraniteShares YieldBOOST COIN ETF,etf,ETF,Nasdaq Global Market,N,100
CPAG,F/m Compoundr U.S. Aggregate Bond ETF,etf,ETF,Nasdaq Global Market,N,100
CPB,The Campbell's Company - Common Stock,stock,Common Stock,Nasdaq Global Select Market,N,100
CPBI,"Central Plains Bancshares, Inc. - Common Stock",stock,Common Stock,Nasdaq Capital Market,N,100
CPHC,Canterbury Park Holding Corporation - Common Stock,stock,Common Stock,Nasdaq Global Market,N,100
CPHY,F/m Compoundr High Yield Bond ETF,etf,ETF,Nasdaq Global Market,N,100
CPIX,Cumberland Pharmaceuticals Inc. - Common Stock,stock,Common Stock,Nasdaq Global Select Market,N,100
CPLS,AB Core Plus Bond ETF,etf,ETF,Nasdaq Global Market,N,100
CPOP,"Pop Culture Group Co., Ltd - Class A Ordinary Shares",stock,Ordinary Share,Nasdaq Capital Market,D,100
CPRT,"Copart, Inc. - Common Stock",stock,Common Stock,Nasdaq Global Select Market,N,100
CPSH,CPS Technologies Corp. - Common Stock,stock,Common Stock,Nasdaq Capital Market,N,100
CPSS,"Consumer Portfolio Services, Inc. - Common Stock",stock,Common Stock,Nasdaq Global Market,N,100
CPTL,Global X Morningstar Capital Allocation Leaders ETF,etf,ETF,Nasdaq Global Market,N,100
CPZ,Calamos Long/Short Equity & Dynamic Income Trust - Closed End Fund,stock,Closed-End Fund,Nasdaq Global Select Market,N,100
CRAC,Crown Reserve Acquisition Corp. I - Class A Ordinary Shares,stock,Ordinary Share,Nasdaq Global Market,N,100
CRACR,Crown Reserve Acquisition Corp. I - Rights,stock,Right,Nasdaq Global Market,N,100
CRACU,Crown Reserve Acquisition Corp. I - Unit,stock,Unit,Nasdaq Global Market,N,100
CRACW,Crown Reserve Acquisition Corp. I - Warrant,stock,Warrant,Nasdaq Global Market,N,100
CRAI,"CRA International,Inc. - Common Stock",stock,Common Stock,Nasdaq Global Select Market,N,100
CRAN,Crane Harbor Acquisition Corp. II - Class A Ordinary Shares,stock,Ordinary Share,Nasdaq Global Market,N,100
CRANR,Crane Harbor Acquisition Corp. II - Rights,stock,Right,Nasdaq Global Market,N,100
CRANU,Crane Harbor Acquisition Corp. II - Units,stock,Unit,Nasdaq Global Market,N,100
CRAQ,Cal Redwood Acquisition Corp. - Class A Ordinary Shares,stock,Ordinary Share,Nasdaq Global Market,N,100
CRAQR,Cal Redwood Acquisition Corp. - Right,stock,Right,Nasdaq Global Market,N,100
CRAQU,Cal Redwood Acquisition Corp. - Units,stock,Unit,Nasdaq Global Market,N,100
CRBP,"Corbus Pharmaceuticals Holdings, Inc. - Common Stock",stock,Common Stock,Nasdaq Capital Market,N,100
CRBU,"Caribou Biosciences, Inc. - Common Stock",stock,Common Stock,Nasdaq Global Select Market,N,100
CRCG,Leverage Shares 2X Long CRCL Daily ETF,etf,ETF,Nasdaq Global Market,N,100
CRCT,"Cricut, Inc. - Class A common stock",stock,Common Stock,Nasdaq Global Select Market,N,100
CRDF,"Cardiff Oncology, Inc. - Common Stock",stock,Common Stock,Nasdaq Capital Market,N,100
CRDL,Cardiol Therapeutics Inc. - Class A Common Shares,stock,Common Stock,Nasdaq Capital Market,N,100
CRDO,Credo Technology Group Holding Ltd - Ordinary Shares,stock,Ordinary Share,Nasdaq Global Select Market,N,100
CRE,Cre8 Enterprise Limited - Class A Ordinary Shares,stock,Ordinary Share,Nasdaq Capital Market,N,100
CRESY,"Cresud S.A.C.I.F. y A. - American Depositary Shares, each representing ten shares of Common Stock",stock,Depositary Share,Nasdaq Global Select Market,N,100
CREX,"Creative Realities, Inc. - Common Stock",stock,Common Stock,Nasdaq Capital Market,N,100
CRGO,Freightos Limited - Ordinary shares,stock,Ordinary Share,Nasdaq Capital Market,N,100
CRGOW,Freightos Limited - Warrants,stock,Warrant,Nasdaq Capital Market,N,100
CRIS,"Curis, Inc. - Common Stock",stock,Common Stock,Nasdaq Capital Market,N,100
CRMD,CorMedix Inc. - Common Stock,stock,Common Stock,Nasdaq Global Market,N,100
CRMG,Leverage Shares 2X Long CRM Daily ETF,etf,ETF,Nasdaq Global Market,N,100
CRML,Critical Metals Corp. - Ordinary Shares,stock,Ordinary Share,Nasdaq Global Market,N,100
CRMLW,Critical Metals Corp. - Warrants,stock,Warrant,Nasdaq Capital Market,N,100
CRMT,"America's Car-Mart, Inc. - Common Stock",stock,Common Stock,Nasdaq Global Select Market,N,100
CRMU,Leverage Shares 2x Long CRML Daily ETF,etf,ETF,Nasdaq Global Market,N,100
CRNC,Cerence Inc. - Common Stock,stock,Common Stock,Nasdaq Global Select Market,N,100
CRNT,Ceragon Networks Ltd. - Ordinary Shares,stock,Ordinary Share,Nasdaq Global Select Market,N,100
CRNX,"Crinetics Pharmaceuticals, Inc. - Common Stock",stock,Common Stock,Nasdaq Global Select Market,N,100
CRON,Cronos Group Inc. - Common Share,stock,Common Stock,Nasdaq Global Market,N,100
CROX,"Crocs, Inc. - Common Stock",stock,Common Stock,Nasdaq Global Select Market,N,100
CRSP,CRISPR Therapeutics AG - Common Shares,stock,Common Stock,Nasdaq Global Market,N,100
CRSR,"Corsair Gaming, Inc. - Common Stock",stock,Common Stock,Nasdaq Global Select Market,N,100
CRTO,Criteo S.A. - Ordinary Shares,stock,Ordinary Share,Nasdaq Global Select Market,N,100
CRUS,"Cirrus Logic, Inc. - Common Stock",stock,Common Stock,Nasdaq Global Select Market,N,100
CRVL,CorVel Corp. - Common Stock,stock,Common Stock,Nasdaq Global Select Market,N,100
CRVO,CervoMed Inc. - Common Stock,stock,Common Stock,Nasdaq Capital Market,N,100
CRVS,"Corvus Pharmaceuticals, Inc. - Common Stock",stock,Common Stock,Nasdaq Global Market,N,100
CRWD,"CrowdStrike Holdings, Inc. - Class A Common Stock",stock,Common Stock,Nasdaq Global Select Market,N,40
CRWG,Leverage Shares 2X Long CRWV Daily ETF,etf,ETF,Nasdaq Global Market,N,100
CRWL,GraniteShares 2x Long CRWD Daily ETF,etf,ETF,Nasdaq Global Market,N,100
CRWS,"Crown Crafts, Inc. - Common Stock",stock,Common Stock,Nasdaq Capital Market,N,100
CRWV,"CoreWeave, Inc. - Class A Common Stock",stock,Common Stock,Nasdaq Global Select Market,N,100
CRY,GraniteShares YieldBOOST CRCL ETF,etf,ETF,Nasdaq Global Market,N,100
CSAI,"Cloudastructure, Inc. - Class A Common Stock",stock,Common Stock,Nasdaq Capital Market,D,100
CSB,VictoryShares US Small Cap High Div Volatility Wtd ETF,etf,ETF,Nasdaq Global Market,N,100
CSBR,"Champions Oncology, Inc. - Common Stock",stock,Common Stock,Nasdaq Capital Market,N,100
CSCL,Direxion Daily CSCO Bull 2X ETF,etf,ETF,Nasdaq Global Market,N,100
CSCO,"Cisco Systems, Inc. - Common Stock",stock,Common Stock,Nasdaq Global Select Market,N,100
CSCS,Direxion Daily CSCO Bear 1X ETF,etf,ETF,Nasdaq Global Market,N,100
CSEN,Cohen & Steers Future of Energy Active ETF,etf,ETF,Nasdaq Global Market,N,100
CSGP,"CoStar Group, Inc. - Common Stock",stock,Common Stock,Nasdaq Global Select Market,N,100
CSHR,CoinShares PLC - Ordinary Shares,stock,Ordinary Share,Nasdaq Global Select Market,N,100
CSHRW,CoinShares PLC - Warrants,stock,Warrant,Nasdaq Capital Market,N,100
CSIQ,Canadian Solar Inc. - Common Shares,stock,Common Stock,Nasdaq Global Select Market,N,100
CSPI,CSP Inc. - Common Stock,stock,Common Stock,Nasdaq Global Market,N,100
CSQ,Calamos Strategic Total Return Fund - Closed End Fund,stock,Closed-End Fund,Nasdaq Global Select Market,N,100
CSTE,Caesarstone Ltd. - Ordinary Shares,stock,Ordinary Share,Nasdaq Global Select Market,N,100
CSTL,"Castle Biosciences, Inc. - Common stock",stock,Common Stock,Nasdaq Global Market,N,100
CSWC,Capital Southwest Corporation - Common Stock,stock,Common Stock,Nasdaq Global Select Market,N,100
CSX,CSX Corporation - Common Stock,stock,Common Stock,Nasdaq Global Select Market,N,100
CTAA,ClearThink 1 Acquisition Corp. - Class A Ordinary Shares,stock,Ordinary Share,Nasdaq Global Market,N,100
CTAAR,ClearThink 1 Acquisition Corp. - Rights,stock,Right,Nasdaq Global Market,N,100
CTAAU,ClearThink 1 Acquisition Corp. - Units,stock,Unit,Nasdaq Global Market,N,100
CTAS,Cintas Corporation - Common Stock,stock,Common Stock,Nasdaq Global Select Market,N,100
CTBI,"Community Trust Bancorp, Inc. - Common Stock",stock,Common Stock,Nasdaq Global Select Market,N,100
CTEC,Global X ClimateTech ETF,etf,ETF,Nasdaq Global Market,N,100
CTKB,"Cytek Biosciences, Inc. - Common Stock",stock,Common Stock,Nasdaq Global Select Market,N,100
CTMX,"CytomX Therapeutics, Inc. - Common Stock",stock,Common Stock,Nasdaq Global Select Market,N,100
CTNM,"Contineum Therapeutics, Inc. - Common stock",stock,Common Stock,Nasdaq Global Select Market,N,100
CTNT,Cheetah Net Supply Chain Service Inc. - Class A Common Stock,stock,Common Stock,Nasdaq Capital Market,N,100
CTOR,"Citius Oncology, Inc.  - Common Stock",stock,Common Stock,Nasdaq Capital Market,D,100
CTRM,Castor Maritime Inc. - Common Shares,stock,Common Stock,Nasdaq Capital Market,N,100
CTRN,"Citi Trends, Inc. - Common Stock",stock,Common Stock,Nasdaq Global Select Market,N,100
CTSH,Cognizant Technology Solutions Corporation - Class A Common Stock,stock,Common Stock,Nasdaq Global Select Market,N,100
CTSO,Cytosorbents Corporation - Common Stock,stock,Common Stock,Nasdaq Capital Market,D,100
CTW,CTW - Class A Ordinary Shares,stock,Ordinary Share,Nasdaq Capital Market,N,100
CTXR,"Citius Pharmaceuticals, Inc. - Common Stock",stock,Common Stock,Nasdaq Capital Market,D,100
CUB,Lionheart Holdings - Class A Ordinary Shares,stock,Ordinary Share,Nasdaq Global Market,N,100
CUBWU,Lionheart Holdings - Unit,stock,Unit,Nasdaq Global Market,N,100
CUBWW,Lionheart Holdings - Warrant,stock,Warrant,Nasdaq Global Market,N,100
CUE,"Cue Biopharma, Inc. - Common Stock",stock,Common Stock,Nasdaq Capital Market,N,100
CULP,"Culp, Inc. - Common Shares",stock,Common Stock,Nasdaq Capital Market,N,100
CUPR,Cuprina Holdings (Cayman) Limited - Class A Ordinary shares,stock,Ordinary Share,Nasdaq Capital Market,N,100
CURI,CuriosityStream Inc.  - Class A Common Stock,stock,Common Stock,Nasdaq Capital Market,N,100
CURR,Currenc Group Inc. - Ordinary Shares,stock,Ordinary Share,Nasdaq Global Market,N,100
CURX,Curanex Pharmaceuticals Inc - Common Stock,stock,Common Stock,Nasdaq Capital Market,D,100
CUVL,Clinuvel Pharmaceuticals Limited - American Depositary Shares,stock,Depositary Share,Nasdaq Global Select Market,N,100
CV,"CapsoVision, Inc. - Common Stock",stock,Common Stock,Nasdaq Capital Market,N,100
CVBF,CVB Financial Corporation - Common Stock,stock,Common Stock,Nasdaq Global Select Market,N,100
CVCO,"Cavco Industries, Inc. - Common Stock",stock,Common Stock,Nasdaq Global Select Market,N,40
CVGI,"Commercial Vehicle Group, Inc. - Common Stock",stock,Common Stock,Nasdaq Global Select Market,N,100
CVKD,"Cadrenal Therapeutics, Inc. - Common Stock",stock,Common Stock,Nasdaq Capital Market,N,100
CVLT,"Commvault Systems, Inc. - Common Stock",stock,Common Stock,Nasdaq Global Select Market,N,100
CVRX,"CVRx, Inc. - Common Stock",stock,Common Stock,Nasdaq Global Select Market,N,100
CVV,CVD Equipment Corporation - Common Stock,stock,Common Stock,Nasdaq Capital Market,N,100
CWBC,Community West Bancshares - Common Stock,stock,Common Stock,Nasdaq Capital Market,N,100
CWCO,Consolidated Water Co. Ltd. - Ordinary Shares,stock,Ordinary Share,Nasdaq Global Select Market,N,100
CWD,CaliberCos Inc. - Class A Common Stock,stock,Common Stock,Nasdaq Capital Market,N,100
CWST,"Casella Waste Systems, Inc. - Class A Common Stock",stock,Common Stock,Nasdaq Global Select Market,N,100
CWY,GraniteShares YieldBOOST CRWV ETF,etf,ETF,Nasdaq Global Market,N,100
CXAI,CXApp Inc. - Class A Common Stock,stock,Common Stock,Nasdaq Capital Market,D,100
CXAIW,CXApp Inc. - Warrant,stock,Warrant,Nasdaq Capital Market,N,100
CXDO,"Crexendo, Inc. - Common Stock",stock,Common Stock,Nasdaq Capital Market,N,100
CXII,Churchill Capital Corp XII - Class A Ordinary Shares,stock,Ordinary Share,Nasdaq Global Market,N,100
CXIIU,Churchill Capital Corp XII - Units,stock,Unit,Nasdaq Global Market,N,100
CXIIW,Churchill Capital Corp XII - Warrants,stock,Warrant,Nasdaq Global Market,N,100
CXSE,WisdomTree China ex-State-Owned Enterprises Fund,etf,ETF,Nasdaq Global Market,N,100
CYAB,"Cyabra, Inc. - Common Stock",stock,Common Stock,Nasdaq Global Market,D,100
CYCN,"Cyclerion Therapeutics, Inc. - Common Stock",stock,Common Stock,Nasdaq Capital Market,N,100
CYCU,"Cycurion, Inc. - Common Stock",stock,Common Stock,Nasdaq Global Market,D,100
CYCUW,"Cycurion, Inc. - Warrants",stock,Warrant,Nasdaq Capital Market,N,100
CYN,Cyngn Inc. - Common stock,stock,Common Stock,Nasdaq Capital Market,N,100
CYPH,Cypherpunk Technologies Inc. - Common Stock,stock,Common Stock,Nasdaq Capital Market,D,100
CYRX,"CryoPort, Inc. - Common Stock",stock,Common Stock,Nasdaq Capital Market,N,100
CYTK,"Cytokinetics, Incorporated - Common Stock",stock,Common Stock,Nasdaq Global Select Market,N,100
CZFS,"Citizens Financial Services, Inc. - Common Stock",stock,Common Stock,Nasdaq Capital Market,N,100
CZNC,Citizens & Northern Corp - Common Stock,stock,Common Stock,Nasdaq Capital Market,N,100
CZR,"Caesars Entertainment, Inc. - Common Stock",stock,Common Stock,Nasdaq Global Select Market,N,100
CZWI,"Citizens Community Bancorp, Inc. - Common Stock",stock,Common Stock,Nasdaq Global Market,N,100
DAAQ,Digital Asset Acquisition Corp. - Class A Ordinary shares,stock,Ordinary Share,Nasdaq Global Market,N,100
DAAQU,Digital Asset Acquisition Corp. - Units,stock,Unit,Nasdaq Global Market,N,100
DAAQW,Digital Asset Acquisition Corp. - Warrant,stock,Warrant,Nasdaq Global Market,N,100
DADS,Digital Asset Debt Strategy ETF,etf,ETF,Nasdaq Global Market,N,100
DAIC,"CID HoldCo, Inc. - Common Stock",stock,Common Stock,Nasdaq Global Market,D,100
DAICW,"CID HoldCo, Inc. - Warrants",stock,Warrant,Nasdaq Global Market,D,100
DAIO,Data I/O Corporation - Common Stock,stock,Common Stock,Nasdaq Capital Market,N,100
DAK,Dakota Active Equity ETF,etf,ETF,Nasdaq Global Market,N,100
DAKT,"Daktronics, Inc. - Common Stock",stock,Common Stock,Nasdaq Global Select Market,N,100
DALI,First Trust Dorsey Wright DALI Equity ETF,etf,ETF,Nasdaq Global Market,N,100
DAPP,VanEck Digital Transformation ETF,etf,ETF,Nasdaq Global Market,N,100
DARE,"Dare Bioscience, Inc. - Common Stock",stock,Common Stock,Nasdaq Capital Market,D,100
DASH,"DoorDash, Inc. - Common Stock",stock,Common Stock,Nasdaq Global Select Market,N,100
DAVE,Dave Inc.  - Class A Common Stock,stock,Common Stock,Nasdaq Global Market,N,100
DAVEW,Dave Inc.  - Warrants,stock,Warrant,Nasdaq Global Market,N,100
DAX,Global X DAX Germany ETF,etf,ETF,Nasdaq Global Market,N,100
DBCA,D. Boral Acquisition I Corp. - Class A Ordinary Shares,stock,Ordinary Share,Nasdaq Global Market,N,100
DBCAU,D. Boral Acquisition I Corp. - Unit,stock,Unit,Nasdaq Global Market,N,100
DBCAW,D. Boral Acquisition I Corp. - Warrants,stock,Warrant,Nasdaq Global Market,N,100
DBGI,"Digital Brands Group, Inc. - Common Stock",stock,Common Stock,Nasdaq Capital Market,N,100
DBVT,DBV Technologies S.A. - American Depositary Shares,stock,Depositary Share,Nasdaq Capital Market,N,100
DBX,"Dropbox, Inc. - Class A Common Stock",stock,Common Stock,Nasdaq Global Select Market,N,100
DCBO,Docebo Inc. - Common Shares,stock,Common Stock,Nasdaq Global Select Market,N,100
DCGO,DocGo Inc. - Common Stock,stock,Common Stock,Nasdaq Capital Market,D,100
DCOY,Decoy Therapeutics Inc. - Common Stock,stock,Common Stock,Nasdaq Capital Market,N,100
DCTH,"Delcath Systems, Inc. - Common Stock",stock,Common Stock,Nasdaq Capital Market,N,100
DCX,Digital Currency X Technology Inc. - Class A Ordinary Shares,stock,Ordinary Share,Nasdaq Capital Market,N,100
DDI,"DoubleDown Interactive Co., Ltd. - American Depository Shares",stock,Nasdaq Listed Security,Nasdaq Global Select Market,N,100
DDIV,First Trust Dorsey Wright Momentum & Dividend ETF,etf,ETF,Nasdaq Global Market,N,100
DDOG,"Datadog, Inc. - Class A Common Stock",stock,Common Stock,Nasdaq Global Select Market,N,100
DECO,State Street Galaxy Digital Asset Ecosystem ETF,etf,ETF,Nasdaq Global Market,N,100
DEFT,"Defi Technologies, Inc. - Common Stock",stock,Common Stock,Nasdaq Capital Market,D,100
DEMZ,Democratic Large Cap Core ETF,etf,ETF,Nasdaq Global Market,N,100
DERM,Journey Medical Corporation - Common Stock,stock,Common Stock,Nasdaq Capital Market,N,100
DETX,"Liberty Defense Holdings, Ltd. - Common Shares",stock,Common Stock,Nasdaq Capital Market,N,100
DFDV,DeFi Development Corp. - Common Stock,stock,Common Stock,Nasdaq Capital Market,N,100
DFDVW,DeFi Development Corp. - Warrant,stock,Warrant,Nasdaq Capital Market,N,100
DFGP,Dimensional Global Core Plus Fixed Income ETF,etf,ETF,Nasdaq Global Market,N,100
DFGX,Dimensional International Core Fixed Income ETF,etf,ETF,Nasdaq Global Market,N,100
DFLI,Dragonfly Energy Holdings Corp - Common Stock,stock,Common Stock,Nasdaq Capital Market,N,100
DFLIW,Dragonfly Energy Holdings Corp - Warrant,stock,Warrant,Nasdaq Capital Market,N,100
DFNS,T3 Defense Inc. - Common Stock,stock,Common Stock,Nasdaq Global Market,D,100
DFNSW,T3 Defense Inc. - Warrants,stock,Warrant,Nasdaq Capital Market,N,100
DFSC,"DEFSEC Technologies Inc. - common stock, no R/S concurrent with offering",stock,Common Stock,Nasdaq Capital Market,N,100
DFSCW,DEFSEC Technologies Inc. - warrant,stock,Warrant,Nasdaq Capital Market,N,100
DFTX,"Definium Therapeutics, Inc.  - Common Shares",stock,Common Stock,Nasdaq Global Select Market,N,100
DGCB,Dimensional Global Credit ETF,etf,ETF,Nasdaq Global Market,N,100
DGICA,"Donegal Group, Inc. - Class A Common Stock",stock,Common Stock,Nasdaq Global Select Market,N,100
DGICB,"Donegal Group, Inc. - Class B Common Stock",stock,Common Stock,Nasdaq Global Select Market,N,100
DGII,Digi International Inc. - Common Stock,stock,Common Stock,Nasdaq Global Select Market,N,100
DGLO,First Trust RBA Deglobalization ETF,etf,ETF,Nasdaq Global Market,N,100
DGNX,Diginex Limited - Ordinary Shares,stock,Ordinary Share,Nasdaq Capital Market,N,100
DGRE,WisdomTree Emerging Markets Quality Dividend Growth Fund,etf,ETF,Nasdaq Global Market,N,100
DGRS,WisdomTree U.S. SmallCap Quality Dividend Growth Fund,etf,ETF,Nasdaq Global Market,N,100
DGRW,WisdomTree U.S. Quality Dividend Growth Fund,etf,ETF,Nasdaq Global Market,N,100
DGXX,Digi Power X Inc. - Common Subordinate Voting Shares,stock,Nasdaq Listed Security,Nasdaq Capital Market,N,100
DH,Definitive Healthcare Corp. - Class A Common Stock,stock,Common Stock,Nasdaq Global Select Market,D,100
DHC,Diversified Healthcare Trust  - Common Shares of Beneficial Interest,stock,Common Stock,Nasdaq Global Select Market,N,100
DHCNI,Diversified Healthcare Trust  - 5.625% Senior Notes due 2042,stock,Note,Nasdaq Global Select Market,N,100
DHCNL,Diversified Healthcare Trust  - 6.25% Senior Notes Due 2046,stock,Note,Nasdaq Global Select Market,N,100
DIBS,"1stdibs.com, Inc. - Common Stock",stock,Common Stock,Nasdaq Global Market,N,100
DIME,CoinShares Altcoins ETF,etf,ETF,Nasdaq Global Market,N,100
DINE,Simplify Tax Aware Diversified Income Strategy ETF,etf,ETF,Nasdaq Global Market,N,100
DIOD,Diodes Incorporated - Common Stock,stock,Common Stock,Nasdaq Global Select Market,N,100
DIVD,Altrius Global Dividend ETF,etf,ETF,Nasdaq Global Market,N,100
DJCO,Daily Journal Corp. (S.C.) - Common Stock,stock,Common Stock,Nasdaq Capital Market,N,40
DJT,Trump Media & Technology Group Corp. - Common Stock,stock,Common Stock,Nasdaq Global Market,N,100
DJTWW,Trump Media & Technology Group Corp. - Warrants,stock,Warrant,Nasdaq Global Market,N,100
DKI,DarkIris Inc. - Class A Ordinary Shares,stock,Ordinary Share,Nasdaq Capital Market,N,100
DKNG,DraftKings Inc. - Class A Common Stock,stock,Common Stock,Nasdaq Global Select Market,N,100
DKNX,Defiance Daily Target 2X Long DKNG ETF,etf,ETF,Nasdaq Global Market,N,100
DLCU,U.S. Large Company Portfolio: ETF Class Shares,etf,ETF,Nasdaq Global Market,N,100
DLHC,DLH Holdings Corp. - Common Stock,stock,Common Stock,Nasdaq Capital Market,N,100
DLLL,GraniteShares 2x Long DELL Daily ETF,etf,ETF,Nasdaq Global Market,N,100
DLO,DLocal Limited - Class A Common Shares,stock,Common Stock,Nasdaq Global Select Market,N,100
DLPN,"Dolphin Entertainment, Inc. - Common Stock",stock,Common Stock,Nasdaq Capital Market,N,100
DLTH,Duluth Holdings Inc. - Class B Common Stock,stock,Common Stock,Nasdaq Global Select Market,N,100
DLTR,"Dollar Tree, Inc. - Common Stock",stock,Common Stock,Nasdaq Global Select Market,N,100
DLXY,Delixy Holdings Limited - Class A Ordinary Shares,stock,Ordinary Share,Nasdaq Capital Market,D,100
DMAA,Drugs Made In America Acquisition Corp. - Ordinary Shares,stock,Ordinary Share,Nasdaq Global Market,N,100
DMAAR,Drugs Made In America Acquisition Corp. - Rights,stock,Right,Nasdaq Global Market,N,100
DMAAU,Drugs Made In America Acquisition Corp. - Units,stock,Unit,Nasdaq Global Market,N,100
DMAC,DiaMedica Therapeutics Inc. - Common Stock,stock,Common Stock,Nasdaq Capital Market,N,100
DMII,Drugs Made In America Acquisition II Corp. - Ordinary Shares,stock,Ordinary Share,Nasdaq Global Market,N,100
DMIIR,Drugs Made In America Acquisition II Corp. - Right,stock,Right,Nasdaq Global Market,N,100
DMIIU,Drugs Made In America Acquisition II Corp. - Unit,stock,Unit,Nasdaq Global Market,N,100
DMLP,"Dorchester Minerals, L.P. - Common Units Representing Limited Partnership Interests",stock,Unit,Nasdaq Global Select Market,N,100
DMRA,"Damora Therapeutics, Inc. - Ordinary Shares",stock,Ordinary Share,Nasdaq Capital Market,N,100
DMRC,Digimarc Corporation - Common Stock,stock,Common Stock,Nasdaq Global Select Market,N,100
DMXF,iShares ESG Advanced MSCI EAFE ETF,etf,ETF,Nasdaq Global Market,N,100
DNLI,Denali Therapeutics Inc. - Common Stock,stock,Common Stock,Nasdaq Global Select Market,N,100
DNMX,Dynamix Corporation III - Class A Ordinary Shares,stock,Ordinary Share,Nasdaq Global Market,N,100
DNMXU,Dynamix Corporation III - Unit,stock,Unit,Nasdaq Global Market,N,100
DNMXW,Dynamix Corporation III - Warrants,stock,Warrant,Nasdaq Global Market,N,100
DNTH,"Dianthus Therapeutics, Inc. - Common Stock",stock,Common Stock,Nasdaq Capital Market,N,100
DNUT,"Krispy Kreme, Inc. - Common Stock",stock,Common Stock,Nasdaq Global Select Market,N,100
DOCU,"DocuSign, Inc. - Common Stock",stock,Common Stock,Nasdaq Global Select Market,N,100
DOGZ,Dogness (International) Corporation - Class A Common Stock,stock,Common Stock,Nasdaq Capital Market,N,100
DOMH,Dominari Holdings Inc. - Common Stock,stock,Common Stock,Nasdaq Capital Market,N,100
DOMO,"Domo, Inc. - Class B Common Stock",stock,Common Stock,Nasdaq Global Market,N,100
DOO,BRP Inc. - Common Subordinate Voting Shares,stock,Nasdaq Listed Security,Nasdaq Global Select Market,N,100
DORM,"Dorman Products, Inc. - Common Stock",stock,Common Stock,Nasdaq Global Select Market,N,100
DOX,Amdocs Limited - Ordinary Shares,stock,Ordinary Share,Nasdaq Global Select Market,N,100
DOYU,DouYu International Holdings Limited - American Depositary Shares,stock,Depositary Share,Nasdaq Global Select Market,N,100
DPRO,Draganfly Inc. - Common Shares,stock,Common Stock,Nasdaq Capital Market,N,100
DPU,Top KingWin Ltd - Class A Ordinary Shares,stock,Ordinary Share,Nasdaq Capital Market,N,100
DPZ,Domino's Pizza Inc - Common Stock,stock,Common Stock,Nasdaq Global Select Market,N,40
DRCT,"Direct Digital Holdings, Inc. - Class A Common Stock",stock,Common Stock,Nasdaq Capital Market,D,100
DRDB,Roman DBDR Acquisition Corp. II - Ordinary shares,stock,Ordinary Share,Nasdaq Global Market,N,100
DRDBU,Roman DBDR Acquisition Corp. II - Unit,stock,Unit,Nasdaq Global Market,N,100
DRDBW,Roman DBDR Acquisition Corp. II - Warrants,stock,Warrant,Nasdaq Global Market,N,100
DRH,Diamondrock Hospitality Company - Common Stock,stock,Common Stock,Nasdaq Global Select Market,N,100
DRIO,DarioHealth Corp. - Common Stock,stock,Common Stock,Nasdaq Capital Market,N,100
DRIV,Global X Autonomous & Electric Vehicles ETF,etf,ETF,Nasdaq Global Market,N,100
DRMA,"Dermata Therapeutics, Inc. - Common Stock",stock,Common Stock,Nasdaq Capital Market,N,100
DRMAW,"Dermata Therapeutics, Inc. - Warrant",stock,Warrant,Nasdaq Capital Market,N,100
DRNZ,REX Drone ETF,etf,ETF,Nasdaq Global Market,N,100
DRS,"Leonardo DRS, Inc. - Common Stock",stock,Common Stock,Nasdaq Global Select Market,N,100
DRTS,Alpha Tau Medical Ltd. - Ordinary Shares,stock,Ordinary Share,Nasdaq Capital Market,N,100
DRTSW,Alpha Tau Medical Ltd. - Warrant,stock,Warrant,Nasdaq Capital Market,N,100
DRUG,Bright Minds Biosciences Inc. - common stock,stock,Common Stock,Nasdaq Capital Market,N,100
DRVN,Driven Brands Holdings Inc. - Common Stock,stock,Common Stock,Nasdaq Global Select Market,N,100
DSAC,Daedalus Special Acquisition Corp. - Class A Ordinary Shares,stock,Ordinary Share,Nasdaq Global Market,N,100
DSACU,Daedalus Special Acquisition Corp. - Unit,stock,Unit,Nasdaq Global Market,N,100
DSACW,Daedalus Special Acquisition Corp. - Warrant,stock,Warrant,Nasdaq Global Market,N,100
DSC,DSC Holdings Ltd. - American Depositary Shares,stock,Depositary Share,Nasdaq Global Market,N,100
DSGN,"Design Therapeutics, Inc. - Common Stock",stock,Common Stock,Nasdaq Global Select Market,N,100
DSGR,"Distribution Solutions Group, Inc. - Common Stock",stock,Common Stock,Nasdaq Global Select Market,N,100
DSGX,The Descartes Systems Group Inc. - Common Stock,stock,Common Stock,Nasdaq Global Select Market,N,100
DSP,Viant Technology Inc. - common stock,stock,Common Stock,Nasdaq Global Select Market,N,100
DSWL,"Deswell Industries, Inc. - Common Shares",stock,Common Stock,Nasdaq Global Market,N,100
DSY,Big Tree Cloud Holdings Limited - Class A Ordinary Shares,stock,Ordinary Share,Nasdaq Capital Market,N,100
DSYWW,Big Tree Cloud Holdings Limited - Warrants,stock,Warrant,Nasdaq Capital Market,N,100
DTCR,Global X Data Center & Digital Infrastructure ETF,etf,ETF,Nasdaq Global Market,N,100
DTCX,"Datacentrex, Inc. - Common Stock",stock,Common Stock,Nasdaq Capital Market,N,100
DTI,Drilling Tools International Corporation  - Common Stock,stock,Common Stock,Nasdaq Capital Market,N,100
DTIL,"Precision BioSciences, Inc. - Common Stock",stock,Common Stock,Nasdaq Capital Market,N,100
DTSQ,DT Cloud Star Acquisition Corporation - Ordinary Shares,stock,Ordinary Share,Nasdaq Capital Market,N,100
DTSQR,DT Cloud Star Acquisition Corporation - Right,stock,Right,Nasdaq Capital Market,N,100
DTSQU,DT Cloud Star Acquisition Corporation - Units,stock,Unit,Nasdaq Capital Market,N,100
DTSS,Datasea Intelligent Technology Ltd. - Class A Ordinary Shares,stock,Ordinary Share,Nasdaq Capital Market,D,100
DTST,Data Storage Corporation - Common Stock,stock,Common Stock,Nasdaq Capital Market,N,100
DUKH,Ocean Park High Income ETF,etf,ETF,Nasdaq Global Market,N,100
DUKR,DUKE Robotics Corp. - Common Stock,stock,Common Stock,Nasdaq Capital Market,N,100
DUKRW,DUKE Robotics Corp. - Warrant,stock,Warrant,Nasdaq Capital Market,N,100
DUKX,Ocean Park International ETF,etf,ETF,Nasdaq Global Market,N,100
DUO,Fangdd Network Group Ltd. - Class A Ordinary Shares,stock,Ordinary Share,Nasdaq Capital Market,D,100
DUOG,Leverage Shares 2X Long DUOL Daily ETF,etf,ETF,Nasdaq Global Market,N,100
DUOL,"Duolingo, Inc. - Class A Common Stock",stock,Common Stock,Nasdaq Global Select Market,N,100
DUOT,"Duos Technologies Group, Inc. - Common Stock",stock,Common Stock,Nasdaq Capital Market,N,100
DUSG,U.S. Small Cap Growth Portfolio: ETF Class Shares,etf,ETF,Nasdaq Global Market,N,100
DVAL,BrandywineGLOBAL-Dynamic US Large Cap Value ETF,etf,ETF,Nasdaq Global Market,N,100
DVGR,DAC 3D Dividend Growth ETF,etf,ETF,Nasdaq Global Market,N,100
DVIN,WEBs Industrials XLI Defined Volatility ETF,etf,ETF,Nasdaq Global Market,N,100
DVLT,Datavault AI Inc. - Common Stock,stock,Common Stock,Nasdaq Capital Market,D,100
DVLU,First Trust Dorsey Wright Momentum & Value ETF,etf,ETF,Nasdaq Global Market,N,100
DVOL,First Trust Dorsey Wright Momentum & Low Volatility ETF,etf,ETF,Nasdaq Global Market,N,100
DVQQ,WEBs QQQ Defined Volatility ETF,etf,ETF,Nasdaq Global Market,N,100
DVRE,WEBs Real Estate XLRE Defined Volatility ETF,etf,ETF,Nasdaq Global Market,N,100
DVSP,WEBs SPY Defined Volatility ETF,etf,ETF,Nasdaq Global Market,N,100
DVUT,WEBs Utilities XLU Defined Volatility ETF,etf,ETF,Nasdaq Global Market,N,100
DVXB,WEBs Materials XLB Defined Volatility ETF,etf,ETF,Nasdaq Global Market,N,100
DVXC,WEBs Communication Services XLC Defined Volatility ETF,etf,ETF,Nasdaq Global Market,N,100
DVXE,WEBs Energy XLE Defined Volatility ETF,etf,ETF,Nasdaq Global Market,N,100
DVXF,WEBs Financial XLF Defined Volatility ETF,etf,ETF,Nasdaq Global Market,N,100
DVXK,WEBs Technology XLK Defined Volatility ETF,etf,ETF,Nasdaq Global Market,N,100
DVXP,WEBs Consumer Staples XLP Defined Volatility ETF,etf,ETF,Nasdaq Global Market,N,100
DVXV,WEBs Health Care XLV Defined Volatility ETF,etf,ETF,Nasdaq Global Market,N,100
DVXY,WEBs Consumer Discretionary XLY Defined Volatility ETF,etf,ETF,Nasdaq Global Market,N,100
DVY,iShares Select Dividend ETF,etf,ETF,Nasdaq Global Market,N,100
DWAS,Invesco Dorsey Wright SmallCap Momentum ETF,etf,ETF,Nasdaq Global Market,N,100
DWAW,AdvisorShares Dorsey Wright FSM All Cap World ETF,etf,ETF,Nasdaq Global Market,N,100
DWSH,AdvisorShares Dorsey Wright Short ETF,etf,ETF,Nasdaq Global Market,N,100
DWSN,Dawson Geophysical Company - Common Stock,stock,Common Stock,Nasdaq Global Select Market,N,100
DWTX,"Dogwood Therapeutics, Inc.  - Common Stock",stock,Common Stock,Nasdaq Capital Market,N,100
DWUS,AdvisorShares Dorsey Wright FSM US Core ETF,etf,ETF,Nasdaq Global Market,N,100
DXCM,"DexCom, Inc. - Common Stock",stock,Common Stock,Nasdaq Global Select Market,N,100
DXLG,"Destination XL Group, Inc. - Common Stock",stock,Common Stock,Nasdaq Global Market,D,100
DXPE,"DXP Enterprises, Inc. - Common Stock",stock,Common Stock,Nasdaq Global Select Market,N,100
DXR,Daxor Corporation - Closed End Fund,stock,Closed-End Fund,Nasdaq Capital Market,N,100
DXST,Decent Holding Inc. - Class A Ordinary Shares,stock,Ordinary Share,Nasdaq Capital Market,N,100
DYAI,"Dyadic International, Inc. - Common Stock",stock,Common Stock,Nasdaq Capital Market,N,100
DYFI,IDX Dynamic Fixed Income ETF,etf,ETF,Nasdaq Global Market,N,100
DYN,"Dyne Therapeutics, Inc. - Common Stock",stock,Common Stock,Nasdaq Global Select Market,N,100
DYNB,Hartford Dynamic Bond ETF,etf,ETF,Nasdaq Global Market,N,100
DYNC,Dynamix Corporation - Class A Ordinary Share,stock,Ordinary Share,Nasdaq Global Market,N,100
DYNCU,Dynamix Corporation - Unit,stock,Unit,Nasdaq Global Market,N,100
DYNCW,Dynamix Corporation - Warrant,stock,Warrant,Nasdaq Global Market,N,100
DYOR,Insight Digital Partners II - Class A Ordinary Shares,stock,Ordinary Share,Nasdaq Global Market,N,100
DYORU,Insight Digital Partners II - Units,stock,Unit,Nasdaq Global Market,N,100
DYORW,Insight Digital Partners II - Warrants,stock,Warrant,Nasdaq Global Market,N,100
DYTA,SGI Dynamic Tactical ETF,etf,ETF,Nasdaq Global Market,N,100
EART,Global X Rare Earth & Critical Materials ETF,etf,ETF,Nasdaq Global Market,N,100
EASY,Liberty One Defensive Dividend Growth ETF,etf,ETF,Nasdaq Global Market,N,100
EBAY,eBay Inc. - Common Stock,stock,Common Stock,Nasdaq Global Select Market,N,100
EBC,"Eastern Bankshares, Inc. - Common Stock",stock,Common Stock,Nasdaq Global Select Market,N,100
EBI,Longview Advantage ETF,etf,ETF,Nasdaq Global Market,N,100
EBIZ,Global X E-commerce ETF,etf,ETF,Nasdaq Global Market,N,100
EBMT,"Eagle Bancorp Montana, Inc. - Common Stock",stock,Common Stock,Nasdaq Global Market,N,100
EBON,Ebang International Holdings Inc. - Class A Ordinary Shares,stock,Ordinary Share,Nasdaq Global Select Market,N,100
ECBK,"ECB Bancorp, Inc. - Common Stock",stock,Common Stock,Nasdaq Capital Market,N,100
ECHO,EchoStar Corporation - Common stock,stock,Common Stock,Nasdaq Global Select Market,N,100
ECHX,Leverage Shares 2X Long ECHO Daily ETF,etf,ETF,Nasdaq Global Market,N,100
ECOR,"electroCore, Inc. - Common Stock",stock,Common Stock,Nasdaq Capital Market,N,100
ECOW,Pacer Emerging Markets Cash Cows 100 ETF,etf,ETF,Nasdaq Global Market,N,100
ECPG,Encore Capital Group Inc - Common Stock,stock,Common Stock,Nasdaq Global Select Market,N,100
ECX,ECARX Holdings Inc. - Class A Ordinary shares,stock,Ordinary Share,Nasdaq Global Market,N,100
ECXWW,ECARX Holdings Inc. - Warrants,stock,Warrant,Nasdaq Capital Market,N,100
EDBL,Edible Garden AG Incorporated - Common Stock,stock,Common Stock,Nasdaq Capital Market,D,100
EDBLW,Edible Garden AG Incorporated - Warrant,stock,Warrant,Nasdaq Capital Market,N,100
EDHL,Everbright Digital Holding Limited - Ordinary Shares,stock,Ordinary Share,Nasdaq Capital Market,N,100
EDIT,"Editas Medicine, Inc. - Common Stock",stock,Common Stock,Nasdaq Global Select Market,N,100
EDRY,EuroDry Ltd. - Common Shares,stock,Common Stock,Nasdaq Capital Market,N,100
EDSA,"Edesa Biotech, Inc. - Common Shares",stock,Common Stock,Nasdaq Capital Market,N,100
EDTK,Skillful Craftsman Education Technology Limited - Ordinary Share,stock,Ordinary Share,Nasdaq Capital Market,N,100
EDUC,Educational Development Corporation - Common Stock,stock,Common Stock,Nasdaq Global Market,N,100
EEE,CYBER HORNET S&P 500 and Ethereum 75/25 Strategy ETF,etf,ETF,Nasdaq Global Market,N,100
EEFT,"Euronet Worldwide, Inc. - Common Stock",stock,Common Stock,Nasdaq Global Select Market,N,100
EEIQ,EpicQuest Education Group International Limited - Common Stock,stock,Common Stock,Nasdaq Capital Market,N,100
EEMA,iShares MSCI Emerging Markets Asia ETF,etf,ETF,Nasdaq Global Market,N,100
EFAS,Global X MSCI SuperDividend EAFE ETF,etf,ETF,Nasdaq Global Market,N,100
EFOI,"Energy Focus, Inc. - Common Stock",stock,Common Stock,Nasdaq Capital Market,N,100
EFRA,iShares Environmental Infrastructure and Industrials ETF,etf,ETF,Nasdaq Global Market,N,100
EFSC,Enterprise Financial Services Corporation - Common Stock,stock,Common Stock,Nasdaq Global Select Market,N,100
EFSCP,"Enterprise Financial Services Corporation - Depositary Shares Each Representing a 1/40th Interest in a Share of 5% Fixed Rate Non-Cumulative Perpetual Preferred Stock, Series A",stock,Preferred,Nasdaq Global Select Market,N,100
EFSI,Eagle Financial Services Inc - Common Stock,stock,Common Stock,Nasdaq Capital Market,N,100
EFTY,"Etoiles Capital Group Co., Ltd. - Class A Ordinary Shares",stock,Ordinary Share,Nasdaq Capital Market,N,100
EGAN,eGain Corporation - Common Stock,stock,Common Stock,Nasdaq Capital Market,N,100
EGBN,"Eagle Bancorp, Inc. - Common Stock",stock,Common Stock,Nasdaq Capital Market,N,100
EGGQ,NestYield Visionary ETF,etf,ETF,Nasdaq Global Market,N,100
EGHA,EGH Acquisition Corp. - Class A ordinary shares,stock,Ordinary Share,Nasdaq Global Market,N,100
EGHAR,EGH Acquisition Corp. - rights,stock,Right,Nasdaq Global Market,N,100
EGHAU,EGH Acquisition Corp. - Unit,stock,Unit,Nasdaq Global Market,N,100
EGHT,8x8 Inc - Common stock,stock,Common Stock,Nasdaq Global Select Market,N,100
EH,EHang Holdings Limited - ADS,stock,Nasdaq Listed Security,Nasdaq Global Market,N,100
EHGO,Eshallgo Inc. - Class A Ordinary Shares,stock,Ordinary Share,Nasdaq Capital Market,N,100
EHLD,Euroholdings Ltd. - Common Stock,stock,Common Stock,Nasdaq Capital Market,N,100
EHLS,Even Herd Long Short ETF,etf,ETF,Nasdaq Global Market,N,100
EHTH,"eHealth, Inc. - Common Stock",stock,Common Stock,Nasdaq Global Select Market,N,100
EIKN,"Eikon Therapeutics, Inc. - Common Stock",stock,Common Stock,Nasdaq Global Select Market,N,100
EJH,E-Home Household Service Holdings Limited - Ordinary shares,stock,Ordinary Share,Nasdaq Capital Market,D,100
EKG,First Trust Nasdaq Lux Digital Health Solutions ETF,etf,ETF,Nasdaq Global Market,N,100
ELAB,PMGC Holdings Inc. - Common Stock,stock,Common Stock,Nasdaq Capital Market,N,100
ELBM,Electra Battery Materials Corporation - Common Stock,stock,Common Stock,Nasdaq Capital Market,D,100
ELDN,"Eledon Pharmaceuticals, Inc. - Common Stock",stock,Common Stock,Nasdaq Capital Market,N,100
ELE,Elemental Royalty Corporation - Common Stock,stock,Common Stock,Nasdaq Capital Market,N,100
ELFY,ALPS Electrification Infrastructure ETF,etf,ETF,Nasdaq Global Market,N,100
ELIL,Direxion Daily LLY Bull 2X ETF,etf,ETF,Nasdaq Global Market,N,100
ELMT,The Elmet Group Co. - Common Stock,stock,Common Stock,Nasdaq Capital Market,N,100
ELOG,Eastern International Ltd. - Ordinary Shares,stock,Ordinary Share,Nasdaq Capital Market,N,100
ELOL,Leverage Shares 100% TSLA AND 100% SPCX Daily ETF,etf,ETF,Nasdaq Global Market,N,100
ELOX,"Eloxx Pharmaceuticals, Inc. - Common Stock",stock,Common Stock,Nasdaq Capital Market,N,100
ELPW,Elong Power Holding Limited - Class A Ordinary Shares,stock,Ordinary Share,Nasdaq Capital Market,N,100
ELTK,Eltek Ltd. - Ordinary Shares,stock,Ordinary Share,Nasdaq Capital Market,N,100
ELTX,"Elicio Therapeutics, Inc. - Common Stock",stock,Common Stock,Nasdaq Capital Market,N,100
ELUT,"Elutia, Inc. - Class A Common Stock",stock,Common Stock,Nasdaq Capital Market,N,100
ELVA,Electrovaya Inc. - Common Shares,stock,Common Stock,Nasdaq Capital Market,N,100
ELVN,"Enliven Therapeutics, Inc.  - Common Stock",stock,Common Stock,Nasdaq Global Select Market,N,100
ELVR,Elevra Lithium Limited - American Depository Shares,stock,Nasdaq Listed Security,Nasdaq Capital Market,N,100
ELWT,"Elauwit Connection, Inc. - Common Stock",stock,Common Stock,Nasdaq Capital Market,N,100
EMAT,Evolution Metals & Technologies Corp. - Common Stock,stock,Common Stock,Nasdaq Global Market,N,100
EMB,iShares J.P. Morgan USD Emerging Markets Bond ETF,etf,ETF,Nasdaq Global Market,N,100
EMBC,Embecta Corp. - Common Stock,stock,Common Stock,Nasdaq Global Select Market,N,100
EMCB,WisdomTree Emerging Markets Corporate Bond Fund,etf,ETF,Nasdaq Global Market,N,100
EMEM,Sophus Capital Emerging Market ETF,etf,ETF,Nasdaq Global Market,N,100
EMEQ,Nomura Focused Emerging Markets Equity ETF,etf,ETF,Nasdaq Global Market,N,100
EMIF,iShares Emerging Markets Infrastructure ETF,etf,ETF,Nasdaq Global Market,N,100
EMIS,Emmis Acquisition Corp. - Class A Ordinary Share,stock,Ordinary Share,Nasdaq Global Market,N,100
EMISR,Emmis Acquisition Corp. - Rights,stock,Right,Nasdaq Global Market,N,100
EML,Eastern Company (The) - Common Stock,stock,Common Stock,Nasdaq Global Market,N,100
EMPD,Empery Digital Inc. - Common stock,stock,Common Stock,Nasdaq Global Select Market,N,100
EMSC,Sophus Capital Emerging Market Small Cap ETF,etf,ETF,Nasdaq Global Market,N,100
EMXC,iShares MSCI Emerging Markets ex China ETF,etf,ETF,Nasdaq Global Market,N,100
EMXF,iShares ESG Advanced MSCI EM ETF,etf,ETF,Nasdaq Global Market,N,100
ENDW,Cambria Endowment Style ETF,etf,ETF,Nasdaq Global Market,N,100
ENGN,enGene Therapeutics Inc. - Common Stock,stock,Common Stock,Nasdaq Capital Market,N,100
ENGNW,enGene Therapeutics Inc. - Warrants,stock,Warrant,Nasdaq Capital Market,N,100
ENGS,Energys Group Limited - Ordinary Shares,stock,Ordinary Share,Nasdaq Capital Market,N,100
ENHI,iShares Enhanced International Active ETF,etf,ETF,Nasdaq Global Market,N,100
ENHU,iShares Enhanced Large Cap Core Active ETF,etf,ETF,Nasdaq Global Market,N,100
ENLT,Enlight Renewable Energy Ltd. - Ordinary Shares,stock,Ordinary Share,Nasdaq Global Select Market,N,100
ENLV,Enlivex Ltd. - Ordinary Shares,stock,Ordinary Share,Nasdaq Capital Market,N,100
ENPH,"Enphase Energy, Inc. - Common Stock",stock,Common Stock,Nasdaq Global Market,N,100
ENRD,Einride AB - American Depositary Shares,stock,Depositary Share,Nasdaq Global Market,N,100
ENRDW,Einride AB - Warrants,stock,Warrant,Nasdaq Capital Market,N,100
ENSC,"Ensysce Biosciences, Inc. - Common Stock",stock,Common Stock,Nasdaq Capital Market,D,100
ENSG,"The Ensign Group, Inc. - Common Stock",stock,Common Stock,Nasdaq Global Select Market,N,100
ENTA,"Enanta Pharmaceuticals, Inc. - Common Stock",stock,Common Stock,Nasdaq Global Select Market,N,100
ENTG,"Entegris, Inc. - Common Stock",stock,Common Stock,Nasdaq Global Select Market,N,100
ENTX,Entera Bio Ltd. - Ordinary Shares,stock,Ordinary Share,Nasdaq Capital Market,N,100
ENVB,"Enveric Biosciences, Inc.  - Common Stock",stock,Common Stock,Nasdaq Capital Market,N,100
ENVX,Enovix Corporation - Common Stock,stock,Common Stock,Nasdaq Global Select Market,N,100
ENZL,iShares MSCI New Zealand ETF,etf,ETF,Nasdaq Global Market,N,100
EOLS,"Evolus, Inc. - Common Stock",stock,Common Stock,Nasdaq Global Market,N,100
EOSE,"Eos Energy Enterprises, Inc. - Common Stock",stock,Common Stock,Nasdaq Capital Market,N,100
EOSEW,"Eos Energy Enterprises, Inc. - Warrant",stock,Warrant,Nasdaq Capital Market,N,100
EPOW,E-Power Inc. - Class A Ordinary Shares,stock,Ordinary Share,Nasdaq Capital Market,D,100
EPRX,Eupraxia Pharmaceuticals Inc. - Common Stock,stock,Common Stock,Nasdaq Capital Market,N,100
EPSM,Epsium Enterprise Limited - Class A Ordinary Shares,stock,Ordinary Share,Nasdaq Capital Market,N,100
EPSN,Epsilon Energy Ltd. - Common Shares,stock,Common Stock,Nasdaq Global Market,N,100
EQ,"Equillium, Inc. - Common Stock",stock,Common Stock,Nasdaq Capital Market,N,100
EQIX,"Equinix, Inc. - Common Stock",stock,Common Stock,Nasdaq Global Select Market,N,40
EQPT,EquipmentShare.com Inc - Class A Common Stock,stock,Common Stock,Nasdaq Global Select Market,N,100
EQQQ,ProShares Ultra QQQ Equal Weight,etf,ETF,Nasdaq Global Market,N,100
EQRR,ProShares Equities for Rising Rates ETF,etf,ETF,Nasdaq Global Market,N,100
ERAS,"Erasca, Inc. - Common Stock",stock,Common Stock,Nasdaq Global Select Market,N,100
ERET,iShares Environmentally Aware Real Estate ETF,etf,ETF,Nasdaq Global Market,N,100
ERIC,Ericsson - American Depositary Shares each representing 1 underlying Class B share,stock,Depositary Share,Nasdaq Global Select Market,N,100
ERIE,Erie Indemnity Company - Class A Common Stock,stock,Common Stock,Nasdaq Global Select Market,N,100
ERII,"Energy Recovery, Inc. - Common Stock",stock,Common Stock,Nasdaq Global Select Market,N,100
ERNA,Ernexa Therapeutics Inc. - Common Stock,stock,Common Stock,Nasdaq Capital Market,N,100
ERNAW,Ernexa Therapeutics Inc. - Warrants,stock,Warrant,Nasdaq Capital Market,N,100
ESCA,"Escalade, Incorporated - Common Stock",stock,Common Stock,Nasdaq Global Market,N,100
ESEA,Euroseas Ltd. - Common Stock,stock,Common Stock,Nasdaq Capital Market,N,100
ESGD,iShares ESG Aware MSCI EAFE ETF,etf,ETF,Nasdaq Global Market,N,100
ESGE,iShares ESG Aware MSCI EM ETF,etf,ETF,Nasdaq Global Market,N,100
ESGU,iShares ESG Aware MSCI USA ETF,etf,ETF,Nasdaq Global Market,N,100
ESLA,"Estrella Immunopharma, Inc. - Common Stock",stock,Common Stock,Nasdaq Capital Market,N,100
ESLAW,"Estrella Immunopharma, Inc. - Warrant",stock,Warrant,Nasdaq Capital Market,N,100
ESLT,Elbit Systems Ltd. - Ordinary Shares,stock,Ordinary Share,Nasdaq Global Select Market,N,40
ESMV,iShares ESG Optimized MSCI USA Min Vol Factor ETF,etf,ETF,Nasdaq Global Market,N,100
ESN,Essential 40 Stock ETF,etf,ETF,Nasdaq Global Market,N,100
ESOA,Energy Services of America Corporation - Common Stock,stock,Common Stock,Nasdaq Capital Market,N,100
ESPO,VanEck Video Gaming and eSports ETF,etf,ETF,Nasdaq Global Market,N,100
ESQ,"Esquire Financial Holdings, Inc. - Common Stock",stock,Common Stock,Nasdaq Capital Market,N,100
ESTA,Establishment Labs Holdings Inc. - Common Shares,stock,Common Stock,Nasdaq Capital Market,N,100
ETEC,iShares Breakthrough Environmental Solutions ETF,etf,ETF,Nasdaq Global Market,N,100
ETHA,iShares Ethereum Trust ETF,etf,ETF,Nasdaq Global Market,N,100
ETHB,iShares Staked Ethereum Trust ETF,etf,ETF,Nasdaq Global Market,N,100
ETON,"Eton Pharmaceuticals, Inc. - Common Stock",stock,Common Stock,Nasdaq Global Market,N,100
ETOR,eToro Group Ltd. - Class A Common Shares,stock,Common Stock,Nasdaq Global Select Market,N,100
ETS,Elite Express Holding Inc. - Class A Common Stock,stock,Common Stock,Nasdaq Capital Market,D,100
EU,enCore Energy Corp. - Common Stock,stock,Common Stock,Nasdaq Capital Market,N,100
EUDA,Euda Health Holdings Limited - Ordinary Shares,stock,Ordinary Share,Nasdaq Capital Market,N,100
EUDAW,Euda Health Holdings Limited - Warrant,stock,Warrant,Nasdaq Capital Market,N,100
EUFN,iShares MSCI Europe Financials ETF,etf,ETF,Nasdaq Global Market,N,100
EURK,Eureka Acquisition Corp - Class A Ordinary Share,stock,Ordinary Share,Nasdaq Capital Market,D,100
EURKR,Eureka Acquisition Corp - Right,stock,Right,Nasdaq Capital Market,N,100
EURKU,Eureka Acquisition Corp - Unit,stock,Unit,Nasdaq Capital Market,N,100
EVAX,Evaxion A/S - American Depositary Share,stock,Depositary Share,Nasdaq Capital Market,N,100
EVCM,EverCommerce Inc. - Common Stock,stock,Common Stock,Nasdaq Global Select Market,N,100
EVER,"EverQuote, Inc. - Class A Common Stock",stock,Common Stock,Nasdaq Global Market,N,100
EVGN,Evogene Ltd. - Ordinary Shares,stock,Ordinary Share,Nasdaq Capital Market,D,100
EVGO,EVgo Inc. - Common Stock,stock,Common Stock,Nasdaq Global Select Market,N,100
EVLV,"Evolv Technologies Holdings, Inc. - Class A Common Stock",stock,Common Stock,Nasdaq Capital Market,N,100
EVMT,Invesco Electric Vehicle Metals Commodity Strategy No K-1 ETF,etf,ETF,Nasdaq Global Market,N,100
EVO,Evotec SE - American Depositary Shares each representing 1/2 of one ordinary share,stock,Depositary Share,Nasdaq Global Select Market,N,100
EVOX,Evolution Global Acquisition Corp - Class A Ordinary Shares,stock,Ordinary Share,Nasdaq Global Market,N,100
EVOXU,Evolution Global Acquisition Corp - Units,stock,Unit,Nasdaq Global Market,N,100
EVOXW,Evolution Global Acquisition Corp - Warrants,stock,Warrant,Nasdaq Global Market,N,100
EVPF,Eaton Vance Preferred Securities and Income ETF,etf,ETF,Nasdaq Global Market,N,100
EVRG,"Evergy, Inc. - Common Stock",stock,Common Stock,Nasdaq Global Select Market,N,100
EVSD,Eaton Vance Short Duration Income ETF,etf,ETF,Nasdaq Global Market,N,100
EVYM,Eaton Vance High Income Municipal ETF,etf,ETF,Nasdaq Global Market,N,100
EWAVU,East West Ave Acquisition Corp. - Units,stock,Unit,Nasdaq Global Market,N,100
EWBC,"East West Bancorp, Inc. - Common Stock",stock,Common Stock,Nasdaq Global Select Market,N,100
EWJV,iShares MSCI Japan Value ETF,etf,ETF,Nasdaq Global Market,N,100
EWTX,"Edgewise Therapeutics, Inc. - Common Stock",stock,Common Stock,Nasdaq Global Select Market,N,100
EWZS,iShares MSCI Brazil Small-Cap ETF,etf,ETF,Nasdaq Global Market,N,100
EXC,Exelon Corporation - Common Stock,stock,Common Stock,Nasdaq Global Select Market,N,100
EXE,Expand Energy Corporation - Common Stock,stock,Common Stock,Nasdaq Global Select Market,N,100
EXEL,"Exelixis, Inc. - Common Stock",stock,Common Stock,Nasdaq Global Select Market,N,100
EXFY,"Expensify, Inc. - Class A Common Stock",stock,Common Stock,Nasdaq Global Select Market,N,100
EXLS,"ExlService Holdings, Inc. - Common Stock",stock,Common Stock,Nasdaq Global Select Market,N,100
EXOZ,eXoZymes Inc. - Common Stock,stock,Common Stock,Nasdaq Capital Market,N,100
EXPE,"Expedia Group, Inc. - Common Stock",stock,Common Stock,Nasdaq Global Select Market,N,100
EXPO,"Exponent, Inc. - Common Stock",stock,Common Stock,Nasdaq Global Select Market,N,100
EXTR,"Extreme Networks, Inc. - Common Stock",stock,Common Stock,Nasdaq Global Select Market,N,100
EXUS,Nomura Focused International Core ETF,etf,ETF,Nasdaq Global Market,N,100
EXYN,"Exyn Technologies, Inc. - Common Stock",stock,Common Stock,Nasdaq Capital Market,N,100
EXYNW,"Exyn Technologies, Inc. - Warrant",stock,Warrant,Nasdaq Capital Market,N,100
EYE,"National Vision Holdings, Inc. - Common Stock",stock,Common Stock,Nasdaq Global Select Market,N,100
EYEG,AB Corporate Bond ETF,etf,ETF,Nasdaq Global Market,N,100
EYPT,"EyePoint, Inc. - Common Stock",stock,Common Stock,Nasdaq Global Market,N,100
EZGO,EZGO Technologies Ltd. - Ordinary Shares,stock,Ordinary Share,Nasdaq Capital Market,N,100
EZMO,AlphaDroid Broad Markets Momentum ETF,etf,ETF,Nasdaq Global Market,N,100
EZPW,"EZCORP, Inc. - Class A Non-Voting Common Stock",stock,Common Stock,Nasdaq Global Select Market,N,100
EZRA,"Reliance Global Group, Inc. - Common Stock",stock,Common Stock,Nasdaq Capital Market,N,100
EZRO,AlphaDroid Defensive Sector Rotation ETF,etf,ETF,Nasdaq Global Market,N,100
FA,First Advantage Corporation - Common Stock,stock,Common Stock,Nasdaq Global Select Market,N,100
FAAA,Fidelity AAA CLO ETF,etf,ETF,Nasdaq Global Market,N,100
FAAR,First Trust Alternative Absolute Return Strategy ETF,etf,ETF,Nasdaq Global Market,N,100
FAB,First Trust Multi Cap Value AlphaDEX Fund,etf,ETF,Nasdaq Global Market,N,100
FABC,"Fabric.AI, Inc. - Common Stock",stock,Common Stock,Nasdaq Capital Market,N,100
FAC,Factorial Energy Inc. - Class A Common Stock,stock,Common Stock,Nasdaq Global Market,N,100
FACT,FACT II Acquisition Corp. - Class A Ordinary Shares,stock,Ordinary Share,Nasdaq Global Market,N,100
FACTU,FACT II Acquisition Corp. - Unit,stock,Unit,Nasdaq Global Market,N,100
FACTW,FACT II Acquisition Corp. - Warrant,stock,Warrant,Nasdaq Global Market,N,100
FACWW,Factorial Energy Inc. - Warrant,stock,Warrant,Nasdaq Global Market,N,100
FAD,First Trust Multi Cap Growth AlphaDEX Fund,etf,ETF,Nasdaq Global Market,N,100
FALN,iShares Fallen Angels USD Bond ETF,etf,ETF,Nasdaq Global Market,N,100
FAMI,"Farmmi, Inc. - Class A Ordinary Shares",stock,Ordinary Share,Nasdaq Capital Market,N,100
FANG,"Diamondback Energy, Inc. - Common Stock",stock,Common Stock,Nasdaq Global Select Market,N,100
FAST,Fastenal Company - Common Stock,stock,Common Stock,Nasdaq Global Select Market,N,100
FATE,"Fate Therapeutics, Inc. - Common Stock",stock,Common Stock,Nasdaq Global Market,N,100
FATN,"FatPipe, Inc. - common stock",stock,Common Stock,Nasdaq Capital Market,N,100
FBGL,FBS Global Limited - Ordinary Shares,stock,Ordinary Share,Nasdaq Capital Market,D,100
FBIO,"Fortress Biotech, Inc. - Common Stock",stock,Common Stock,Nasdaq Capital Market,N,100
FBIOP,"Fortress Biotech, Inc. - 9.375% Series A Cumulative Redeemable Perpetual Preferred Stock",stock,Preferred,Nasdaq Capital Market,N,100
FBIZ,"First Business Financial Services, Inc. - Common Stock",stock,Common Stock,Nasdaq Global Select Market,N,100
FBL,GraniteShares 2x Long META Daily ETF,etf,ETF,Nasdaq Global Market,N,100
FBLA,"FB Bancorp, Inc. - Common Stock",stock,Common Stock,Nasdaq Capital Market,N,100
FBLG,"FibroBiologics, Inc. - Common Stock",stock,Common Stock,Nasdaq Capital Market,D,100
FBNC,First Bancorp - Common Stock,stock,Common Stock,Nasdaq Global Select Market,N,100
FBOT,Fidelity Disruptive Automation ETF,etf,ETF,Nasdaq Global Market,N,100
FBRX,"Forte Biosciences, Inc.  - Common Stock",stock,Common Stock,Nasdaq Capital Market,N,100
FBYD,"Falcon's Beyond Global, Inc. - Class A Common Stock",stock,Common Stock,Nasdaq Global Market,N,100
FBYDP,"Falcon's Beyond Global, Inc. - 11% Series B Cumulative Convertible Preferred Stock",stock,Preferred,Nasdaq Global Market,N,100
FBYDW,"Falcon's Beyond Global, Inc. - Warrants",stock,Warrant,Nasdaq Capital Market,N,100
FBYY,GraniteShares YieldBOOST META ETF,etf,ETF,Nasdaq Global Market,N,100
FCA,First Trust China AlphaDEX Fund,etf,ETF,Nasdaq Global Market,N,100
FCAL,First Trust California Municipal High income ETF,etf,ETF,Nasdaq Global Market,N,100
FCAP,"First Capital, Inc. - Common Stock",stock,Common Stock,Nasdaq Capital Market,N,100
FCBC,"First Community Bankshares, Inc. - Common Stock",stock,Common Stock,Nasdaq Global Select Market,N,100
FCCO,First Community Corporation - Common Stock,stock,Common Stock,Nasdaq Capital Market,N,100
FCEF,First Trust Income Opportunities ETF,etf,ETF,Nasdaq Global Market,N,100
FCEL,"FuelCell Energy, Inc. - Common Stock",stock,Common Stock,Nasdaq Global Market,N,100
FCFS,"FirstCash Holdings, Inc. - Common Stock",stock,Common Stock,Nasdaq Global Select Market,N,100
FCHL,Fitness Champs Holdings Limited - Ordinary Shares,stock,Ordinary Share,Nasdaq Capital Market,D,100
FCLO,Fidelity CLO ETF,etf,ETF,Nasdaq Global Market,N,100
FCNCA,"First Citizens BancShares, Inc. - Class A Common Stock",stock,Common Stock,Nasdaq Global Select Market,N,10
FCNCN,"First Citizens BancShares, Inc. - Depositary Shares, each representing a 1/40th interest in a share of 6.625% Non-Cumulative Perpetual Preferred Stock, Series E",stock,Preferred,Nasdaq Global Select Market,N,100
FCNCO,"First Citizens BancShares, Inc. - 5.625% Non-Cumulative Perpetual Preferred Stock, Series C",stock,Preferred,Nasdaq Global Select Market,N,100
FCNCP,"First Citizens BancShares, Inc. - Depositary Shares Each Representing a 1/40th Interest in a Share of 5.375% Non-Cumulative Perpetual Preferred Stock, Series A",stock,Preferred,Nasdaq Global Select Market,N,100
FCTE,SMI 3Fourteen Full-Cycle Trend ETF,etf,ETF,Nasdaq Global Market,N,100
FCUV,Focus Universal Inc. - Common Stock,stock,Common Stock,Nasdaq Capital Market,N,100
FCVT,First Trust SSI Strategic Convertible Securities ETF,etf,ETF,Nasdaq Global Market,N,100
FCXG,Leverage Shares 2x Long FCX Daily ETF,etf,ETF,Nasdaq Global Market,N,100
FDBC,"Fidelity D & D Bancorp, Inc. - Common Stock",stock,Common Stock,Nasdaq Global Market,N,100
FDCF,Fidelity Disruptive Communications ETF,etf,ETF,Nasdaq Global Market,N,100
FDFF,Fidelity Disruptive Finance ETF,etf,ETF,Nasdaq Global Market,N,100
FDIF,Fidelity Disruptors ETF,etf,ETF,Nasdaq Global Market,N,100
FDIG,Fidelity Crypto Industry and Digital Payments ETF,etf,ETF,Nasdaq Global Market,N,100
FDIQ,Invesco Bloomberg Financial Data Providers ETF,etf,ETF,Nasdaq Global Market,N,100
FDIV,MarketDesk Focused U.S. Dividend ETF,etf,ETF,Nasdaq Global Market,N,100
FDMM,Freedom Metals Acquisition Corp. - Class A Ordinary Shares,stock,Ordinary Share,Nasdaq Global Market,N,100
FDMMU,Freedom Metals Acquisition Corp. - Units,stock,Unit,Nasdaq Global Market,N,100
FDMMW,Freedom Metals Acquisition Corp. - Warrants,stock,Warrant,Nasdaq Global Market,N,100
FDMT,"4D Molecular Therapeutics, Inc. - Common Stock",stock,Common Stock,Nasdaq Global Select Market,N,100
FDNI,First Trust Dow Jones International Internet ETF,etf,ETF,Nasdaq Global Market,N,100
FDRS,Founder-Led ETF,etf,ETF,Nasdaq Global Market,N,100
FDRX,Founder-Led 2X Daily ETF,etf,ETF,Nasdaq Global Market,N,100
FDSB,"Fifth District Bancorp, Inc. - Common Stock",stock,Common Stock,Nasdaq Capital Market,N,100
FDT,First Trust Developed Markets Ex-US AlphaDEX Fund,etf,ETF,Nasdaq Global Market,N,100
FDTS,First Trust Developed Markets ex-US Small Cap AlphaDEX Fund,etf,ETF,Nasdaq Global Market,N,100
FDTX,Fidelity Disruptive Technology ETF,etf,ETF,Nasdaq Global Market,N,100
FDUS,Fidus Investment Corporation - Closed End Fund,stock,Closed-End Fund,Nasdaq Global Select Market,N,100
FEAM,"5E Advanced Materials, Inc. - Common Stock",stock,Common Stock,Nasdaq Global Select Market,N,100
FEBO,Fenbo Holdings Limited - Class A Ordinary Shares,stock,Ordinary Share,Nasdaq Capital Market,D,100
FEED,"ENvue Medical, Inc. - Common Stock",stock,Common Stock,Nasdaq Capital Market,D,100
FEIM,"Frequency Electronics, Inc. - Common Stock",stock,Common Stock,Nasdaq Global Market,N,100
FELE,"Franklin Electric Co., Inc. - Common Stock",stock,Common Stock,Nasdaq Global Select Market,N,100
FEM,First Trust Emerging Markets AlphaDEX Fund,etf,ETF,Nasdaq Global Market,N,100
FEMB,First Trust Emerging Markets Local Currency Bond ETF,etf,ETF,Nasdaq Global Market,N,100
FEMS,First Trust Emerging Markets Small Cap AlphaDEX Fund,etf,ETF,Nasdaq Global Market,N,100
FEMY,Femasys Inc. - Common Stock,stock,Common Stock,Nasdaq Capital Market,N,100
FENC,Fennec Pharmaceuticals Inc. - Common Stock,stock,Common Stock,Nasdaq Capital Market,N,100
FEP,First Trust Europe AlphaDEX Fund,etf,ETF,Nasdaq Global Market,N,100
FEPI,REX FANG & Innovation Equity Premium Income ETF,etf,ETF,Nasdaq Global Market,N,100
FER,Ferrovial N.V. - Ordinary Shares,stock,Ordinary Share,Nasdaq Global Select Market,N,100
FERA,Fifth Era Acquisition Corp I - Class A Ordinary Shares,stock,Ordinary Share,Nasdaq Global Market,N,100
FERAR,Fifth Era Acquisition Corp I - Rights,stock,Right,Nasdaq Global Market,N,100
FERAU,Fifth Era Acquisition Corp I - Units,stock,Unit,Nasdaq Global Market,N,100
FEUZ,First Trust Eurozone AlphaDEX ETF,etf,ETF,Nasdaq Global Market,N,100
FEX,First Trust Large Cap Core AlphaDEX Fund,etf,ETF,Nasdaq Global Market,N,100
FFAI,Faraday Future Intelligent Electric Inc. - Class A Common Stock,stock,Common Stock,Nasdaq Capital Market,D,100
FFBC,First Financial Bancorp. - Common Stock,stock,Common Stock,Nasdaq Global Select Market,N,100
FFIN,"First Financial Bankshares, Inc. - Common Stock",stock,Common Stock,Nasdaq Global Select Market,N,100
FFIV,"F5, Inc. - Common Stock",stock,Common Stock,Nasdaq Global Select Market,N,40
FFUT,Fidelity Managed Futures ETF,etf,ETF,Nasdaq Global Market,N,100
FGBI,"First Guaranty Bancshares, Inc. - Common Stock",stock,Common Stock,Nasdaq Global Market,N,100
FGBIP,"First Guaranty Bancshares, Inc. - 6.75% Series A Fixed-Rate Non-Cumulative Perpetual Preferred Stock",stock,Preferred,Nasdaq Global Market,N,100
FGI,FGI Industries Ltd. - Ordinary Shares,stock,Ordinary Share,Nasdaq Capital Market,N,100
FGII,FG Imperii Acquisition Corp. - Class A Ordinary Shares,stock,Ordinary Share,Nasdaq Global Market,N,100
FGIIU,FG Imperii Acquisition Corp. - Units,stock,Unit,Nasdaq Global Market,N,100
FGIIW,FG Imperii Acquisition Corp. - Warrants,stock,Warrant,Nasdaq Global Market,N,100
FGIWW,FGI Industries Ltd. - warrant,stock,Warrant,Nasdaq Capital Market,N,100
FGL,Founder Group Limited - Class A Ordinary Shares,stock,Ordinary Share,Nasdaq Capital Market,N,100
FGM,First Trust Germany AlphaDEX Fund,etf,ETF,Nasdaq Global Market,N,100
FGNX,FG Nexus Inc. - Common Stock,stock,Common Stock,Nasdaq Global Market,N,100
FGNXP,FG Nexus Inc. - 8.00% Cumulative Series A Preferred Stock,stock,Preferred,Nasdaq Global Market,N,100
FGSI,FT Vest Growth Strength & Target Income ETF,etf,ETF,Nasdaq Global Market,N,100
FHB,"First Hawaiian, Inc. - Common Stock",stock,Common Stock,Nasdaq Global Select Market,N,100
FHTX,Foghorn Therapeutics Inc. - Common Stock,stock,Common Stock,Nasdaq Global Market,N,100
FIBK,"First Interstate BancSystem, Inc. - Common Stock",stock,Common Stock,Nasdaq Global Select Market,N,100
FICS,First Trust International Developed Capital Strength ETF,etf,ETF,Nasdaq Global Market,N,100
FID,First Trust S&P International Dividend Aristocrats ETF,etf,ETF,Nasdaq Global Market,N,100
FIEE,"FiEE, Inc - Common Stock",stock,Common Stock,Nasdaq Capital Market,N,100
FIGG,Leverage Shares 2x Long FIG Daily ETF,etf,ETF,Nasdaq Global Market,N,100
FIGR,"Figure Technology Solutions, Inc. - Class A Common Stock",stock,Common Stock,Nasdaq Global Select Market,N,100
FIGX,FIGX Capital Acquisition Corp. - Class A ordinary share,stock,Ordinary Share,Nasdaq Global Market,N,100
FIGXU,FIGX Capital Acquisition Corp. - Units,stock,Unit,Nasdaq Global Market,N,100
FIGXW,FIGX Capital Acquisition Corp. - one-half of one redeemable warrant.,stock,Warrant,Nasdaq Global Market,N,100
FIMU,Fidelity Intermediate Municipal Income ETF,etf,ETF,Nasdaq Global Market,N,100
FINW,FinWise Bancorp - Common Stock,stock,Common Stock,Nasdaq Global Market,N,100
FINX,Global X FinTech ETF,etf,ETF,Nasdaq Global Market,N,100
FINY,GraniteShares YieldBOOST Financials ETF,etf,ETF,Nasdaq Global Market,N,100
FIP,FTAI Infrastructure Inc. - Common Stock,stock,Common Stock,Nasdaq Global Select Market,N,100
FISI,"Financial Institutions, Inc. - Common Stock",stock,Common Stock,Nasdaq Global Select Market,N,100
FISN,"Deep Fission, Inc. - Common Stock",stock,Common Stock,Nasdaq Global Market,N,100
FISV,"Fiserv, Inc. - Common Stock",stock,Common Stock,Nasdaq Global Select Market,N,100
FIVE,"Five Below, Inc. - Common Stock",stock,Common Stock,Nasdaq Global Select Market,N,100
FIVN,"Five9, Inc. - Common Stock",stock,Common Stock,Nasdaq Global Market,N,100
FIXD,First Trust Smith Opportunistic Fixed Income ETF,etf,ETF,Nasdaq Global Market,N,100
FIYY,GraniteShares YieldBOOST 20Y Treasuries ETF,etf,ETF,Nasdaq Global Market,N,100
FIZZ,National Beverage Corp. - Common Stock,stock,Common Stock,Nasdaq Global Select Market,N,100
FJDIU,ARC Group Securities Acquisition I - Units,stock,Unit,Nasdaq Global Market,N,100
FJP,First Trust Japan AlphaDEX Fund,etf,ETF,Nasdaq Global Market,N,100
FKU,First Trust United Kingdom AlphaDEX Fund,etf,ETF,Nasdaq Global Market,N,100
FKWL,Franklin Wireless Corp. - common stock,stock,Common Stock,Nasdaq Capital Market,N,100
FLD,"Fold Holdings, Inc. - Class A Common Stock",stock,Common Stock,Nasdaq Capital Market,D,100
FLDB,Fidelity Low Duration Bond ETF,etf,ETF,Nasdaq Global Market,N,100
FLDDW,"Fold Holdings, Inc. - Warrant",stock,Warrant,Nasdaq Capital Market,N,100
FLEX,Flex Ltd. - Ordinary Shares,stock,Ordinary Share,Nasdaq Global Select Market,N,100
FLGT,"Fulgent Genetics, Inc. - Common Stock",stock,Common Stock,Nasdaq Global Market,N,100
FLL,"Full House Resorts, Inc. - Common Stock",stock,Common Stock,Nasdaq Capital Market,N,100
FLN,First Trust Latin America AlphaDEX Fund,etf,ETF,Nasdaq Global Market,N,100
FLNA,"Filana Therapeutics, Inc. - Common Stock",stock,Common Stock,Nasdaq Capital Market,N,100
FLNC,"Fluence Energy, Inc. - Class A Common Stock",stock,Common Stock,Nasdaq Global Select Market,N,100
FLNT,"Fluent, Inc. - Common Stock",stock,Common Stock,Nasdaq Capital Market,N,100
FLUX,"Flux Power Holdings, Inc. - Common Stock",stock,Common Stock,Nasdaq Capital Market,D,100
FLWS,"1-800-FLOWERS.COM, Inc. - Class A Common Stock",stock,Common Stock,Nasdaq Global Select Market,N,100
FLX,BingEx Limited - American Depositary Shares,stock,Depositary Share,Nasdaq Global Select Market,N,100
FLXS,"Flexsteel Industries, Inc. - Common Stock",stock,Common Stock,Nasdaq Global Select Market,N,100
FLY,Firefly Aerospace Inc. - Common Stock,stock,Common Stock,Nasdaq Global Market,N,100
FLYE,"Fly-E Group, Inc. - Common Stock",stock,Common Stock,Nasdaq Capital Market,N,100
FLYW,Flywire Corporation - Voting Common Stock,stock,Common Stock,Nasdaq Global Select Market,N,100
FLZH,"Flash Sports & Media Holdings, Inc. - Common Stock",stock,Common Stock,Nasdaq Capital Market,N,100
FMAC,Future Money Acquisition Corporation - Ordinary Shares,stock,Ordinary Share,Nasdaq Global Market,N,100
FMACR,Future Money Acquisition Corporation - Rights,stock,Right,Nasdaq Global Market,N,100
FMACU,Future Money Acquisition Corporation - Units,stock,Unit,Nasdaq Global Market,N,100
FMAO,"Farmers & Merchants Bancorp, Inc. - Common Stock",stock,Common Stock,Nasdaq Capital Market,N,100
FMB,First Trust Managed Municipal ETF,etf,ETF,Nasdaq Global Market,N,100
FMBH,"First Mid Bancshares, Inc. - Common Stock",stock,Common Stock,Nasdaq Global Market,N,100
FMED,Fidelity Disruptive Medicine ETF,etf,ETF,Nasdaq Global Market,N,100
FMET,Fidelity Metaverse ETF,etf,ETF,Nasdaq Global Market,N,100
FMFC,Kandal M Venture Limited - Class A ordinary Shares,stock,Ordinary Share,Nasdaq Capital Market,D,100
FMHI,First Trust Municipal High Income ETF,etf,ETF,Nasdaq Global Market,N,100
FMNB,Farmers National Banc Corp. - Common Stock,stock,Common Stock,Nasdaq Capital Market,N,100
FMST,Foremost Clean Energy Ltd. - Common Shares,stock,Common Stock,Nasdaq Capital Market,N,100
FMSTW,Foremost Clean Energy Ltd. - Warrant,stock,Warrant,Nasdaq Capital Market,N,100
FMTM,MarketDesk Focused U.S. Momentum ETF,etf,ETF,Nasdaq Global Market,N,100
FMUB,Fidelity Municipal Bond Opportunities ETF,etf,ETF,Nasdaq Global Market,N,100
FMUN,Fidelity Systematic Municipal Bond Index ETF,etf,ETF,Nasdaq Global Market,N,100
FNGR,"FingerMotion, Inc. - common stock",stock,Common Stock,Nasdaq Capital Market,D,100
FNK,First Trust Mid Cap Value AlphaDEX Fund,etf,ETF,Nasdaq Global Market,N,100
FNKO,"Funko, Inc. - Class A Common Stock",stock,Common Stock,Nasdaq Global Select Market,N,100
FNLC,"First Bancorp, Inc (ME) - Common Stock",stock,Common Stock,Nasdaq Global Select Market,N,100
FNRN,First Northern Community Bancorp - Common stock,stock,Common Stock,Nasdaq Capital Market,N,100
FNUC,Frontier Nuclear and Minerals Inc. - Common Shares,stock,Common Stock,Nasdaq Capital Market,E,100
FNWB,First Northwest Bancorp - Common Stock,stock,Common Stock,Nasdaq Global Market,N,100
FNWD,Finward Bancorp - common stock,stock,Common Stock,Nasdaq Capital Market,N,100
FNX,First Trust Mid Cap Core AlphaDEX Fund,etf,ETF,Nasdaq Global Market,N,100
FNY,First Trust Mid Cap Growth AlphaDEX Fund,etf,ETF,Nasdaq Global Market,N,100
FOCL,"EDAP TMS S.A. - American Depositary Shares, each representing One Ordinary Share",stock,Depositary Share,Nasdaq Global Market,N,100
FOFO,"Hang Feng Technology Innovation Co., Ltd. - Ordinary Shares",stock,Ordinary Share,Nasdaq Capital Market,N,100
FORM,"FormFactor, Inc. - Common Stock",stock,Common Stock,Nasdaq Global Select Market,N,100
FORR,"Forrester Research, Inc. - Common Stock",stock,Common Stock,Nasdaq Global Select Market,N,100
FORTY,Formula Systems (1985) Ltd. - American Depositary Shares,stock,Depositary Share,Nasdaq Global Select Market,N,100
FOSL,"Fossil Group, Inc. - Common Stock",stock,Common Stock,Nasdaq Global Select Market,N,100
FOX,Fox Corporation - Class B Common Stock,stock,Common Stock,Nasdaq Global Select Market,N,100
FOXA,Fox Corporation - Class A Common Stock,stock,Common Stock,Nasdaq Global Select Market,N,100
FOXF,Fox Factory Holding Corp. - Common Stock,stock,Common Stock,Nasdaq Global Select Market,N,100
FOXX,Foxx Development Holdings Inc. - Common Stock,stock,Common Stock,Nasdaq Capital Market,D,100
FOXXW,Foxx Development Holdings Inc. - Warrant,stock,Warrant,Nasdaq Capital Market,D,100
FPA,First Trust Asia Pacific Ex-Japan AlphaDEX Fund,etf,ETF,Nasdaq Global Market,N,100
FPXE,First Trust IPOX Europe Equity Opportunities ETF,etf,ETF,Nasdaq Global Market,N,100
FPXI,First Trust International Equity Opportunities ETF,etf,ETF,Nasdaq Global Market,N,100
FRAF,Franklin Financial Services Corporation - Common Stock,stock,Common Stock,Nasdaq Capital Market,N,100
FRBA,First Bank  - Common Stock,stock,Common Stock,Nasdaq Global Market,N,100
FRBT,"Forbright, Inc. - Class A Common Stock",stock,Common Stock,Nasdaq Global Select Market,N,100
FRD,Friedman Industries Inc. - Common Stock,stock,Common Stock,Nasdaq Global Select Market,N,100
FREI,Fidelity Real Estate Income ETF,etf,ETF,Nasdaq Global Market,N,100
FRGT,"Freight Technologies, Inc. - Ordinary Shares",stock,Ordinary Share,Nasdaq Capital Market,N,100
FRHC,Freedom Holding Corp. - Common Stock,stock,Common Stock,Nasdaq Capital Market,N,100
FRME,First Merchants Corporation - Common Stock,stock,Common Stock,Nasdaq Global Select Market,N,100
FRMEP,"First Merchants Corporation - Depository Shares, each representing a 1/100th interest in a share of 7.50% Non-Cumulative Perpetual Preferred Stock, A",stock,Preferred,Nasdaq Global Select Market,N,100
FRMI,Fermi Inc. - Common Stock,stock,Common Stock,Nasdaq Global Select Market,N,100
FRMM,"Forum Markets, Incorporated - Common Stock",stock,Common Stock,Nasdaq Capital Market,N,100
FRNM,"Freenome, Inc. - Common stock",stock,Common Stock,Nasdaq Capital Market,N,100
FROG,JFrog Ltd. - Ordinary shares,stock,Ordinary Share,Nasdaq Global Select Market,N,100
FRPH,"FRP Holdings, Inc. - Common Stock",stock,Common Stock,Nasdaq Global Select Market,N,100
FRPT,"Freshpet, Inc. - Common Stock",stock,Common Stock,Nasdaq Global Market,N,100
FRSH,Freshworks Inc. - Class A Common Stock,stock,Common Stock,Nasdaq Global Select Market,N,100
FRST,Primis Financial Corp. - Common Stock,stock,Common Stock,Nasdaq Global Market,N,100
FRSX,Foresight Autonomous Holdings Ltd. - American Depositary Shares,stock,Depositary Share,Nasdaq Capital Market,N,100
FRTT,Fort Technology Inc. - Common Shares,stock,Common Stock,Nasdaq Capital Market,N,100
FRVO,Fervo Energy Company - Class A common stock,stock,Common Stock,Nasdaq Global Select Market,N,100
FRWD,Nomura Transformational Technologies ETF,etf,ETF,Nasdaq Global Market,N,100
FSBC,Five Star Bancorp - Common Stock,stock,Common Stock,Nasdaq Global Select Market,N,100
FSBW,"FS Bancorp, Inc. - Common Stock",stock,Common Stock,Nasdaq Capital Market,N,100
FSCS,First Trust SMID Capital Strength ETF,etf,ETF,Nasdaq Global Market,N,100
FSEA,"First Seacoast Bancorp, Inc. - Common Stock",stock,Common Stock,Nasdaq Capital Market,N,100
FSGS,First Trust SMID Growth Strength ETF,etf,ETF,Nasdaq Global Market,N,100
FSHP,Flag Ship Acquisition Corp. - Ordinary Shares,stock,Ordinary Share,Nasdaq Global Market,N,100
FSHPR,Flag Ship Acquisition Corp. - Right,stock,Right,Nasdaq Global Market,N,100
FSHPU,Flag Ship Acquisition Corp. - Unit,stock,Unit,Nasdaq Global Market,N,100
FSLR,"First Solar, Inc. - Common Stock",stock,Common Stock,Nasdaq Global Select Market,N,100
FSLY,"Fastly, Inc. - Class A Common Stock",stock,Common Stock,Nasdaq Global Select Market,N,100
FSTB,Fidelity Short-Term Bond ETF,etf,ETF,Nasdaq Global Market,N,100
FSTR,L.B. Foster Company - Common Stock,stock,Common Stock,Nasdaq Global Select Market,N,100
FSUN,FirstSun Capital Bancorp - Common Stock,stock,Common Stock,Nasdaq Global Select Market,N,100
FSV,FirstService Corporation - Common Shares,stock,Common Stock,Nasdaq Global Select Market,N,100
FSZ,First Trust Switzerland AlphaDEX Fund,etf,ETF,Nasdaq Global Market,N,100
FTA,First Trust Large Cap Value AlphaDEX Fund,etf,ETF,Nasdaq Global Market,N,100
FTAG,First Trust Indxx Global Agriculture ETF,etf,ETF,Nasdaq Global Market,N,100
FTAI,FTAI Aviation Ltd. - Common Stock,stock,Common Stock,Nasdaq Global Select Market,N,40
FTAIM,FTAI Aviation Ltd. - 9.500% Fixed-Rate Reset Series D Cumulative Perpetual Redeemable Preferred Shares,stock,Preferred,Nasdaq Global Select Market,N,100
FTC,First Trust Large Cap Growth AlphaDEX Fund,etf,ETF,Nasdaq Global Market,N,100
FTCI,"FTC Solar, Inc. - Common Stock",stock,Common Stock,Nasdaq Capital Market,N,100
FTCS,First Trust Capital Strength ETF,etf,ETF,Nasdaq Global Market,N,100
FTDR,"Frontdoor, Inc. - Common Stock",stock,Common Stock,Nasdaq Global Select Market,N,100
FTDS,First Trust Dividend Strength ETF,etf,ETF,Nasdaq Global Market,N,100
FTEK,"Fuel Tech, Inc. - Common Stock",stock,Common Stock,Nasdaq Capital Market,N,100
FTFT,Future FinTech Group Inc. - Common Stock,stock,Common Stock,Nasdaq Capital Market,N,100
FTGC,First Trust Global Tactical Commodity Strategy Fund,etf,ETF,Nasdaq Global Market,N,100
FTGS,First Trust Growth Strength ETF,etf,ETF,Nasdaq Global Market,N,100
FTH,"Faeth Therapeutics, Inc.  - Common Stock",stock,Common Stock,Nasdaq Capital Market,N,100
FTHA,Forefront Tech Holdings Acquisition Corp - Class A Ordinary Shares,stock,Ordinary Share,Nasdaq Global Market,N,100
FTHAU,Forefront Tech Holdings Acquisition Corp - Unit,stock,Unit,Nasdaq Global Market,N,100
FTHAW,Forefront Tech Holdings Acquisition Corp - Warrant,stock,Warrant,Nasdaq Global Market,N,100
FTHI,First Trust BuyWrite Income ETF,etf,ETF,Nasdaq Global Market,N,100
FTHM,Fathom Holdings Inc. - Common Stock,stock,Common Stock,Nasdaq Capital Market,N,100
FTLF,"FitLife Brands, Inc. - Common Stock",stock,Common Stock,Nasdaq Capital Market,N,100
FTNT,"Fortinet, Inc. - Common Stock",stock,Common Stock,Nasdaq Global Select Market,N,100
FTQI,First Trust Nasdaq BuyWrite Income ETF,etf,ETF,Nasdaq Global Market,N,100
FTRE,Fortrea Holdings Inc. - Common Stock,stock,Common Stock,Nasdaq Global Select Market,N,100
FTRI,First Trust Indxx Global Natural Resources Income ETF,etf,ETF,Nasdaq Global Market,N,100
FTRK,FAST TRACK GROUP - Ordinary shares,stock,Ordinary Share,Nasdaq Capital Market,D,100
FTSL,First Trust Senior Loan Fund,etf,ETF,Nasdaq Global Market,N,100
FTSM,First Trust Enhanced Short Maturity ETF,etf,ETF,Nasdaq Global Market,N,100
FTXG,First Trust Nasdaq Food & Beverage ETF,etf,ETF,Nasdaq Global Market,N,100
FTXH,First Trust Nasdaq Pharmaceuticals ETF,etf,ETF,Nasdaq Global Market,N,100
FTXL,First Trust Nasdaq Semiconductor ETF,etf,ETF,Nasdaq Global Market,N,100
FTXN,First Trust Nasdaq Oil & Gas ETF,etf,ETF,Nasdaq Global Market,N,100
FTXO,First Trust Nasdaq Bank ETF,etf,ETF,Nasdaq Global Market,N,100
FTXR,First Trust Nasdaq Transportation ETF,etf,ETF,Nasdaq Global Market,N,100
FUFU,BitFuFu Inc. - Class A Ordinary Shares,stock,Ordinary Share,Nasdaq Capital Market,N,100
FUFUW,BitFuFu Inc. - Warrant,stock,Warrant,Nasdaq Capital Market,N,100
FULC,"Fulcrum Therapeutics, Inc. - Common Stock",stock,Common Stock,Nasdaq Global Market,N,100
FULT,Fulton Financial Corporation - Common Stock,stock,Common Stock,Nasdaq Global Select Market,N,100
FULTP,"Fulton Financial Corporation - Depositary Shares Each Representing a 1/40th Interest in a Share of Fixed Rate Non-Cumulative Perpetual Preferred Stock, Series A",stock,Preferred,Nasdaq Global Select Market,N,100
FUNC,First United Corporation - Common Stock,stock,Unit,Nasdaq Global Select Market,N,100
FUND,"Sprott Focus Trust, Inc. - Closed End Fund",stock,Closed-End Fund,Nasdaq Global Select Market,N,100
FUSB,"First US Bancshares, Inc. - Common Stock",stock,Common Stock,Nasdaq Capital Market,N,100
FUSE,Fusemachines Inc. - Common stock,stock,Common Stock,Nasdaq Global Market,D,100
FUSEW,Fusemachines Inc. - Warrants,stock,Warrant,Nasdaq Capital Market,N,100
FUTG,Leverage Shares 2x Long FUTU Daily ETF,etf,ETF,Nasdaq Global Market,N,100
FUTU,Futu Holdings Limited - American Depositary Shares,stock,Depositary Share,Nasdaq Global Market,N,100
FV,First Trust Dorsey Wright Focus 5 ETF,etf,ETF,Nasdaq Global Market,N,100
FVAV,Fortress Value Acquisition Corp. V - Class A Ordinary Shares,stock,Ordinary Share,Nasdaq Global Market,N,100
FVC,First Trust Dorsey Wright Dynamic Focus 5 ETF,etf,ETF,Nasdaq Global Market,N,100
FVCB,"FVCBankcorp, Inc. - Common Stock",stock,Common Stock,Nasdaq Capital Market,N,100
FVN,Future Vision II Acquisition Corporation - Ordinary Shares,stock,Ordinary Share,Nasdaq Capital Market,D,100
FVNNR,Future Vision II Acquisition Corporation - Right,stock,Right,Nasdaq Capital Market,N,100
FVNNU,Future Vision II Acquisition Corporation - Units,stock,Unit,Nasdaq Capital Market,N,100
FWAC,Futurewave Acquisition Corporation - Ordinary Shares,stock,Ordinary Share,Nasdaq Capital Market,N,100
FWACR,Futurewave Acquisition Corporation - Rights,stock,Right,Nasdaq Capital Market,N,100
FWACU,Futurewave Acquisition Corporation - Units,stock,Unit,Nasdaq Capital Market,N,100
FWACW,Futurewave Acquisition Corporation - Warrants,stock,Warrant,Nasdaq Capital Market,N,100
FWDI,"Forward Industries, Inc. - Common Stock",stock,Common Stock,Nasdaq Capital Market,N,100
FWONA,Liberty Media Corporation - Series A Liberty Formula One Common Stock,stock,Common Stock,Nasdaq Global Select Market,N,100
FWONK,Liberty Media Corporation - Series C Liberty Formula One Common Stock,stock,Common Stock,Nasdaq Global Select Market,N,100
FWRD,Forward Air Corporation - Common Stock,stock,Common Stock,Nasdaq Global Select Market,N,100
FWRG,"First Watch Restaurant Group, Inc. - Common Stock",stock,Common Stock,Nasdaq Global Select Market,N,100
FXAC,FortuneX Acquisition Corporation - Ordinary shares,stock,Ordinary Share,Nasdaq Global Market,N,100
FXACU,FortuneX Acquisition Corporation - Units,stock,Unit,Nasdaq Global Market,N,100
FXACW,FortuneX Acquisition Corporation - Warrant,stock,Warrant,Nasdaq Global Market,N,100
FXHO,UTime Limited - Class A Ordinary Shares,stock,Ordinary Share,Nasdaq Capital Market,N,100
FXNC,First National Corporation - Common Stock,stock,Common Stock,Nasdaq Capital Market,N,100
FYC,First Trust Small Cap Growth AlphaDEX Fund,etf,ETF,Nasdaq Global Market,N,100
FYT,First Trust Small Cap Value AlphaDEX Fund,etf,ETF,Nasdaq Global Market,N,100
FYX,First Trust Small Cap Core AlphaDEX Fund,etf,ETF,Nasdaq Global Market,N,100
GABC,"German American Bancorp, Inc. - Common Stock",stock,Common Stock,Nasdaq Global Select Market,N,100
GAIA,"Gaia, Inc. - Class A Common Stock",stock,Common Stock,Nasdaq Global Market,N,100
GAIN,Gladstone Investment Corporation - Business Development Company,stock,Nasdaq Listed Security,Nasdaq Global Select Market,N,100
GAING,Gladstone Investment Corporation - 7.125% Notes due 2031,stock,Nasdaq Listed Security,Nasdaq Global Select Market,N,100
GAINI,Gladstone Investment Corporation - 7.875% Notes due 2030,stock,Nasdaq Listed Security,Nasdaq Global Select Market,N,100
GAINZ,Gladstone Investment Corporation - 4.875% Notes due 2028,stock,Nasdaq Listed Security,Nasdaq Global Select Market,N,100
GALT,Galectin Therapeutics Inc. - Common Stock,stock,Common Stock,Nasdaq Capital Market,N,100
GAME,"GameSquare Holdings, Inc. - Common stock",stock,Common Stock,Nasdaq Capital Market,D,100
GANX,"Gain Therapeutics, Inc. - Common Stock",stock,Common Stock,Nasdaq Global Market,N,100
GARY,Mango Growth ETF,etf,ETF,Nasdaq Global Market,N,100
GASS,"StealthGas, Inc. - common stock",stock,Common Stock,Nasdaq Global Select Market,N,100
GAUZ,Gauzy Ltd. - Ordinary Shares,stock,Ordinary Share,Nasdaq Global Market,H,100
GAVA,Grayscale Avalanche Staking ETF,etf,ETF,Nasdaq Global Market,N,100
GBDC,"Golub Capital BDC, Inc. - Closed End Fund",stock,Closed-End Fund,Nasdaq Global Select Market,N,100
GBFH,GBank Financial Holdings Inc. - Common Stock,stock,Common Stock,Nasdaq Capital Market,N,100
GBLI,"Global Indemnity Group, LLC - Class A Common Shares",stock,Common Stock,Nasdaq Global Select Market,N,100
GBUG,Sprott Active Gold & Silver Miners ETF,etf,ETF,Nasdaq Global Market,N,100
GCBC,"Greene County Bancorp, Inc. - Common Stock",stock,Common Stock,Nasdaq Capital Market,N,100
GCGR,General Catalyst Global Resilience Merger Corp. - Class A Ordinary Shares,stock,Ordinary Share,Nasdaq Global Market,N,100
GCGRU,General Catalyst Global Resilience Merger Corp. - Units,stock,Unit,Nasdaq Global Market,N,100
GCGRW,General Catalyst Global Resilience Merger Corp. - Warrants,stock,Warrant,Nasdaq Global Market,N,100
GCL,GCL Global Holdings Ltd - Ordinary Shares,stock,Ordinary Share,Nasdaq Global Select Market,D,100
GCLWW,GCL Global Holdings Ltd - Warrants,stock,Warrant,Nasdaq Global Select Market,N,100
GCMG,GCM Grosvenor Inc. - Class A Common Stock,stock,Common Stock,Nasdaq Global Market,N,100
GCT,GigaCloud Technology Inc - Class A Ordinary Shares,stock,Ordinary Share,Nasdaq Global Market,N,100
GCTK,"GlucoTrack, Inc. - Common Stock",stock,Common Stock,Nasdaq Capital Market,D,100
GDC,GD Culture Group Limited - Common Stock,stock,Common Stock,Nasdaq Capital Market,N,100
GDEV,GDEV Inc. - Ordinary Shares,stock,Ordinary Share,Nasdaq Global Market,N,100
GDEVW,GDEV Inc. - Warrant,stock,Warrant,Nasdaq Global Market,N,100
GDHG,Golden Heaven Group Holdings Ltd.  - Class A Ordinary Shares,stock,Ordinary Share,Nasdaq Capital Market,N,100
GDRX,"GoodRx Holdings, Inc. - Class A Common Stock",stock,Common Stock,Nasdaq Global Select Market,N,100
GDS,GDS Holdings Limited - American Depositary Shares,stock,Depositary Share,Nasdaq Global Market,N,100
GDTC,CytoMed Therapeutics Limited - Ordinary Shares,stock,Ordinary Share,Nasdaq Capital Market,N,100
GDYN,"Grid Dynamics Holdings, Inc. - Class A Common Stock",stock,Common Stock,Nasdaq Capital Market,N,100
GECC,Great Elm Capital Corp. - Closed End Fund,stock,Closed-End Fund,Nasdaq Global Market,N,100
GECCG,Great Elm Capital Corp. - 7.75% Notes Due 2030,stock,Nasdaq Listed Security,Nasdaq Global Market,N,100
GECCH,Great Elm Capital Corp. - 8.125% Notes Due 2029,stock,Nasdaq Listed Security,Nasdaq Global Market,N,100
GECCI,Great Elm Capital Corp. - 8.50% NOTES DUE 2029,stock,Nasdaq Listed Security,Nasdaq Global Market,N,100
GEG,"Great Elm Group, Inc.  - Common Stock",stock,Common Stock,Nasdaq Global Select Market,N,100
GEGGL,"Great Elm Group, Inc.  - 7.25% Notes due 2027",stock,Nasdaq Listed Security,Nasdaq Global Market,N,100
GEHC,GE HealthCare Technologies Inc. - Common Stock,stock,Common Stock,Nasdaq Global Select Market,N,100
GELS,Gelteq Limited - Ordinary Shares,stock,Ordinary Share,Nasdaq Capital Market,D,100
GEME,Pacific North of South EM Equity Active ETF,etf,ETF,Nasdaq Global Market,N,100
GEMG,Leverage Shares 2X Long GEMI Daily ETF,etf,ETF,Nasdaq Global Market,N,100
GEMI,"Gemini Space Station, Inc. - Class A Common Stock",stock,Common Stock,Nasdaq Global Select Market,N,100
GEN,Gen Digital Inc. - Common Stock,stock,Common Stock,Nasdaq Global Select Market,N,100
GENB,"Generate Biomedicines, Inc. - Common Stock",stock,Common Stock,Nasdaq Global Select Market,N,100
GENK,"GEN Restaurant Group, Inc. - Class A Common Stock",stock,Common Stock,Nasdaq Global Market,N,100
GENVR,Gen Digital Inc. - Contingent Value Rights,stock,Right,Nasdaq Global Market,N,100
GENZ,VanEck Digital Native Economy ETF,etf,ETF,Nasdaq Global Market,N,100
GEOS,Geospace Technologies Corporation - Common Stock,stock,Common Stock,Nasdaq Global Select Market,N,100
GEQ,Cambria Global EW 2 ETF,etf,ETF,Nasdaq Global Market,N,100
GERN,Geron Corporation - Common Stock,stock,Common Stock,Nasdaq Global Select Market,N,100
GEVG,Leverage Shares 2X Long GEV Daily ETF,etf,ETF,Nasdaq Global Market,N,100
GEVO,"Gevo, Inc. - Common Stock",stock,Common Stock,Nasdaq Capital Market,N,100
GEW,Cambria Global EW ETF,etf,ETF,Nasdaq Global Market,N,100
GFAI,"Guardforce AI Co., Limited - Ordinary Shares",stock,Ordinary Share,Nasdaq Capital Market,D,100
GFAIW,"Guardforce AI Co., Limited - Warrant",stock,Warrant,Nasdaq Capital Market,N,100
GFGF,Guru Favorite Stocks ETF,etf,ETF,Nasdaq Global Market,N,100
GFLW,VictoryShares Free Cash Flow Growth ETF,etf,ETF,Nasdaq Global Market,N,100
GFS,GlobalFoundries Inc. - Ordinary Share,stock,Ordinary Share,Nasdaq Global Select Market,N,100
GFUZ,General Fusion Group Ltd. - Common Shares,stock,Common Stock,Nasdaq Global Market,N,100
GFUZW,General Fusion Group Ltd. - Warrant,stock,Warrant,Nasdaq Global Market,N,100
GGAL,"Grupo Financiero Galicia S.A. - American Depositary Shares, Class B Shares underlying",stock,Depositary Share,Nasdaq Capital Market,N,100
GGLL,Direxion Daily GOOGL Bull 2X ETF,etf,ETF,Nasdaq Global Market,N,100
GGLS,Direxion Daily GOOGL Bear 1X ETF,etf,ETF,Nasdaq Global Market,N,100
GGR,Gogoro Inc. - Ordinary Shares,stock,Ordinary Share,Nasdaq Capital Market,N,100
GGROW,Gogoro Inc. - Warrant,stock,Warrant,Nasdaq Capital Market,N,100
GGRP,"The Glimpse Group, Inc. - Common Stock",stock,Common Stock,Nasdaq Capital Market,D,100
GH,"Guardant Health, Inc. - Common Stock",stock,Common Stock,Nasdaq Global Select Market,N,100
GHRS,GH Research PLC - Ordinary Shares,stock,Ordinary Share,Nasdaq Global Market,N,100
GHXIU,"Gores Holdings XI, Inc. - Units",stock,Unit,Nasdaq Global Market,N,100
GIBO,GIBO Holdings Limited - Class A Ordinary Shares,stock,Ordinary Share,Nasdaq Capital Market,N,100
GIBOW,GIBO Holdings Limited - Warrants,stock,Warrant,Nasdaq Capital Market,N,100
GIEQ,Goldman Sachs Data Enhanced International Equity ETF,etf,ETF,Nasdaq Global Market,N,100
GIFT,"Giftify, Inc. - Common Stock",stock,Common Stock,Nasdaq Capital Market,N,100
GIGM,GigaMedia Limited - Ordinary Shares,stock,Ordinary Share,Nasdaq Capital Market,N,100
GIII,"G-III Apparel Group, LTD. - Common Stock",stock,Common Stock,Nasdaq Global Select Market,N,100
GILD,"Gilead Sciences, Inc. - Common Stock",stock,Common Stock,Nasdaq Global Select Market,N,100
GILT,Gilat Satellite Networks Ltd. - Ordinary Shares,stock,Ordinary Share,Nasdaq Global Select Market,N,100
GIND,Goldman Sachs India Equity ETF,etf,ETF,Nasdaq Global Market,N,100
GINX,SGI Enhanced Global Income ETF,etf,ETF,Nasdaq Global Market,N,100
GIPR,Generation Income Properties Inc. - Common stock,stock,Common Stock,Nasdaq Capital Market,D,100
GIPRW,Generation Income Properties Inc. - Warrant,stock,Warrant,Nasdaq Capital Market,D,100
GITS,"Global Interactive Technologies, Inc. Common Stock - Common Stock",stock,Common Stock,Nasdaq Capital Market,N,100
GIW,GigCapital8 Corp. - Class A Ordinary Shares,stock,Ordinary Share,Nasdaq Global Market,N,100
GIWWR,GigCapital8 Corp. - Rights,stock,Right,Nasdaq Global Market,N,100
GIWWU,GigCapital8 Corp. - Units,stock,Unit,Nasdaq Global Market,N,100
GIX,GigCapital9 Corp. - Class A Ordinary Share,stock,Ordinary Share,Nasdaq Global Market,N,100
GIXXR,GigCapital9 Corp. - Rights,stock,Right,Nasdaq Global Market,N,100
GIXXU,GigCapital9 Corp. - Units,stock,Unit,Nasdaq Global Market,N,100
GKAT,Scharf Global Opportunity ETF,etf,ETF,Nasdaq Global Market,N,100
GLAD,Gladstone Capital Corporation - Closed End Fund,stock,Closed-End Fund,Nasdaq Global Select Market,N,100
GLBE,Global-E Online Ltd. - ordinary shares,stock,Ordinary Share,Nasdaq Global Select Market,N,100
GLBS,Globus Maritime Limited - Common Stock,stock,Common Stock,Nasdaq Capital Market,N,100
GLCR,GlacierShares Nasdaq Iceland ETF,etf,ETF,Nasdaq Global Market,N,100
GLDB,IDX Alternative FIAT ETF,etf,ETF,Nasdaq Global Market,N,100
GLDI,"ETRACS Gold Shares Covered Call ETNs due February 2, 2033",etf,ETF,Nasdaq Global Market,N,100
GLE,Global Engine Group Holding Limited - Class A Ordinary Shares,stock,Ordinary Share,Nasdaq Capital Market,D,100
GLGG,Leverage Shares 2X Long GLXY Daily ETF,etf,ETF,Nasdaq Global Market,N,100
GLIBA,Liberty Capital Corporation - Series A GCI Group Common Stock,stock,Common Stock,Nasdaq Global Select Market,N,100
GLIBK,Liberty Capital Corporation - Series C GCI Group Common Stock,stock,Common Stock,Nasdaq Global Select Market,N,100
GLMD,Galmed Pharmaceuticals Ltd. - Ordinary Shares,stock,Ordinary Share,Nasdaq Capital Market,D,100
GLND,Greenland Energy Company - Common Stock,stock,Common Stock,Nasdaq Global Market,N,100
GLNDW,Greenland Energy Company - Warrant,stock,Warrant,Nasdaq Global Market,N,100
GLNG,Golar LNG Limited - Common Shares,stock,Common Stock,Nasdaq Global Select Market,N,100
GLOO,"Gloo Holdings, Inc. - Common Stock",stock,Common Stock,Nasdaq Global Select Market,N,100
GLOW,VictoryShares WestEnd Global Equity ETF,etf,ETF,Nasdaq Global Market,N,100
GLPI,"Gaming and Leisure Properties, Inc. - Common Stock",stock,Common Stock,Nasdaq Global Select Market,N,100
GLRE,"Greenlight Reinsurance, Ltd. - Class A Ordinary Shares",stock,Ordinary Share,Nasdaq Global Select Market,N,100
GLSI,"Greenwich LifeSciences, Inc. - Common stock",stock,Common Stock,Nasdaq Capital Market,N,100
GLUE,"Monte Rosa Therapeutics, Inc. - Common Stock",stock,Common Stock,Nasdaq Global Select Market,N,100
GLWG,Leverage Shares 2X Long GLW Daily ETF,etf,ETF,Nasdaq Global Market,N,100
GLXG,Galaxy Payroll Group Limited - Class A Ordinary Shares,stock,Ordinary Share,Nasdaq Capital Market,N,100
GLXY,Galaxy Digital Inc. - Class A common stock,stock,Common Stock,Nasdaq Global Select Market,N,100
GMAB,Genmab A/S - American Depositary Shares,stock,Depositary Share,Nasdaq Global Select Market,N,100
GMEX,GMEX ROBOTICS CORPORATION - Class A Ordinary Shares,stock,Ordinary Share,Nasdaq Capital Market,N,100
GMHS,Gamehaus Holdings Inc. - Class A Ordinary Shares,stock,Ordinary Share,Nasdaq Capital Market,D,100
GMM,Global Mofy AI Limited  - Class A Ordinary Shares,stock,Ordinary Share,Nasdaq Capital Market,N,100
GNLN,"Greenlane Holdings, Inc. - Class A Common Stock",stock,Common Stock,Nasdaq Capital Market,N,100
GNLX,Genelux Corporation - Common Stock,stock,Common Stock,Nasdaq Capital Market,N,100
GNMA,iShares GNMA Bond ETF,etf,ETF,Nasdaq Global Market,N,100
GNOM,Global X Genomics & Biotechnology ETF,etf,ETF,Nasdaq Global Market,N,100
GNPX,"Genprex, Inc. - Common Stock",stock,Common Stock,Nasdaq Capital Market,N,100
GNSS,Genasys Inc. - Common Stock,stock,Common Stock,Nasdaq Capital Market,N,100
GNTA,Genenta Science S.p.A. - American Depositary Shares,stock,Depositary Share,Nasdaq Capital Market,N,100
GNTX,Gentex Corporation - Common Stock,stock,Common Stock,Nasdaq Global Select Market,N,100
GO,Grocery Outlet Holding Corp. - Common Stock,stock,Common Stock,Nasdaq Global Select Market,N,100
GOAI,Eva Live Inc. - Common Stock,stock,Common Stock,Nasdaq Capital Market,N,100
GOGO,Gogo Inc. - Common Stock,stock,Common Stock,Nasdaq Global Select Market,N,100
GOLI,Defiance Gold Enhanced Options Income ETF,etf,ETF,Nasdaq Global Market,N,100
GOOD,Gladstone Commercial Corporation - Real Estate Investment Trust,stock,Nasdaq Listed Security,Nasdaq Global Select Market,N,100
GOODN,Gladstone Commercial Corporation - 6.625% Series E Cumulative Redeemable Preferred Stock,stock,Preferred,Nasdaq Global Select Market,N,100
GOODO,"Gladstone Commercial Corporation - 6.00% Series G Cumulative Redeemable Preferred Stock, par value $0.001 per share",stock,Preferred,Nasdaq Global Select Market,N,100
GOOG,Alphabet Inc. - Class C Capital Stock,stock,Nasdaq Listed Security,Nasdaq Global Select Market,N,40
GOOGL,Alphabet Inc. - Class A Common Stock,stock,Common Stock,Nasdaq Global Select Market,N,40
GOOGM,Alphabet Inc. - Depositary Shares representing a 1/20th Interest in a Share of Series A Mandatory Convertible Preferred Stock,stock,Preferred,Nasdaq Global Select Market,N,100
GOOGN,Alphabet Inc. - Depositary Shares representing a 1/20th Interest in a Share of Series B Mandatory Convertible Preferred Stock,stock,Preferred,Nasdaq Global Select Market,N,100
GOSS,"Gossamer Bio, Inc. - Common Stock",stock,Common Stock,Nasdaq Global Select Market,D,100
GOU,GraniteShares 2x Long GOOGL Daily ETF,etf,ETF,Nasdaq Global Market,N,100
GOVI,Invesco Equal Weight 0-30 Year Treasury ETF,etf,ETF,Nasdaq Global Market,N,100
GOVX,"GeoVax Labs, Inc. - Common Stock",stock,Common Stock,Nasdaq Capital Market,D,100
GP,GreenPower Motor Company Inc. - Common Shares,stock,Common Stock,Nasdaq Capital Market,N,100
GPAC,General Purpose Acquisition Corp. - Class A Ordinary Shares,stock,Ordinary Share,Nasdaq Global Market,N,100
GPACU,General Purpose Acquisition Corp. - Units,stock,Unit,Nasdaq Global Market,N,100
GPACW,General Purpose Acquisition Corp. - Warrant,stock,Warrant,Nasdaq Global Market,N,100
GPAT,GP-Act III Acquisition Corp. - Class A Ordinary Share,stock,Ordinary Share,Nasdaq Global Market,N,100
GPATU,GP-Act III Acquisition Corp. - Units,stock,Unit,Nasdaq Global Market,N,100
GPATW,GP-Act III Acquisition Corp. - Warrants,stock,Warrant,Nasdaq Global Market,N,100
GPCR,Structure Therapeutics Inc. - American Depositary Shares,stock,Depositary Share,Nasdaq Global Market,N,100
GPIQ,Goldman Sachs Nasdaq-100 Premium Income ETF,etf,ETF,Nasdaq Global Market,N,100
GPIX,Goldman Sachs S&P 500 Premium Income ETF,etf,ETF,Nasdaq Global Market,N,100
GPRE,"Green Plains, Inc. - Common Stock",stock,Common Stock,Nasdaq Global Select Market,N,100
GPRF,Goldman Sachs Access U.S. Preferred Stock and Hybrid Securities ETF,etf,ETF,Nasdaq Global Market,N,100
GPRO,"GoPro, Inc. - Class A Common Stock",stock,Common Stock,Nasdaq Global Select Market,D,100
GPT,Intelligent Alpha Atlas ETF,etf,ETF,Nasdaq Global Market,N,100
GQQQ,Astoria US Quality Growth Kings ETF,etf,ETF,Nasdaq Global Market,N,100
GRAB,Grab Holdings Limited - Class A Ordinary Shares,stock,Ordinary Share,Nasdaq Global Select Market,N,100
GRABW,Grab Holdings Limited - Warrant,stock,Warrant,Nasdaq Global Select Market,N,100
GRAG,Leverage Shares 2X Long GRAB Daily ETF,etf,ETF,Nasdaq Global Market,N,100
GRAL,"GRAIL, Inc. - Common Stock",stock,Common Stock,Nasdaq Global Select Market,N,100
GRAN,Grande Group Limited - Class A Ordinary Shares,stock,Ordinary Share,Nasdaq Capital Market,N,100
GRCE,"Grace Therapeutics, Inc. - Common Stock",stock,Common Stock,Nasdaq Capital Market,N,100
GRDX,GridAI Technologies Corp.  - Common Stock,stock,Common Stock,Nasdaq Capital Market,N,100
GREEL,Vulcan Infrastructure and Power Inc. - 8.50% Senior Notes due 2026,stock,Note,Nasdaq Global Select Market,D,100
GRFS,"Grifols, S.A. - American Depositary Shares",stock,Depositary Share,Nasdaq Global Select Market,N,100
GRI,"GRI Bio, Inc. - Common Stock",stock,Common Stock,Nasdaq Capital Market,N,100
GRID,First Trust NASDAQ Clean Edge Smart Grid Infrastructure Index Fund,etf,ETF,Nasdaq Global Market,N,100
GRIN,VictoryShares International Free Cash Flow Growth ETF,etf,ETF,Nasdaq Global Market,N,100
GRML,Greenland Mines Ltd - Common Stock,stock,Common Stock,Nasdaq Capital Market,D,100
GRMLW,Greenland Mines Ltd - Warrants,stock,Warrant,Nasdaq Capital Market,N,100
GRNQ,Greenpro Capital Corp. - Common Stock,stock,Common Stock,Nasdaq Capital Market,N,100
GROW,"U.S. Global Investors, Inc. - Class A Common Stock",stock,Common Stock,Nasdaq Capital Market,N,100
GRPN,"Groupon, Inc. - Common Stock",stock,Common Stock,Nasdaq Global Select Market,N,100
GRRR,Gorilla Technology Group Inc. - Ordinary shares,stock,Ordinary Share,Nasdaq Capital Market,N,100
GRRRW,Gorilla Technology Group Inc. - Warrant,stock,Warrant,Nasdaq Capital Market,N,100
GRSD,Grandstand Limited - Ordinary Shares,stock,Ordinary Share,Nasdaq Global Market,N,100
GRVY,"GRAVITY Co., Ltd. - American depositary shares, each representing one common share.",stock,Depositary Share,Nasdaq Global Market,N,100
GRW,TCW Durable Growth ETF,etf,ETF,Nasdaq Global Market,N,100
GRWG,GrowGeneration Corp. - Common Stock,stock,Common Stock,Nasdaq Capital Market,N,100
GSAT,"Globalstar, Inc. - Common Stock",stock,Common Stock,Nasdaq Global Select Market,N,100
GSBC,"Great Southern Bancorp, Inc. - Common Stock",stock,Common Stock,Nasdaq Global Select Market,N,100
GSGO,Goldman Sachs Growth Opportunities ETF,etf,ETF,Nasdaq Global Market,N,100
GSHD,"Goosehead Insurance, Inc. - Class A Common Stock",stock,Common Stock,Nasdaq Global Select Market,N,100
GSHR,Gesher Acquisition Corp. II - Class A Ordinary Shares,stock,Ordinary Share,Nasdaq Global Market,N,100
GSHRU,Gesher Acquisition Corp. II - Units,stock,Unit,Nasdaq Global Market,N,100
GSHRW,Gesher Acquisition Corp. II - Warrants,stock,Warrant,Nasdaq Global Market,N,100
GSIB,Themes Global Systemically Important Banks ETF,etf,ETF,Nasdaq Global Market,N,100
GSIT,"GSI Technology, Inc. - Common Stock",stock,Common Stock,Nasdaq Global Select Market,N,100
GSIW,Garden Stage Limited - Class A Ordinary Shares,stock,Ordinary Share,Nasdaq Capital Market,N,100
GSM,Ferroglobe PLC - Ordinary Shares,stock,Ordinary Share,Nasdaq Capital Market,N,100
GSRF,GSR IV Acquisition Corp. - Class A ordinary share,stock,Ordinary Share,Nasdaq Global Market,N,100
GSRFR,GSR IV Acquisition Corp. - Rights,stock,Right,Nasdaq Global Market,N,100
GSRFU,GSR IV Acquisition Corp. - Units,stock,Unit,Nasdaq Global Market,N,100
GSRV,GSR V Acquisition Corp. - Class A ordinary shares,stock,Ordinary Share,Nasdaq Global Market,N,100
GSRVR,GSR V Acquisition Corp. - Rights,stock,Right,Nasdaq Global Market,N,100
GSRVU,GSR V Acquisition Corp. - Units,stock,Unit,Nasdaq Global Market,N,100
GSUN,Golden Sun Technology Group Limited - Class A Ordinary Shares,stock,Ordinary Share,Nasdaq Capital Market,D,100
GT,The Goodyear Tire & Rubber Company - Common Stock,stock,Common Stock,Nasdaq Global Select Market,N,100
GTBP,"GT Biopharma, Inc. - Common Stock",stock,Common Stock,Nasdaq Capital Market,D,100
GTEC,Greenland Technologies Holding Corporation - Class A Ordinary Shares,stock,Ordinary Share,Nasdaq Capital Market,D,100
GTEN,"Gores Holdings X, Inc. - Class A ordinary shares",stock,Ordinary Share,Nasdaq Global Market,N,100
GTENU,"Gores Holdings X, Inc. - Units",stock,Unit,Nasdaq Global Market,N,100
GTENW,"Gores Holdings X, Inc. - Warrants",stock,Warrant,Nasdaq Global Market,N,100
GTERA,Globa Terra Acquisition Corporation - Class A Ordinary Shares,stock,Ordinary Share,Nasdaq Global Market,N,100
GTERR,Globa Terra Acquisition Corporation - Rights,stock,Right,Nasdaq Global Market,N,100
GTERU,Globa Terra Acquisition Corporation - Units,stock,Unit,Nasdaq Global Market,N,100
GTERW,Globa Terra Acquisition Corporation - Warrants,stock,Warrant,Nasdaq Global Market,N,100
GTIM,Good Times Restaurants Inc. - Common Stock,stock,Common Stock,Nasdaq Capital Market,N,100
GTLB,GitLab Inc. - Class A Common Stock,stock,Common Stock,Nasdaq Global Select Market,N,100
GTM,ZoomInfo Technologies Inc. - Common Stock,stock,Common Stock,Nasdaq Global Select Market,N,100
GTOP,Goldman Sachs Technology Opportunities ETF,etf,ETF,Nasdaq Global Market,N,100
GTOQ,Invesco High Yield Systematic Bond ETF,etf,ETF,Nasdaq Global Market,N,100
GTPE,Goldman Sachs MSCI World Private Equity Return Tracker ETF,etf,ETF,Nasdaq Global Market,N,100
GTR,WisdomTree Target Range Fund,etf,ETF,Nasdaq Global Market,N,100
GTX,Garrett Motion Inc. - Common Stock,stock,Common Stock,Nasdaq Global Select Market,N,100
GUAC,Berto Acquisition Corp. II - Ordinary Shares,stock,Ordinary Share,Nasdaq Global Market,N,100
GUACU,Berto Acquisition Corp. II - Units,stock,Unit,Nasdaq Global Market,N,100
GUACW,Berto Acquisition Corp. II - Warrants,stock,Warrant,Nasdaq Global Market,N,100
GURE,"Gulf Resources, Inc. - Common Stock",stock,Common Stock,Nasdaq Capital Market,E,100
GUSE,Goldman Sachs Enhanced U.S. Equity ETF,etf,ETF,Nasdaq Global Market,N,100
GUTS,"Fractyl Health, Inc. - Common Stock",stock,Common Stock,Nasdaq Global Market,D,100
GVH,Globavend Holdings Limited - Ord Shares,stock,Nasdaq Listed Security,Nasdaq Capital Market,N,100
GVLE,Goldman Sachs Value Opportunities ETF,etf,ETF,Nasdaq Global Market,N,100
GWAV,"Greenwave Technology Solutions, Inc. - Common Stock",stock,Common Stock,Nasdaq Capital Market,N,100
GWRS,"Global Water Resources, Inc. - common stock",stock,Common Stock,Nasdaq Global Market,N,100
GXAI,Gaxos.ai Inc. - Common Stock,stock,Common Stock,Nasdaq Capital Market,N,100
GXDW,Global X Dorsey Wright Thematic ETF,etf,ETF,Nasdaq Global Market,N,100
GYGY,"Game Your Game, Inc. - Common Stock",stock,Common Stock,Nasdaq Capital Market,N,100
GYRE,"Gyre Therapeutics, Inc. - Common Stock",stock,Common Stock,Nasdaq Capital Market,N,100
GYRO,"Gyrodyne , LLC - Common Stock",stock,Common Stock,Nasdaq Capital Market,N,100
HACQ,HCM IV Acquisition Corp. - Class A Ordinary Share,stock,Ordinary Share,Nasdaq Global Market,N,100
HACQU,HCM IV Acquisition Corp. - Unit,stock,Unit,Nasdaq Global Market,N,100
HACQW,HCM IV Acquisition Corp. - Warrants,stock,Warrant,Nasdaq Global Market,N,100
HAFC,Hanmi Financial Corporation - Common Stock,stock,Common Stock,Nasdaq Global Select Market,N,100
HAIN,"The Hain Celestial Group, Inc. - Common Stock",stock,Common Stock,Nasdaq Global Select Market,D,100
HALO,"Halozyme Therapeutics, Inc. - Common Stock",stock,Common Stock,Nasdaq Global Select Market,N,100
HAO,Haoxi Health Technology Limited - Class A Ord Share,stock,Nasdaq Listed Security,Nasdaq Capital Market,N,100
HAPN,"Happen, Inc. - Common Stock",stock,Common Stock,Nasdaq Global Select Market,N,100
HAS,"Hasbro, Inc. - Common Stock",stock,Common Stock,Nasdaq Global Select Market,N,100
HAVA,Harvard Ave Acquisition Corporation - Class A Ordinary Share,stock,Ordinary Share,Nasdaq Global Market,N,100
HAVAR,Harvard Ave Acquisition Corporation - Rights that convert on a 1/10th of 1 basis to Class A ordinary Shares,stock,Right,Nasdaq Global Market,N,100
HAVAU,Harvard Ave Acquisition Corporation - Unit,stock,Unit,Nasdaq Global Market,N,100
HBAN,Huntington Bancshares Incorporated - Common Stock,stock,Common Stock,Nasdaq Global Select Market,N,100
HBANL,"Huntington Bancshares Incorporated - Depositary Shares, Each Representing a 1/40th Interest in a Share of 6.875% Series J Non-Cumulative Perpetual Preferred Stock",stock,Preferred,Nasdaq Global Select Market,N,100
HBANM,Huntington Bancshares Incorporated - Depositary Shares each representing a 1/1000th interest in a share of Huntington Series I Preferred Stock,stock,Preferred,Nasdaq Global Select Market,N,100
HBANP,Huntington Bancshares Incorporated - Depositary Shares 4.500% Series H Non-Cumulative Perpetual Preferred Stock,stock,Preferred,Nasdaq Global Select Market,N,100
HBANZ,"Huntington Bancshares Incorporated - Depositary Shares, Each Representing a 1/1000th Interest in a Share of 5.50% Series L Non-Cumulative Perpetual Preferred Stock",stock,Preferred,Nasdaq Global Select Market,N,100
HBCP,"Home Bancorp, Inc. - Common Stock",stock,Common Stock,Nasdaq Global Select Market,N,100
HBDC,Hilton BDC Corporate Bond ETF,etf,ETF,Nasdaq Global Market,N,100
HBIO,"Harvard Bioscience, Inc. - Common Stock",stock,Common Stock,Nasdaq Capital Market,N,100
HBNB,Hotel101 Global Holdings Corp. - Class A Ordinary Shares,stock,Ordinary Share,Nasdaq Capital Market,N,100
HBNC,"Horizon Bancorp, Inc. - Common Stock",stock,Common Stock,Nasdaq Global Select Market,N,100
HBR,Canary HBAR ETF,etf,ETF,Nasdaq Global Market,N,100
HBT,"HBT Financial, Inc. - Common Stock",stock,Common Stock,Nasdaq Global Select Market,N,100
HCAC,Hall Chadwick Acquisition Corp. - Class A Ordinary Shares,stock,Ordinary Share,Nasdaq Global Market,N,100
HCACR,Hall Chadwick Acquisition Corp. - Rights,stock,Right,Nasdaq Global Market,N,100
HCACU,Hall Chadwick Acquisition Corp. - Unit,stock,Unit,Nasdaq Global Market,N,100
HCAI,"Huachen AI Parking Management Technology Holding Co., Ltd. - Class A Ordinary Shares",stock,Ordinary Share,Nasdaq Capital Market,N,100
HCAT,"Health Catalyst, Inc - Common stock",stock,Common Stock,Nasdaq Global Select Market,N,100
HCHL,Happy City Holdings Limited - Class A Ordinary shares,stock,Ordinary Share,Nasdaq Capital Market,N,100
HCIC,Hennessy Capital Investment Corp. VIII - Class A Ordinary Shares,stock,Ordinary Share,Nasdaq Global Market,N,100
HCICR,Hennessy Capital Investment Corp. VIII - Share Rights,stock,Right,Nasdaq Global Market,N,100
HCICU,Hennessy Capital Investment Corp. VIII - Units,stock,Unit,Nasdaq Global Market,N,100
HCKT,"The Hackett Group, Inc. - Common Stock",stock,Common Stock,Nasdaq Global Select Market,N,100
HCM,HUTCHMED (China) Limited - American Depositary Shares,stock,Depositary Share,Nasdaq Global Select Market,N,100
HCMA,HCM III Acquisition Corp. - Class A Ordinary Share,stock,Ordinary Share,Nasdaq Global Market,N,100
HCMAU,HCM III Acquisition Corp. - Units,stock,Unit,Nasdaq Global Market,N,100
HCMAW,HCM III Acquisition Corp. - Warrants,stock,Warrant,Nasdaq Global Market,N,100
HCOW,Amplify COWS Covered Call ETF,etf,ETF,Nasdaq Global Market,N,100
HCSG,"Healthcare Services Group, Inc. - Common Stock",stock,Common Stock,Nasdaq Global Select Market,N,100
HCTI,"Healthcare Triangle, Inc. - Common Stock",stock,Common Stock,Nasdaq Capital Market,N,100
HCWB,HCW Biologics Inc. - Common Stock,stock,Common Stock,Nasdaq Capital Market,N,100
HDL,SUPER HI INTERNATIONAL HOLDING LTD. - American Depositary Shares,stock,Depositary Share,Nasdaq Global Market,N,100
HDRN,"Hadron Energy, Inc. - Common Stock",stock,Common Stock,Nasdaq Capital Market,N,100
HDRNW,"Hadron Energy, Inc. - Warrant",stock,Warrant,Nasdaq Capital Market,N,100
HDSN,"Hudson Technologies, Inc. - Common Stock",stock,Common Stock,Nasdaq Capital Market,N,100
HEAL,Global X HealthTech ETF,etf,ETF,Nasdaq Global Market,N,100
HECO,State Street Galaxy Hedged Digital Asset Ecosystem ETF,etf,ETF,Nasdaq Global Market,N,100
HELE,Helen of Troy Limited - Common Stock,stock,Common Stock,Nasdaq Global Select Market,N,100
HELP,Cybin Inc. - Common Stock,stock,Common Stock,Nasdaq Global Market,N,100
HEPS,D-Market Electronic Services & Trading - American Depositary Shares,stock,Depositary Share,Nasdaq Global Select Market,N,100
HEQQ,JPMorgan Nasdaq Hedged Equity Laddered Overlay ETF,etf,ETF,Nasdaq Global Market,N,100
HERD,Pacer Cash Cows Fund of Funds ETF,etf,ETF,Nasdaq Global Market,N,100
HERE,Here Group Limited - American Depositary Shares,stock,Depositary Share,Nasdaq Global Market,N,100
HERO,Global X Video Games & Esports ETF,etf,ETF,Nasdaq Global Market,N,100
HERZ,"Herzfeld Credit Income Fund, Inc.  - Closed End Fund",stock,Closed-End Fund,Nasdaq Capital Market,N,100
HFBL,"Home Federal Bancorp, Inc. of Louisiana - Common Stock",stock,Common Stock,Nasdaq Capital Market,N,100
HFFG,HF Foods Group Inc. - Common Stock,stock,Common Stock,Nasdaq Capital Market,N,100
HFSP,TradersAI Large Cap Equity & Cash ETF,etf,ETF,Nasdaq Global Market,N,100
HFWA,Heritage Financial Corporation - Common Stock,stock,Common Stock,Nasdaq Global Select Market,N,100
HGBL,Heritage Global Inc. - Common Stock,stock,Common Stock,Nasdaq Capital Market,N,100
HHS,"Harte Hanks, Inc. - Common Stock",stock,Common Stock,Nasdaq Global Market,N,100
HIDE,Alpha Architect High Inflation and Deflation ETF,etf,ETF,Nasdaq Global Market,N,100
HIFS,Hingham Institution for Savings - Common Stock,stock,Common Stock,Nasdaq Global Market,N,40
HIHO,Highway Holdings Limited - Common Stock,stock,Common Stock,Nasdaq Capital Market,D,100
HIMX,"Himax Technologies, Inc. - American depositary shares, each of which represents two ordinary shares.",stock,Depositary Share,Nasdaq Global Select Market,N,100
HIMZ,Defiance Daily Target 2X Long HIMS ETF,etf,ETF,Nasdaq Global Market,N,100
HIND,"Vyome Holdings, Inc. - Common Stock",stock,Common Stock,Nasdaq Capital Market,N,100
HIS,Humilis US Focused Opportunities ETF,etf,ETF,Nasdaq Global Market,N,100
HISF,First Trust High Income Strategic Focus ETF,etf,ETF,Nasdaq Global Market,N,100
HIT,"Health In Tech, Inc. - Class A Common Stock",stock,Common Stock,Nasdaq Capital Market,N,100
HITI,High Tide Inc. - Common Shares,stock,Common Stock,Nasdaq Capital Market,N,100
HIVE,HIVE Digital Technologies Ltd - Common Shares,stock,Common Stock,Nasdaq Capital Market,N,100
HKIT,Hitek Global Inc. - Class A Ordinary Share,stock,Ordinary Share,Nasdaq Capital Market,N,100
HKPD,"Cellyan Biotechnology Co., Ltd  - Class A Ordinary Shares",stock,Ordinary Share,Nasdaq Capital Market,D,100
HLAL,Wahed FTSE USA Shariah ETF,etf,ETF,Nasdaq Global Market,N,100
HLIT,Harmonic Inc. - Common Stock,stock,Common Stock,Nasdaq Global Select Market,N,100
HLMN,Hillman Solutions Corp. - Common Stock,stock,Common Stock,Nasdaq Global Market,N,100
HLNE,Hamilton Lane Incorporated - Class A Common Stock,stock,Common Stock,Nasdaq Global Select Market,N,100
HLP,Hongli Group Inc. - Class A Ordinary Shares,stock,Ordinary Share,Nasdaq Capital Market,D,100
HLTH,Tema Healthcare AI ETF,etf,ETF,Nasdaq Global Market,N,100
HLXC,Helix Acquisition Corp. III - Class A Ordinary Shares,stock,Ordinary Share,Nasdaq Global Market,N,100
HMH,HMH Holding Inc. - Common Stock,stock,Common Stock,Nasdaq Global Select Market,N,100
HMR,Heidmar Maritime Holdings Corp. - Common Stock,stock,Common Stock,Nasdaq Capital Market,N,100
HMYY,GraniteShares YieldBoost HIMS ETF,etf,ETF,Nasdaq Global Market,N,100
HNDL,Strategy Shares Nasdaq 7HANDL Index ETF,etf,ETF,Nasdaq Global Market,N,100
HNNA,"Hennessy Advisors, Inc. - Common Stock",stock,Common Stock,Nasdaq Global Market,N,100
HNRG,Hallador Energy Company - Common Stock,stock,Common Stock,Nasdaq Capital Market,N,100
HNST,"The Honest Company, Inc. - Common Stock",stock,Common Stock,Nasdaq Global Select Market,N,100
HNVR,"Hanover Bancorp, Inc. - Common Stock",stock,Common Stock,Nasdaq Global Select Market,N,100
HODO,House of Doge Inc. - Common Stock,stock,Common Stock,Nasdaq Capital Market,N,100
HODU,Direxion Daily HOOD Bull 2X ETF,etf,ETF,Nasdaq Global Market,N,100
HOFT,Hooker Furnishings Corporation - Common Stock,stock,Common Stock,Nasdaq Global Select Market,N,100
HOLO,MicroCloud Hologram Inc. - Ordinary Shares,stock,Ordinary Share,Nasdaq Capital Market,N,100
HOLOW,MicroCloud Hologram Inc. - Warrant,stock,Warrant,Nasdaq Capital Market,N,100
HON,Honeywell International Inc. - Common Stock,stock,Common Stock,Nasdaq Global Select Market,N,100
HONA,Honeywell Aerospace Inc. - Common Stock,stock,Common Stock,Nasdaq Global Select Market,N,100
HOOD,"Robinhood Markets, Inc. - Class A Common Stock",stock,Common Stock,Nasdaq Global Select Market,N,100
HOOG,Leverage Shares 2X Long HOOD Daily ETF,etf,ETF,Nasdaq Global Market,N,100
HOOX,Defiance Daily Target 2X Long HOOD ETF,etf,ETF,Nasdaq Global Market,N,100
HOPE,"Hope Bancorp, Inc. - Common Stock",stock,Common Stock,Nasdaq Global Select Market,N,100
HOUR,"Hour Loop, Inc. - common stock",stock,Common Stock,Nasdaq Capital Market,N,100
HOVNP,Hovnanian Enterprises Inc - Depositary Share representing 1/1000th of 7.625% Series A Preferred Stock,stock,Preferred,Nasdaq Global Market,N,100
HOVR,New Horizon Aircraft Ltd. - Class A Ordinary Shares,stock,Ordinary Share,Nasdaq Capital Market,N,100
HOVRW,New Horizon Aircraft Ltd. - Warrant,stock,Warrant,Nasdaq Capital Market,N,100
HOWL,"Werewolf Therapeutics, Inc. - Common Stock",stock,Common Stock,Nasdaq Global Select Market,D,100
HOYY,GraniteShares YieldBOOST HOOD ETF,etf,ETF,Nasdaq Global Market,N,100
HPAI,Helport AI Limited - Ordinary Shares,stock,Ordinary Share,Nasdaq Capital Market,D,100
HPAIW,Helport AI Limited - Warrants,stock,Warrant,Nasdaq Capital Market,N,100
HPK,"HighPeak Energy, Inc. - Common Stock",stock,Common Stock,Nasdaq Global Market,N,100
HQ,Horizon Quantum Holdings Ltd. - Class A Ordinary Shares,stock,Ordinary Share,Nasdaq Capital Market,N,100
HQGO,Hartford US Quality Growth ETF,etf,ETF,Nasdaq Global Market,N,100
HQI,"HireQuest, Inc. - Common Stock",stock,Common Stock,Nasdaq Capital Market,N,100
HQWWW,Horizon Quantum Holdings Ltd. - Warrant,stock,Warrant,Nasdaq Capital Market,N,100
HQY,"HealthEquity, Inc. - Common Stock",stock,Common Stock,Nasdaq Global Select Market,N,100
HRMY,"Harmony Biosciences Holdings, Inc. - Common Stock",stock,Common Stock,Nasdaq Global Market,N,100
HROW,"Harrow, Inc. - Common Stock",stock,Common Stock,Nasdaq Global Market,N,100
HRTS,Tema Heart & Health ETF,etf,ETF,Nasdaq Global Market,N,100
HRTX,"Heron Therapeutics, Inc.   - Common Stock",stock,Common Stock,Nasdaq Capital Market,D,100
HRZN,Horizon Technology Finance Corporation - Common Stock,stock,Common Stock,Nasdaq Global Select Market,N,100
HSAI,Hesai Group - American Depositary Share,stock,Depositary Share,Nasdaq Global Select Market,N,100
HSCS,HeartSciences Inc. - Common Stock,stock,Common Stock,Nasdaq Capital Market,N,100
HSCSW,HeartSciences Inc. - Warrant,stock,Warrant,Nasdaq Capital Market,N,100
HSDT,Solana Company - Class A Common Stock,stock,Common Stock,Nasdaq Capital Market,N,100
HSIC,"Henry Schein, Inc. - Common Stock",stock,Common Stock,Nasdaq Global Select Market,N,100
HST,"Host Hotels & Resorts, Inc. - Common Stock",stock,Common Stock,Nasdaq Global Select Market,N,100
HSTM,"HealthStream, Inc. - Common Stock",stock,Common Stock,Nasdaq Global Select Market,N,100
HTCO,High-Trend International Group - Class A Ordinary Shares,stock,Ordinary Share,Nasdaq Capital Market,N,100
HTCR,"Heartcore Enterprises, Inc. - Common Stock",stock,Common Stock,Nasdaq Capital Market,N,100
HTFL,"Heartflow, Inc. - Common Stock",stock,Common Stock,Nasdaq Global Select Market,N,100
HTHT,H World Group Limited - American Depositary Shares,stock,Depositary Share,Nasdaq Global Select Market,N,100
HTLD,"Heartland Express, Inc. - Common Stock",stock,Common Stock,Nasdaq Global Select Market,N,100
HTLM,HomesToLife Ltd - Ordinary Shares,stock,Ordinary Share,Nasdaq Capital Market,N,100
HTO,H2O America  - Common Stock,stock,Common Stock,Nasdaq Global Select Market,N,100
HTOO,Fusion Fuel Green PLC - Ordinary Shares,stock,Ordinary Share,Nasdaq Capital Market,N,100
HTZ,"Hertz Global Holdings, Inc - Common Stock",stock,Common Stock,Nasdaq Global Select Market,N,100
HTZWW,"Hertz Global Holdings, Inc - Warrant",stock,Warrant,Nasdaq Global Select Market,N,100
HUBC,Hub Cyber Security Ltd. - Ordinary Shares,stock,Ordinary Share,Nasdaq Capital Market,N,100
HUBCW,Hub Cyber Security Ltd. - Warrant expiring 2/27/28,stock,Warrant,Nasdaq Capital Market,N,100
HUBCZ,Hub Cyber Security Ltd. - Warrant,stock,Warrant,Nasdaq Capital Market,N,100
HUBG,"Hub Group, Inc. - Class A Common Stock",stock,Common Stock,Nasdaq Global Select Market,E,100
HUDI,"Huadi International Group Co., Ltd. - Ordinary Shares",stock,Ordinary Share,Nasdaq Capital Market,D,100
HUHU,HUHUTECH International Group Inc. - Ordinary Shares,stock,Ordinary Share,Nasdaq Capital Market,N,100
HUIZ,Huize Holding Limited - American Depositary Shares,stock,Depositary Share,Nasdaq Global Market,N,100
HUMA,"Humacyte, Inc. - Common Stock",stock,Common Stock,Nasdaq Global Select Market,N,100
HUMAW,"Humacyte, Inc. - Warrant",stock,Warrant,Nasdaq Global Select Market,N,100
HURA,"TuHURA Biosciences, Inc. - Common Stock",stock,Common Stock,Nasdaq Capital Market,N,100
HURC,"Hurco Companies, Inc. - Common Stock",stock,Common Stock,Nasdaq Global Select Market,N,100
HURN,Huron Consulting Group Inc. - Common Stock,stock,Common Stock,Nasdaq Global Select Market,N,100
HUT,Hut 8 Corp. - Common Stock,stock,Common Stock,Nasdaq Global Select Market,N,100
HUTG,Leverage Shares 2X Long HUT Daily ETF,etf,ETF,Nasdaq Global Market,N,100
HVII,Hennessy Capital Investment Corp. VII - Ordinary Shares,stock,Ordinary Share,Nasdaq Global Market,N,100
HVIIR,Hennessy Capital Investment Corp. VII - Rights,stock,Right,Nasdaq Global Market,N,100
HVIIU,Hennessy Capital Investment Corp. VII - Unit,stock,Unit,Nasdaq Global Market,N,100
HVMC,Highview Merger Corp. - Class A Ordinary Share,stock,Ordinary Share,Nasdaq Global Market,N,100
HVMCU,Highview Merger Corp. - Units,stock,Unit,Nasdaq Global Market,N,100
HVMCW,Highview Merger Corp. - Warrants,stock,Warrant,Nasdaq Global Market,N,100
HWBK,"Hawthorn Bancshares, Inc. - Common Stock",stock,Common Stock,Nasdaq Global Select Market,N,100
HWC,Hancock Whitney Corporation - Common Stock,stock,Common Stock,Nasdaq Global Select Market,N,100
HWCPZ,Hancock Whitney Corporation - 6.25% Subordinated Notes due 2060,stock,Nasdaq Listed Security,Nasdaq Global Select Market,N,100
HWH,HWH International Inc. - Common Stock,stock,Common Stock,Nasdaq Capital Market,D,100
HWIV,Hotchkis & Wiley International Value Fund,etf,ETF,Nasdaq Global Market,N,100
HWKN,"Hawkins, Inc. - Common Stock",stock,Common Stock,Nasdaq Global Select Market,N,100
HWO,Hotchkis & Wiley Opportunities Fund,etf,ETF,Nasdaq Global Market,N,100
HWSM,Hotchkis & Wiley SMID Cap Diversified Value Fund,etf,ETF,Nasdaq Global Market,N,100
HXHX,Haoxin Holdings Limited - Class A Ordinary Shares,stock,Ordinary Share,Nasdaq Capital Market,D,100
HYBI,NEOS Enhanced Income Credit Select ETF,etf,ETF,Nasdaq Global Market,N,100
HYDR,Global X Hydrogen ETF,etf,ETF,Nasdaq Global Market,N,100
HYFM,"Hydrofarm Holdings Group, Inc. - Common Stock",stock,Common Stock,Nasdaq Capital Market,D,100
HYFT,MindWalk Holdings Corp. - Common Stock,stock,Common Stock,Nasdaq Capital Market,N,100
HYLS,First Trust Tactical High Yield ETF,etf,ETF,Nasdaq Global Market,N,100
HYMC,Hycroft Mining Holding Corporation - Class A Common Stock,stock,Common Stock,Nasdaq Capital Market,N,100
HYNE,"Hoyne Bancorp, Inc. - Common Stock",stock,Common Stock,Nasdaq Capital Market,N,100
HYP,Golden Eagle Dynamic Hypergrowth ETF,etf,ETF,Nasdaq Global Market,N,100
HYPD,"Hyperion DeFi, Inc. - Common Stock",stock,Common Stock,Nasdaq Capital Market,N,100
HYPG,Grayscale Hyperliquid Staking ETF,etf,ETF,Nasdaq Global Market,N,100
HYPR,"Hyperfine, Inc.  - Class A Common Stock",stock,Common Stock,Nasdaq Global Market,N,100
HYXF,iShares ESG Advanced High Yield Corporate Bond ETF,etf,ETF,Nasdaq Global Market,N,100
HYZD,WisdomTree Interest Rate Hedged High Yield Bond Fund,etf,ETF,Nasdaq Global Market,N,100
IACO,Idea Acquisition Corp. - Class A Ordinary Shares,stock,Ordinary Share,Nasdaq Global Market,N,100
IACOU,Idea Acquisition Corp. - Units,stock,Unit,Nasdaq Global Market,N,100
IACOW,Idea Acquisition Corp. - Warrants,stock,Warrant,Nasdaq Global Market,N,100
IACQ,Irenic Acquisition Corp. - Class A Ordinary Shares,stock,Ordinary Share,Nasdaq Global Market,N,100
IACQU,Irenic Acquisition Corp. - Unit,stock,Unit,Nasdaq Global Market,N,100
IACQW,Irenic Acquisition Corp. - Warrants,stock,Warrant,Nasdaq Global Market,N,100
IALT,iShares Systematic Alternatives Active ETF,etf,ETF,Nasdaq Global Market,N,100
IART,Integra LifeSciences Holdings Corporation - Common Stock,stock,Common Stock,Nasdaq Global Select Market,N,100
IBAC,IB Acquisition Corp. - Common Stock,stock,Common Stock,Nasdaq Capital Market,N,100
IBACR,IB Acquisition Corp. - Right,stock,Right,Nasdaq Capital Market,N,100
IBAT,iShares Energy Storage & Materials ETF,etf,ETF,Nasdaq Global Market,N,100
IBB,iShares Biotechnology ETF,etf,ETF,Nasdaq Global Market,N,100
IBBQ,Invesco Nasdaq Biotechnology ETF,etf,ETF,Nasdaq Global Market,N,100
IBCP,Independent Bank Corporation - Common Stock,stock,Common Stock,Nasdaq Global Select Market,N,100
IBEX,IBEX Limited - Common Share,stock,Common Stock,Nasdaq Global Market,N,100
IBG,Innovation Beverage Group Limited - Ordinary Shares,stock,Ordinary Share,Nasdaq Capital Market,E,100
IBGA,iShares iBonds Dec 2044 Term Treasury ETF,etf,ETF,Nasdaq Global Market,N,100
IBGB,iShares iBonds Dec 2045 Term Treasury ETF,etf,ETF,Nasdaq Global Market,N,100
IBGC,iShares iBonds Dec 2046 Term Treasury ETF,etf,ETF,Nasdaq Global Market,N,100
IBGK,iShares iBonds Dec 2054 Term Treasury ETF,etf,ETF,Nasdaq Global Market,N,100
IBGL,iShares iBonds Dec 2055 Term Treasury ETF,etf,ETF,Nasdaq Global Market,N,100
IBGM,iShares iBonds Dec 2056 Term Treasury ETF,etf,ETF,Nasdaq Global Market,N,100
IBIO,"iBio, Inc. - Common Stock",stock,Common Stock,Nasdaq Capital Market,N,100
IBIT,iShares Bitcoin Trust ETF,etf,ETF,Nasdaq Global Market,N,100
IBKR,"Interactive Brokers Group, Inc. - Class A Common Stock",stock,Common Stock,Nasdaq Global Select Market,N,100
IBOC,International Bancshares Corporation - Common Stock,stock,Common Stock,Nasdaq Global Select Market,N,100
IBOT,VanEck Robotics ETF,etf,ETF,Nasdaq Global Market,N,100
IBRX,"ImmunityBio, Inc. - Common Stock",stock,Common Stock,Nasdaq Global Select Market,N,100
IBTG,iShares iBonds Dec 2026 Term Treasury ETF,etf,ETF,Nasdaq Global Market,N,100
IBTH,iShares iBonds Dec 2027 Term Treasury ETF,etf,ETF,Nasdaq Global Market,N,100
IBTI,iShares iBonds Dec 2028 Term Treasury ETF,etf,ETF,Nasdaq Global Market,N,100
IBTJ,iShares iBonds Dec 2029 Term Treasury ETF,etf,ETF,Nasdaq Global Market,N,100
IBTK,iShares iBonds Dec 2030 Term Treasury ETF,etf,ETF,Nasdaq Global Market,N,100
IBTL,iShares iBonds Dec 2031 Term Treasury ETF,etf,ETF,Nasdaq Global Market,N,100
IBTM,iShares iBonds Dec 2032 Term Treasury ETF,etf,ETF,Nasdaq Global Market,N,100
IBTO,iShares iBonds Dec 2033 Term Treasury ETF,etf,ETF,Nasdaq Global Market,N,100
IBTP,iShares iBonds Dec 2034 Term Treasury ETF,etf,ETF,Nasdaq Global Market,N,100
IBTQ,iShares iBonds Dec 2035 Term Treasury ETF,etf,ETF,Nasdaq Global Market,N,100
IBTR,iShares iBonds Dec 2036 Term Treasury ETF,etf,ETF,Nasdaq Global Market,N,100
ICCC,ImmuCell Corporation - Common Stock,stock,Common Stock,Nasdaq Capital Market,N,100
ICCM,IceCure Medical Ltd. - Ordinary Shares,stock,Ordinary Share,Nasdaq Capital Market,N,100
ICFI,"ICF International, Inc. - Common Stock",stock,Common Stock,Nasdaq Global Select Market,N,100
ICG,Intchains Group Limited - American Depositary Shares,stock,Depositary Share,Nasdaq Capital Market,N,100
ICHR,Ichor Holdings - Ordinary Shares,stock,Ordinary Share,Nasdaq Global Select Market,N,100
ICLN,iShares Global Clean Energy ETF,etf,ETF,Nasdaq Global Market,N,100
ICLR,ICON plc - Ordinary Shares,stock,Ordinary Share,Nasdaq Global Select Market,N,100
ICMB,"Investcorp Credit Management BDC, Inc. - Common Stock",stock,Common Stock,Nasdaq Global Select Market,N,100
ICON,Icon Energy Corp. - Common stock,stock,Common Stock,Nasdaq Capital Market,N,100
ICOP,iShares Copper and Metals Mining ETF,etf,ETF,Nasdaq Global Market,N,100
ICU,SeaStar Medical Holding Corporation - Common Stock,stock,Common Stock,Nasdaq Capital Market,N,100
ICUCW,SeaStar Medical Holding Corporation - Warrant,stock,Warrant,Nasdaq Capital Market,N,100
ICUI,"ICU Medical, Inc. - Common Stock",stock,Common Stock,Nasdaq Global Select Market,N,100
IDAC,Iron Dome Acquisition I Corp. - Class A Ordinary Shares,stock,Ordinary Share,Nasdaq Global Market,N,100
IDACU,Iron Dome Acquisition I Corp. - Units,stock,Unit,Nasdaq Global Market,N,100
IDACW,Iron Dome Acquisition I Corp. - Warrant,stock,Warrant,Nasdaq Global Market,N,100
IDAI,T Stamp Inc. - Class A Common Stock,stock,Common Stock,Nasdaq Capital Market,N,100
IDCC,"InterDigital, Inc. - Common Stock",stock,Common Stock,Nasdaq Global Select Market,N,40
IDEF,iShares Defense Industrials Active ETF,etf,ETF,Nasdaq Global Market,N,100
IDN,"Intellicheck, Inc. - Common Stock",stock,Common Stock,Nasdaq Global Market,N,100
IDVY,First Trust International Rising Dividend Achievers ETF,etf,ETF,Nasdaq Global Market,N,100
IDXX,"IDEXX Laboratories, Inc. - Common Stock",stock,Common Stock,Nasdaq Global Select Market,N,40
IDYA,"IDEAYA Biosciences, Inc. - Common Stock",stock,Common Stock,Nasdaq Global Select Market,N,100
IEAG,Infinite Eagle Acquisition Corp. - Class A Ordinary Shares,stock,Ordinary Share,Nasdaq Global Market,N,100
IEAGR,Infinite Eagle Acquisition Corp. - Rights,stock,Right,Nasdaq Global Market,N,100
IEAGU,Infinite Eagle Acquisition Corp. - Unit,stock,Unit,Nasdaq Global Market,N,100
IEF,iShares 7-10 Year Treasury Bond ETF,etf,ETF,Nasdaq Global Market,N,100
IEI,iShares 3-7 Year Treasury Bond ETF,etf,ETF,Nasdaq Global Market,N,100
IEP,Icahn Enterprises L.P. - Depositary Units representing Limited Partner Interests,stock,Unit,Nasdaq Global Select Market,N,100
IESC,"IES Holdings, Inc. - Common Stock",stock,Common Stock,Nasdaq Global Market,N,40
IEUS,iShares MSCI Europe Small-Cap ETF,etf,ETF,Nasdaq Global Market,N,100
IFBD,"Infobird Co., Ltd - Ordinary Shares",stock,Ordinary Share,Nasdaq Capital Market,N,100
IFGL,iShares International Developed Real Estate ETF,etf,ETF,Nasdaq Global Market,N,100
IFLO,VictoryShares International Free Cash Flow ETF,etf,ETF,Nasdaq Global Market,N,100
IFRX,InflaRx N.V. - Common Stock,stock,Common Stock,Nasdaq Global Select Market,N,100
IFV,First Trust Dorsey Wright International Focus 5 ETF,etf,ETF,Nasdaq Global Market,N,100
IGAC,Invest Green Acquisition Corporation - Class A Ordinary Shares,stock,Ordinary Share,Nasdaq Global Market,N,100
IGACR,Invest Green Acquisition Corporation - Rights,stock,Right,Nasdaq Global Market,N,100
IGACU,Invest Green Acquisition Corporation - Units,stock,Unit,Nasdaq Global Market,N,100
IGF,iShares Global Infrastructure ETF,etf,ETF,Nasdaq Global Market,N,100
IGIB,iShares 5-10 Year Investment Grade Corporate Bond ETF,etf,ETF,Nasdaq Global Market,N,100
IGIC,International General Insurance Holdings Ltd. - Ordinary Shares,stock,Ordinary Share,Nasdaq Capital Market,N,100
IGOV,iShares International Treasury Bond ETF,etf,ETF,Nasdaq Global Market,N,100
IGSB,iShares 1-5 Year Investment Grade Corporate Bond ETF,etf,ETF,Nasdaq Global Market,N,100
IHRT,"iHeartMedia, Inc. - Class A Common Stock",stock,Common Stock,Nasdaq Global Select Market,N,100
III,"Information Services Group, Inc. - Common Stock",stock,Common Stock,Nasdaq Global Market,N,100
IIIV,"i3 Verticals, Inc. - Common Stock",stock,Common Stock,Nasdaq Global Select Market,N,100
IJT,iShares S&P SmallCap 600 Growth ETF,etf,ETF,Nasdaq Global Market,N,100
IKT,"Inhibikase Therapeutics, Inc. - Common Stock",stock,Common Stock,Nasdaq Capital Market,N,100
ILAG,Intelligent Living Application Group Inc. - Ordinary Shares,stock,Ordinary Share,Nasdaq Capital Market,N,100
ILIT,iShares Lithium Miners and Producers ETF,etf,ETF,Nasdaq Global Market,N,100
ILLR,Triller Group Inc. - Common Stock,stock,Common Stock,Nasdaq Capital Market,N,100
ILLRW,Triller Group Inc. - Warrant,stock,Warrant,Nasdaq Capital Market,N,100
ILLU,Illumination Acquisition Corp I - Class A Ordinary Shares,stock,Ordinary Share,Nasdaq Global Market,N,100
ILLUU,Illumination Acquisition Corp I - Units,stock,Unit,Nasdaq Global Market,N,100
ILLUW,Illumination Acquisition Corp I - Warrant,stock,Warrant,Nasdaq Global Market,N,100
ILMN,"Illumina, Inc. - Common Stock",stock,Common Stock,Nasdaq Global Select Market,N,100
ILPT,Industrial Logistics Properties Trust - Common Shares of Beneficial Interest,stock,Common Stock,Nasdaq Global Select Market,N,100
IMA,"ImageneBio, Inc. - Common Stock",stock,Common Stock,Nasdaq Capital Market,N,100
IMCC,IM Cannabis Corp. - Common Shares,stock,Common Stock,Nasdaq Capital Market,D,100
IMCR,Immunocore Holdings plc - American Depositary Shares,stock,Depositary Share,Nasdaq Global Select Market,N,100
IMCV,iShares Morningstar Mid-Cap Value ETF,etf,ETF,Nasdaq Global Market,N,100
IMDX,Insight Molecular Diagnostics Inc. - Common Stock,stock,Common Stock,Nasdaq Capital Market,N,100
IMKTA,"Ingles Markets, Incorporated - Class A Common Stock",stock,Common Stock,Nasdaq Global Select Market,N,100
IMMP,Immutep Limited - American Depositary Shares,stock,Depositary Share,Nasdaq Global Market,D,100
IMMR,Immersion Corporation - Common Stock,stock,Common Stock,Nasdaq Global Select Market,N,100
IMMX,"Immix Biopharma, Inc. - Common Stock",stock,Common Stock,Nasdaq Capital Market,N,100
IMNM,"Immunome, Inc. - Common Stock",stock,Common Stock,Nasdaq Capital Market,N,100
IMNN,"Imunon, Inc. - Common Stock",stock,Common Stock,Nasdaq Capital Market,N,100
IMOM,Alpha Architect International Quantitative Momentum ETF,etf,ETF,Nasdaq Global Market,N,100
IMOS,ChipMOS TECHNOLOGIES INC. - American Depositary Shares,stock,Depositary Share,Nasdaq Global Select Market,N,100
IMPP,Imperial Petroleum Inc. - Common Shares,stock,Common Stock,Nasdaq Capital Market,N,100
IMPPP,Imperial Petroleum Inc. - 8.75% Series A Cumulative Redeemable Perpetual Preferred Shares,stock,Preferred,Nasdaq Capital Market,N,100
IMRN,Immuron Limited - American Depositary Shares,stock,Depositary Share,Nasdaq Capital Market,N,100
IMRX,Immuneering Corporation - Class A Common Stock,stock,Common Stock,Nasdaq Global Market,N,100
IMSR,Terrestrial Energy Inc. - Common Stock,stock,Common Stock,Nasdaq Global Select Market,N,100
IMSRW,Terrestrial Energy Inc. - Warrant,stock,Warrant,Nasdaq Global Select Market,N,100
IMTE,Integrated Media Technology Limited - Ordinary Shares,stock,Ordinary Share,Nasdaq Capital Market,D,100
IMTX,Immatics N.V. - Ordinary Shares,stock,Ordinary Share,Nasdaq Capital Market,N,100
IMUX,"Immunic, Inc.  - Common Stock",stock,Common Stock,Nasdaq Capital Market,N,100
IMVT,"Immunovant, Inc.  - Common Stock",stock,Common Stock,Nasdaq Global Select Market,N,100
IMXI,"International Money Express, Inc. - Common Stock",stock,Common Stock,Nasdaq Capital Market,N,100
INAB,"IN8bio, Inc. - Common Stock",stock,Common Stock,Nasdaq Capital Market,N,100
INAC,Indigo Acquisition Corp. - Ordinary Shares,stock,Ordinary Share,Nasdaq Global Market,N,100
INACR,Indigo Acquisition Corp. - Right,stock,Right,Nasdaq Global Market,N,100
INACU,Indigo Acquisition Corp. - Unit,stock,Unit,Nasdaq Global Market,N,100
INBK,First Internet Bancorp - Common Stock,stock,Common Stock,Nasdaq Global Select Market,N,100
INBKZ,First Internet Bancorp - Fixed-to-Floating Rate Subordinated Notes Due 2029,stock,Nasdaq Listed Security,Nasdaq Global Select Market,N,100
INBS,Intelligent Bio Solutions Inc.  - Common Stock,stock,Common Stock,Nasdaq Capital Market,N,100
INBX,"Inhibrx Biosciences, Inc. - Common Stock",stock,Common Stock,Nasdaq Global Select Market,N,100
INCR,Intercure Ltd. - ordinary shares,stock,Ordinary Share,Nasdaq Global Market,D,100
INCY,Incyte Corporation - Common Stock,stock,Common Stock,Nasdaq Global Select Market,N,100
IND,Xtrackers Nifty 500 India ETF,etf,ETF,Nasdaq Global Market,N,100
INDB,Independent Bank Corp. - Common Stock,stock,Common Stock,Nasdaq Global Select Market,N,100
INDH,WisdomTree India Hedged Equity Fund,etf,ETF,Nasdaq Global Market,N,100
INDI,"indie Semiconductor, Inc. - Class A Common Stock",stock,Common Stock,Nasdaq Capital Market,N,100
INDP,"Indaptus Therapeutics, Inc. - Common Stock",stock,Common Stock,Nasdaq Capital Market,N,100
INDQ,Pacer ActiveAlpha India Quality ETF,etf,ETF,Nasdaq Global Market,N,100
INDV,"Indivior Pharmaceuticals, Inc.  - Common Stock",stock,Common Stock,Nasdaq Global Select Market,N,100
INDY,iShares India 50 ETF,etf,ETF,Nasdaq Global Market,N,100
INEO,INNEOVA Holdings Limited - Class A Ordinary Shares,stock,Ordinary Share,Nasdaq Capital Market,D,100
INGN,"Inogen, Inc - Common Stock",stock,Common Stock,Nasdaq Global Select Market,N,100
INHD,Inno Holdings Inc. - Common Stock,stock,Common Stock,Nasdaq Capital Market,N,100
INIO,INNIO N.V. - Ordinary Shares,stock,Ordinary Share,Nasdaq Global Select Market,N,100
INKT,"MiNK Therapeutics, Inc. - Common Stock",stock,Common Stock,Nasdaq Capital Market,N,100
INLF,INLIF LIMITED - Class A Ordinary shares,stock,Ordinary Share,Nasdaq Capital Market,N,100
INM,InMed Pharmaceuticals Inc. - Common Shares,stock,Common Stock,Nasdaq Capital Market,N,100
INMB,INmune Bio Inc. - Common stock,stock,Common Stock,Nasdaq Capital Market,N,100
INMD,InMode Ltd.  - Ordinary Shares,stock,Ordinary Share,Nasdaq Global Select Market,N,100
INNV,InnovAge Holding Corp. - Common Stock,stock,Common Stock,Nasdaq Global Select Market,N,100
INO,"Inovio Pharmaceuticals, Inc. - Common Stock",stock,Common Stock,Nasdaq Capital Market,N,100
INOD,Innodata Inc. - Common Stock,stock,Common Stock,Nasdaq Global Market,N,100
INRO,iShares U.S. Industry Rotation Active ETF,etf,ETF,Nasdaq Global Market,N,100
INSE,"Inspired Entertainment, Inc. - Common Stock",stock,Common Stock,Nasdaq Capital Market,N,100
INSG,Inseego Corp. - Common Stock,stock,Common Stock,Nasdaq Global Select Market,N,100
INSM,Insmed Incorporated - Common Stock,stock,Common Stock,Nasdaq Global Select Market,N,100
INTA,"Intapp, Inc. - Common Stock",stock,Common Stock,Nasdaq Global Select Market,N,100
INTC,Intel Corporation - Common Stock,stock,Common Stock,Nasdaq Global Select Market,N,100
INTG,The Intergroup Corporation - Common Stock,stock,Common Stock,Nasdaq Capital Market,N,100
INTJ,Intelligent Group Limited - Class A Ordinary Shares,stock,Ordinary Share,Nasdaq Capital Market,N,100
INTR,Inter & Co. Inc. - Class A Common Shares,stock,Common Stock,Nasdaq Global Select Market,N,100
INTS,"Intensity Therapeutics, Inc. - Common Stock",stock,Common Stock,Nasdaq Capital Market,N,100
INTU,Intuit Inc. - Common Stock,stock,Common Stock,Nasdaq Global Select Market,N,40
INTW,GraniteShares 2x Long INTC Daily ETF,etf,ETF,Nasdaq Global Market,N,100
INTZ,Intrusion Inc. - Common Stock,stock,Common Stock,Nasdaq Capital Market,D,100
INV,"Innventure, Inc. - Common Stock",stock,Common Stock,Nasdaq Global Market,N,100
INVA,"Innoviva, Inc. - Common Stock",stock,Common Stock,Nasdaq Global Select Market,N,100
INVE,"Identiv, Inc. - Common Stock",stock,Common Stock,Nasdaq Capital Market,N,100
INVZ,Innoviz Technologies Ltd. - Ordinary shares,stock,Ordinary Share,Nasdaq Capital Market,D,100
IOND,Ionic Digital Inc. - Class A Common Stock,stock,Common Stock,Nasdaq Global Select Market,N,100
IONL,GraniteShares 2x Long IONQ Daily ETF,etf,ETF,Nasdaq Global Market,N,100
IONR,ioneer Ltd - American Depositary Shares,stock,Depositary Share,Nasdaq Capital Market,N,100
IONS,"Ionis Pharmaceuticals, Inc. - Common Stock",stock,Common Stock,Nasdaq Global Select Market,N,100
IONX,Defiance Daily Target 2X Long IONQ ETF,etf,ETF,Nasdaq Global Market,N,100
IONZ,Defiance Daily Target 2x Short IONQ ETF,etf,ETF,Nasdaq Global Market,N,100
IOSP,Innospec Inc. - Common Stock,stock,Common Stock,Nasdaq Global Select Market,N,100
IOTR,iOThree Limited - Ordinary Shares,stock,Ordinary Share,Nasdaq Capital Market,N,100
IOVA,"Iovance Biotherapeutics, Inc. - Common Stock",stock,Common Stock,Nasdaq Global Market,N,100
IOYY,GraniteShares YieldBOOST IONQ ETF,etf,ETF,Nasdaq Global Market,N,100
IPAR,"Interparfums, Inc. - Common Stock",stock,Common Stock,Nasdaq Global Select Market,N,100
IPCX,Inflection Point Acquisition Corp. III - Class A ordinary shares,stock,Ordinary Share,Nasdaq Global Market,N,100
IPCXR,Inflection Point Acquisition Corp. III - Rights,stock,Right,Nasdaq Global Market,N,100
IPCXU,Inflection Point Acquisition Corp. III - Units,stock,Unit,Nasdaq Global Market,N,100
IPDN,"Professional Diversity Network, Inc. - Common Stock",stock,Common Stock,Nasdaq Capital Market,D,100
IPEX,Inflection Point Acquisition Corp. - Class A Ordinary Shares,stock,Ordinary Share,Nasdaq Global Market,N,100
IPEXR,Inflection Point Acquisition Corp. - Right,stock,Right,Nasdaq Global Market,N,100
IPEXU,Inflection Point Acquisition Corp. - Unit,stock,Unit,Nasdaq Global Market,N,100
IPFX,Inflection Point Acquisition Corp. VI - Class A Ordinary Shares,stock,Ordinary Share,Nasdaq Global Market,N,100
IPFXU,Inflection Point Acquisition Corp. VI - Units,stock,Unit,Nasdaq Global Market,N,100
IPFXW,Inflection Point Acquisition Corp. VI - Warrant,stock,Warrant,Nasdaq Global Market,N,100
IPGP,IPG Photonics Corporation - Common Stock,stock,Common Stock,Nasdaq Global Select Market,N,100
IPHA,Innate Pharma S.A. - American Depositary Shares,stock,Depositary Share,Nasdaq Global Select Market,N,100
IPKW,Invesco International BuyBack Achievers ETF,etf,ETF,Nasdaq Global Market,N,100
IPM,Intelligent Protection Management Corp.  - Common Stock,stock,Common Stock,Nasdaq Capital Market,N,100
IPSC,"Century Therapeutics, Inc. - Common Stock",stock,Common Stock,Nasdaq Capital Market,N,100
IPST,"IP Strategy Holdings, Inc. - Common Stock",stock,Common Stock,Nasdaq Capital Market,N,100
IPVV,"InterPrivate Investment Partners V, Inc. - Class A Ordinary Shares",stock,Ordinary Share,Nasdaq Global Market,N,100
IPVVU,"InterPrivate Investment Partners V, Inc. - Units",stock,Unit,Nasdaq Global Market,N,100
IPVVW,"InterPrivate Investment Partners V, Inc. - Warrants",stock,Warrant,Nasdaq Global Market,N,100
IPW,iPower Inc. - Common Stock,stock,Common Stock,Nasdaq Capital Market,N,100
IPWR,Ideal Power Inc. - Common Stock,stock,Common Stock,Nasdaq Capital Market,N,100
IPX,IperionX Limited - American Depositary Share,stock,Depositary Share,Nasdaq Capital Market,N,100
IQ,"iQIYI, Inc. - American Depositary Shares",stock,Depositary Share,Nasdaq Global Select Market,N,100
IQMX,IQM Quantum Computers Oyj - American Depositary Shares,stock,Depositary Share,Nasdaq Global Select Market,N,100
IQMXW,IQM Quantum Computers Oyj - Warrants to purchase American Depositary Shares,stock,Warrant,Nasdaq Global Select Market,N,100
IQQ,iShares Nasdaq 100 ETF,etf,ETF,Nasdaq Global Market,N,100
IQQQ,ProShares Nasdaq-100 High Income ETF,etf,ETF,Nasdaq Global Market,N,100
IQST,iQSTEL Inc. - Common Stock,stock,Common Stock,Nasdaq Capital Market,N,100
IRD,"Opus Genetics, Inc. - Common Stock",stock,Common Stock,Nasdaq Capital Market,N,100
IRDM,Iridium Communications Inc - Common Stock,stock,Common Stock,Nasdaq Global Select Market,N,100
IREG,Leverage Shares 2X Long IREN Daily ETF,etf,ETF,Nasdaq Global Market,N,100
IREN,IREN Limited - Ordinary Shares,stock,Ordinary Share,Nasdaq Global Select Market,N,100
IRHO,Iron Horse Acquisitions II Corp. - Common Stock,stock,Common Stock,Nasdaq Global Market,N,100
IRHOR,Iron Horse Acquisitions II Corp. - Rights,stock,Right,Nasdaq Global Market,N,100
IRHOU,Iron Horse Acquisitions II Corp. - Units,stock,Unit,Nasdaq Global Market,N,100
IRIX,IRIDEX Corporation - Common Stock,stock,Common Stock,Nasdaq Capital Market,N,100
IRMD,iRadimed Corporation - Common Stock,stock,Common Stock,Nasdaq Global Market,N,100
IRON,"Disc Medicine, Inc. - Common Stock",stock,Common Stock,Nasdaq Global Market,N,100
IRTC,"iRhythm Holdings, Inc.  - Common Stock",stock,Common Stock,Nasdaq Global Select Market,N,100
IRWD,"Ironwood Pharmaceuticals, Inc. - Class A Common Stock",stock,Common Stock,Nasdaq Global Select Market,N,100
ISBA,Isabella Bank Corporation - Common stock,stock,Common Stock,Nasdaq Capital Market,N,100
ISHG,iShares 1-3 Year International Treasury Bond ETF,etf,ETF,Nasdaq Global Market,N,100
ISHP,First Trust S-Network E-Commerce ETF,etf,ETF,Nasdaq Global Market,N,100
ISNR,Snow Rothschild Acquisition Corp. - Class A Ordinary Shares,stock,Ordinary Share,Nasdaq Global Market,N,100
ISNRU,Snow Rothschild Acquisition Corp. - Units,stock,Unit,Nasdaq Global Market,N,100
ISNRW,Snow Rothschild Acquisition Corp. - Warrants,stock,Warrant,Nasdaq Global Market,N,100
ISPC,iSpecimen Inc. - Common Stock,stock,Common Stock,Nasdaq Capital Market,D,100
ISPR,Ispire Technology Inc. - Common Stock,stock,Common Stock,Nasdaq Capital Market,N,100
ISRG,"Intuitive Surgical, Inc. - Common Stock",stock,Common Stock,Nasdaq Global Select Market,N,40
ISSC,"Innovative Solutions and Support, Inc. - Common Stock",stock,Common Stock,Nasdaq Global Select Market,N,100
ISTB,iShares Core 1-5 Year USD Bond ETF,etf,ETF,Nasdaq Global Market,N,100
ISTM,iShares Strategic Metals ETF,etf,ETF,Nasdaq Global Market,N,100
ISTR,Investar Holding Corporation - Common Stock,stock,Common Stock,Nasdaq Global Market,N,100
ISUL,GraniteShares 2x Long ISRG Daily ETF,etf,ETF,Nasdaq Global Market,N,100
ITG,"ITG, Inc. - Class A Common Stock",stock,Common Stock,Nasdaq Global Select Market,N,100
ITHA,ITHAX Acquisition Corp III - Class A Ordinary Shares,stock,Ordinary Share,Nasdaq Global Market,N,100
ITHAU,ITHAX Acquisition Corp III - Units,stock,Unit,Nasdaq Global Market,N,100
ITHAW,ITHAX Acquisition Corp III - Warrants,stock,Warrant,Nasdaq Global Market,N,100
ITIC,Investors Title Company - Common Stock,stock,Common Stock,Nasdaq Global Select Market,N,100
ITOC,iTonic Holdings Ltd - Class A Ordinary Shares,stock,Ordinary Share,Nasdaq Capital Market,D,100
ITRI,"Itron, Inc. - Common Stock",stock,Common Stock,Nasdaq Global Select Market,N,100
ITRN,Ituran Location and Control Ltd. - Ordinary Shares,stock,Ordinary Share,Nasdaq Global Select Market,N,100
IUS,Invesco RAFI Strategic US ETF,etf,ETF,Nasdaq Global Market,N,100
IUSB,iShares Core Universal USD Bond ETF,etf,ETF,Nasdaq Global Market,N,100
IUSG,iShares Core S&P U.S. Growth ETF,etf,ETF,Nasdaq Global Market,N,100
IUSV,iShares Core S&P U.S. Value ETF,etf,ETF,Nasdaq Global Market,N,100
IVA,Inventiva S.A. - American Depository Shares,stock,Nasdaq Listed Security,Nasdaq Global Market,N,100
IVAL,Alpha Architect International Quantitative Value ETF,etf,ETF,Nasdaq Global Market,N,100
IVDA,"Iveda Solutions, Inc. - Common Stock",stock,Common Stock,Nasdaq Capital Market,D,100
IVDAW,"Iveda Solutions, Inc. - Warrant",stock,Warrant,Nasdaq Capital Market,N,100
IVF,"INVO Fertility, Inc. - Common Stock",stock,Common Stock,Nasdaq Capital Market,N,100
IVSI,Applied Finance IVS International Large ETF,etf,ETF,Nasdaq Global Market,N,100
IVSS,Applied Finance IVS US SMID ETF,etf,ETF,Nasdaq Global Market,N,100
IVSX,Applied Finance IVS International SMID ETF,etf,ETF,Nasdaq Global Market,N,100
IVVD,"Invivyd, Inc. - Common Stock",stock,Common Stock,Nasdaq Global Market,D,100
IXHL,Incannex Healthcare Inc. - Common Stock,stock,Common Stock,Nasdaq Capital Market,N,100
IXUS,iShares Core MSCI Total International Stock ETF,etf,ETF,Nasdaq Global Market,N,100
IZEA,"IZEA Worldwide, Inc. - Common Stock",stock,Common Stock,Nasdaq Capital Market,N,100
IZM,ICZOOM Group Inc. - Class A Ordinary Shares,stock,Ordinary Share,Nasdaq Capital Market,H,100
JAB,JAB Acquisition Corp I - Class A Ordinary Shares,stock,Ordinary Share,Nasdaq Global Market,N,100
JABRR,JAB Acquisition Corp I - Rights,stock,Right,Nasdaq Global Market,N,100
JABRU,JAB Acquisition Corp I - Units,stock,Unit,Nasdaq Global Market,N,100
JABRW,JAB Acquisition Corp I - Warrants,stock,Warrant,Nasdaq Global Market,N,100
JACK,Jack In The Box Inc. - Common Stock,stock,Common Stock,Nasdaq Global Select Market,N,100
JAGX,"Jaguar Health, Inc. - Common Stock",stock,Common Stock,Nasdaq Capital Market,N,100
JAKK,"JAKKS Pacific, Inc. - Common Stock",stock,Common Stock,Nasdaq Global Select Market,N,100
JANX,"Janux Therapeutics, Inc. - Common Stock",stock,Common Stock,Nasdaq Global Market,N,100
JAPN,Horizon Kinetics Japan Owner Operator ETF,etf,ETF,Nasdaq Global Market,N,100
JATT,JATT II Acquisition Corp - Ordinary Shares,stock,Ordinary Share,Nasdaq Global Market,N,100
JAZZ,Jazz Pharmaceuticals plc - Ordinary Shares,stock,Ordinary Share,Nasdaq Global Select Market,N,100
JBDI,JBDI Holdings Limited - Ordinary Shares,stock,Ordinary Share,Nasdaq Capital Market,N,100
JBHT,"J.B. Hunt Transport Services, Inc. - Common Stock",stock,Common Stock,Nasdaq Global Select Market,N,100
JBIO,"Jade Biosciences, Inc. - Common Stock",stock,Common Stock,Nasdaq Capital Market,N,100
JBLU,JetBlue Airways Corporation - Common Stock,stock,Common Stock,Nasdaq Global Select Market,N,100
JBSS,"John B. Sanfilippo & Son, Inc. - Common Stock",stock,Common Stock,Nasdaq Global Select Market,N,100
JCAP,"Jefferson Capital, Inc. - Common Stock",stock,Common Stock,Nasdaq Global Select Market,N,100
JCSE,JE Cleantech Holdings Limited - Ordinary Shares,stock,Ordinary Share,Nasdaq Capital Market,N,100
JCTC,Jewett-Cameron Trading Company - Common Shares,stock,Common Stock,Nasdaq Capital Market,N,100
JD,"JD.com, Inc. - American Depositary Shares",stock,Depositary Share,Nasdaq Global Select Market,N,100
JDOC,JPMorgan Healthcare Leaders ETF,etf,ETF,Nasdaq Global Market,N,100
JDZG,JIADE LIMITED - Class A Ordinary Shares,stock,Ordinary Share,Nasdaq Capital Market,N,100
JEM,707 Cayman Holdings Limited - Ordinary Shares,stock,Ordinary Share,Nasdaq Capital Market,N,100
JEMA,JPMorgan ActiveBuilders Emerging Markets Equity ETF,etf,ETF,Nasdaq Global Market,N,100
JEPQ,JPMorgan Nasdaq Equity Premium Income ETF,etf,ETF,Nasdaq Global Market,N,100
JF,J and Friends Holdings Limited - American Depositary Shares,stock,Depositary Share,Nasdaq Global Market,N,100
JFB,JFB Construction Holdings - Class A Common Stock,stock,Common Stock,Nasdaq Capital Market,N,100
JFIN,Jiayin Group Inc. - American Depositary Shares,stock,Depositary Share,Nasdaq Global Market,N,100
JFU,9F Inc. - American Depositary Shares,stock,Depositary Share,Nasdaq Global Market,N,100
JG,Aurora Mobile Limited - American Depositary Shares,stock,Depositary Share,Nasdaq Capital Market,N,100
JGLO,JPMorgan Global Select Equity ETF,etf,ETF,Nasdaq Global Market,N,100
JHAI,Janus Henderson Global Artificial Intelligence ETF,etf,ETF,Nasdaq Global Market,N,100
JIVE,JPMorgan International Value ETF,etf,ETF,Nasdaq Global Market,N,100
JJSF,J & J Snack Foods Corp. - Common Stock,stock,Common Stock,Nasdaq Global Select Market,N,100
JKHY,"Jack Henry & Associates, Inc. - Common Stock",stock,Common Stock,Nasdaq Global Select Market,N,100
JL,J-Long Group Limited - Class A Ordinary Shares,stock,Ordinary Share,Nasdaq Capital Market,N,100
JLHL,Julong Holding Limited - Class A Ordinary Shares,stock,Ordinary Share,Nasdaq Capital Market,N,100
JLVP,JPMorgan U.S. Large Cap Value Plus ETF,etf,ETF,Nasdaq Global Market,N,100
JMID,Janus Henderson Mid Cap Growth Alpha ETF,etf,ETF,Nasdaq Global Market,N,100
JMSB,"John Marshall Bancorp, Inc. - Common Stock",stock,Common Stock,Nasdaq Capital Market,N,100
JONEU,Jones Ventures INTL Acquisition1 Corp - Units,stock,Unit,Nasdaq Global Market,N,100
JOUT,Johnson Outdoors Inc. - Class A Common Stock,stock,Common Stock,Nasdaq Global Select Market,N,100
JOYT,JPMorgan Equity and Options Total Return ETF,etf,ETF,Nasdaq Global Market,N,100
JOYY,JOYY Inc. - American Depositary Shares,stock,Depositary Share,Nasdaq Global Select Market,N,100
JPEF,JPMorgan Equity Focus ETF,etf,ETF,Nasdaq Global Market,N,100
JPFP,JPMorgan Managed Futures Plus ETF,etf,ETF,Nasdaq Global Market,N,100
JPY,Lazard Japanese Equity ETF,etf,ETF,Nasdaq Global Market,N,100
JRSH,"Jerash Holdings (US), Inc. - Common Stock",stock,Common Stock,Nasdaq Capital Market,N,100
JRVR,"James River Group Holdings, Inc. - Common Stock",stock,Common Stock,Nasdaq Global Select Market,N,100
JSM,"Navient Corporation - 6% Senior Notes due December 15, 2043",stock,Note,Nasdaq Global Select Market,N,100
JSMD,Janus Henderson Small/Mid Cap Growth Alpha ETF,etf,ETF,Nasdaq Global Market,N,100
JSML,Janus Henderson Small Cap Growth Alpha ETF,etf,ETF,Nasdaq Global Market,N,100
JSPR,"Jasper Therapeutics, Inc. - Class A Common Stock",stock,Common Stock,Nasdaq Capital Market,D,100
JSPRW,"Jasper Therapeutics, Inc. - Warrant",stock,Warrant,Nasdaq Capital Market,N,100
JTAI,Jet.AI Inc. - Common Stock,stock,Common Stock,Nasdaq Capital Market,N,100
JTEK,JPMorgan U.S. Tech Leaders ETF,etf,ETF,Nasdaq Global Market,N,100
JUNS,"Jupiter Neurosciences, Inc. - Common Stock",stock,Common Stock,Nasdaq Capital Market,D,100
JVA,"Coffee Holding Co., Inc. - Common Stock",stock,Common Stock,Nasdaq Capital Market,N,100
JWEL,Jowell Global Ltd. - Ordinary Shares,stock,Ordinary Share,Nasdaq Capital Market,N,100
JXG,JX Luxventure Group Inc. - Common Stock,stock,Common Stock,Nasdaq Capital Market,N,100
JYD,Jayud Global Logistics Limited - Class A Ordinary Shares,stock,Ordinary Share,Nasdaq Capital Market,N,100
JYNT,The Joint Corp. - Common Stock,stock,Common Stock,Nasdaq Capital Market,N,100
JZ,Jianzhi Education Technology Group Company Limited - American Depositary Shares,stock,Depositary Share,Nasdaq Capital Market,N,100
JZXN,"Jiuzi Holdings, Inc. - Ordinary Shares",stock,Ordinary Share,Nasdaq Capital Market,N,100
KALA,"KALA BIO, Inc. - Common Stock",stock,Common Stock,Nasdaq Capital Market,N,100
KALU,Kaiser Aluminum Corporation - Common Stock,stock,Common Stock,Nasdaq Global Select Market,N,100
KARD,"Kardigan, Inc. - Common Stock",stock,Common Stock,Nasdaq Global Market,N,100
KARO,Karooooo Ltd. - Ordinary shares,stock,Ordinary Share,Nasdaq Capital Market,N,100
KAT,Scharf ETF,etf,ETF,Nasdaq Global Market,N,100
KAZR,Skyline Builders Group Holding Limited - Class A Ordinary Shares,stock,Ordinary Share,Nasdaq Capital Market,N,100
KBAB,KraneShares 2x Long BABA Daily ETF,etf,ETF,Nasdaq Global Market,N,100
KBDU,KraneShares 2x Long BIDU Daily ETF,etf,ETF,Nasdaq Global Market,N,100
KBON,Karbon Capital Partners Corp. - Class A Ordinary Shares,stock,Ordinary Share,Nasdaq Global Market,N,100
KBONU,Karbon Capital Partners Corp. - Units,stock,Unit,Nasdaq Global Market,N,100
KBONW,Karbon Capital Partners Corp. - Warrant,stock,Warrant,Nasdaq Global Market,N,100
KBSX,FST Corp. - Ordinary Shares,stock,Ordinary Share,Nasdaq Global Market,N,100
KBWB,Invesco KBW Bank ETF,etf,ETF,Nasdaq Global Market,N,100
KBWD,Invesco KBW High Dividend Yield Financial ETF,etf,ETF,Nasdaq Global Market,N,100
KBWP,Invesco KBW Property & Casualty Insurance ETF,etf,ETF,Nasdaq Global Market,N,100
KBWY,Invesco KBW Premium Yield Equity REIT ETF,etf,ETF,Nasdaq Global Market,N,100
KC,Kingsoft Cloud Holdings Limited - American Depositary Shares,stock,Depositary Share,Nasdaq Global Select Market,N,100
KCHV,Kochav Defense Acquisition Corp. - Class A Ordinary Shares,stock,Ordinary Share,Nasdaq Global Market,N,100
KCHVR,Kochav Defense Acquisition Corp. - Right,stock,Right,Nasdaq Global Market,N,100
KCHVU,Kochav Defense Acquisition Corp. - Units,stock,Unit,Nasdaq Global Market,N,100
KDK,"Kodiak AI, Inc. - Common Stock",stock,Common Stock,Nasdaq Global Market,N,100
KDKRW,"Kodiak AI, Inc. - Warrant",stock,Warrant,Nasdaq Capital Market,N,100
KDP,Keurig Dr Pepper Inc. - Common Stock,stock,Common Stock,Nasdaq Global Select Market,N,100
KE,"Kimball Electronics, Inc. - Common Stock",stock,Common Stock,Nasdaq Global Select Market,N,100
KEAT,Keating Active ETF,etf,ETF,Nasdaq Global Market,N,100
KEEL,Keel Infrastructure Corp. - Common Stock,stock,Common Stock,Nasdaq Global Market,N,100
KELYA,"Kelly Services, Inc. - Class A Common Stock",stock,Common Stock,Nasdaq Global Select Market,N,100
KELYB,"Kelly Services, Inc. - Class B Common Stock",stock,Common Stock,Nasdaq Global Select Market,N,100
KEQU,Kewaunee Scientific Corporation - Common Stock,stock,Common Stock,Nasdaq Global Market,N,100
KEYY,Keystone Acquisition Corp. - Class A Ordinary Shares,stock,Ordinary Share,Nasdaq Global Market,N,100
KEYYU,Keystone Acquisition Corp. - Unit,stock,Unit,Nasdaq Global Market,N,100
KEYYW,Keystone Acquisition Corp. - Warrants,stock,Warrant,Nasdaq Global Market,N,100
KFFB,Kentucky First Federal Bancorp - Common Stock,stock,Common Stock,Nasdaq Global Market,N,100
KFII,K&F Growth Acquisition Corp. II - Class A Ordinary shares,stock,Ordinary Share,Nasdaq Global Market,N,100
KFIIR,K&F Growth Acquisition Corp. II - Rights,stock,Right,Nasdaq Global Market,N,100
KFIIU,K&F Growth Acquisition Corp. II - Unit,stock,Unit,Nasdaq Global Market,N,100
KG,"Kestrel Group, Ltd. - Common Stock",stock,Common Stock,Nasdaq Capital Market,N,100
KGEI,Kolibri Global Energy Inc. - Common stock,stock,Common Stock,Nasdaq Capital Market,N,100
KHC,The Kraft Heinz Company - Common Stock,stock,Common Stock,Nasdaq Global Select Market,N,100
KIDS,OrthoPediatrics Corp. - Common Stock,stock,Common Stock,Nasdaq Global Market,N,100
KIDZ,KIDZ AI Inc. - Class B Common Stock,stock,Common Stock,Nasdaq Capital Market,N,100
KIDZW,KIDZ AI Inc. - Warrants,stock,Warrant,Nasdaq Capital Market,N,100
KINS,"Kingstone Companies, Inc - Common Stock",stock,Common Stock,Nasdaq Capital Market,N,100
KIQQ,KraneShares InspereX Nasdaq Dynamic Buffered High Income Index ETF,etf,ETF,Nasdaq Global Market,N,100
KITT,"Nauticus Robotics, Inc. - Common stock",stock,Common Stock,Nasdaq Capital Market,D,100
KITTW,"Nauticus Robotics, Inc. - Warrant",stock,Warrant,Nasdaq Capital Market,D,100
KJD,KraneShares 2x Long JD Daily ETF,etf,ETF,Nasdaq Global Market,N,100
KLAC,KLA Corporation  - Common Stock,stock,Common Stock,Nasdaq Global Select Market,N,10
KLAG,Leverage Shares 2x Long KLAC Daily ETF,etf,ETF,Nasdaq Global Market,N,100
KLIC,"Kulicke and Soffa Industries, Inc. - Common Stock",stock,Common Stock,Nasdaq Global Select Market,N,100
KLRA,"Kailera Therapeutics, Inc. - Common stock",stock,Common Stock,Nasdaq Global Select Market,N,100
KLRS,"Kalaris Therapeutics, Inc.  - Common Stock",stock,Common Stock,Nasdaq Global Market,N,100
KLTR,"Kaltura, Inc. - Common Stock",stock,Common Stock,Nasdaq Global Select Market,N,100
KLXE,"KLX Energy Services Holdings, Inc.  - Common Stock",stock,Common Stock,Nasdaq Global Select Market,N,100
KMB,Kimberly-Clark Corporation - Common Stock,stock,Common Stock,Nasdaq Global Select Market,N,100
KMDA,Kamada Ltd. - Ordinary Shares,stock,Ordinary Share,Nasdaq Global Select Market,N,100
KMLI,KraneShares 2x Long MELI Daily ETF,etf,ETF,Nasdaq Global Market,N,100
KMRK,K-Tech Solutions Company Limited - Class A Ordinary Shares,stock,Ordinary Share,Nasdaq Capital Market,N,100
KMTS,"Kestra Medical Technologies, Ltd. - Common Stock",stock,Common Stock,Nasdaq Global Select Market,N,100
KNDI,"Kandi Technologies Group, Inc. - Ordinary Shares",stock,Ordinary Share,Nasdaq Global Select Market,D,100
KNGZ,First Trust S&P 500 Diversified Dividend Aristocrats ETF,etf,ETF,Nasdaq Global Market,N,100
KNSA,"Kiniksa Pharmaceuticals International, plc - Class A Ordinary Shares",stock,Ordinary Share,Nasdaq Global Select Market,N,100
KOD,Kodiak Sciences Inc - Common Stock,stock,Common Stock,Nasdaq Global Market,N,100
KOID,KraneShares Global Humanoid Robotics and Physical AI Index ETF,etf,ETF,Nasdaq Global Market,N,100
KOPN,Kopin Corporation - Common Stock,stock,Common Stock,Nasdaq Capital Market,N,100
KOSS,Koss Corporation - Common Stock,stock,Common Stock,Nasdaq Capital Market,N,100
KOYN,CSLM Digital Asset Acquisition Corp III - Class A Ordinary Shares,stock,Ordinary Share,Nasdaq Global Market,N,100
KOYNU,CSLM Digital Asset Acquisition Corp III - Units,stock,Unit,Nasdaq Global Market,N,100
KOYNW,CSLM Digital Asset Acquisition Corp III - Warrants,stock,Warrant,Nasdaq Global Market,N,100
KPDD,KraneShares 2x Long PDD Daily ETF,etf,ETF,Nasdaq Global Market,N,100
KPLT,"Katapult Holdings, Inc. - Common Stock",stock,Common Stock,Nasdaq Global Market,N,100
KPRX,"Kiora Pharmaceuticals, Inc.  - Common Stock",stock,Common Stock,Nasdaq Capital Market,N,100
KPTI,Karyopharm Therapeutics Inc. - Common Stock,stock,Common Stock,Nasdaq Global Select Market,N,100
KQQQ,Kurv Technology Titans Select ETF,etf,ETF,Nasdaq Global Market,N,100
KRAQ,KRAKacquisition Corp - Class A Ordinary Shares,stock,Ordinary Share,Nasdaq Global Market,N,100
KRAQU,KRAKacquisition Corp - Unit,stock,Unit,Nasdaq Global Market,N,100
KRAQW,KRAKacquisition Corp - Warrants,stock,Warrant,Nasdaq Global Market,N,100
KRKR,36Kr Holdings Inc. - American Depositary Shares,stock,Depositary Share,Nasdaq Capital Market,N,100
KRMD,"KORU Medical Systems, Inc. - Common Stock",stock,Common Stock,Nasdaq Capital Market,N,100
KRNT,Kornit Digital Ltd. - Ordinary Shares,stock,Ordinary Share,Nasdaq Global Select Market,N,100
KRNY,Kearny Financial - Common Stock,stock,Common Stock,Nasdaq Global Select Market,N,100
KROP,Global X AgTech & Food Innovation ETF,etf,ETF,Nasdaq Global Market,N,100
KROS,"Keros Therapeutics, Inc. - common stock",stock,Common Stock,Nasdaq Global Market,N,100
KRRO,"Korro Bio, Inc. - Common Stock",stock,Common Stock,Nasdaq Capital Market,N,100
KRT,Karat Packaging Inc. - Common Stock,stock,Common Stock,Nasdaq Global Select Market,N,100
KRUS,"Kura Sushi USA, Inc. - Class A Common Stock",stock,Common Stock,Nasdaq Global Market,N,100
KRYS,"Krystal Biotech, Inc. - Common Stock",stock,Common Stock,Nasdaq Global Select Market,N,40
KSCP,"Knightscope, Inc. - Class A Common Stock",stock,Common Stock,Nasdaq Capital Market,N,100
KSPI,Joint Stock Company Kaspi.kz - American Depository Shares,stock,Nasdaq Listed Security,Nasdaq Global Select Market,N,100
KTCC,Key Tronic Corporation - Common Stock,stock,Common Stock,Nasdaq Global Market,N,100
KTOS,"Kratos Defense & Security Solutions, Inc. - Common Stock",stock,Common Stock,Nasdaq Global Select Market,N,100
KTTA,Pasithea Therapeutics Corp. - Common Stock,stock,Common Stock,Nasdaq Capital Market,D,100
KTTAW,Pasithea Therapeutics Corp. - Warrant,stock,Warrant,Nasdaq Capital Market,N,100
KTWO,K2 Capital Acquisition Corporation - Class A Ordinary Share,stock,Ordinary Share,Nasdaq Global Market,N,100
KTWOR,K2 Capital Acquisition Corporation - Rights,stock,Right,Nasdaq Global Market,N,100
KTWOU,K2 Capital Acquisition Corporation - Units,stock,Unit,Nasdaq Global Market,N,100
KURA,"Kura Oncology, Inc. - Common Stock",stock,Common Stock,Nasdaq Global Select Market,N,100
KUST,"Kustom Entertainment, Inc. - Common Stock",stock,Common Stock,Nasdaq Capital Market,N,100
KVHI,"KVH Industries, Inc. - Common Stock",stock,Common Stock,Nasdaq Global Select Market,N,100
KWM,"K Wave Media, Ltd. - Ordinary Shares",stock,Ordinary Share,Nasdaq Capital Market,D,100
KWMWW,"K Wave Media, Ltd. - Warrant",stock,Warrant,Nasdaq Capital Market,N,100
KXIN,Kaixin Holdings - Ordinary Shares,stock,Ordinary Share,Nasdaq Capital Market,N,100
KYIV,Kyivstar Group Ltd. - Common Shares,stock,Common Stock,Nasdaq Global Select Market,N,100
KYIVW,Kyivstar Group Ltd. - Warrant,stock,Warrant,Nasdaq Capital Market,N,100
KYMR,"Kymera Therapeutics, Inc. - Common Stock",stock,Common Stock,Nasdaq Global Market,N,100
KYNB,"Kyntra Bio, Inc. - Common Stock",stock,Common Stock,Nasdaq Global Select Market,D,100
KYTX,"Kyverna Therapeutics, Inc. - Common Stock",stock,Common Stock,Nasdaq Global Select Market,N,100
KZIA,Kazia Therapeutics Limited - American Depositary Shares,stock,Depositary Share,Nasdaq Capital Market,N,100
LAB,Standard BioTools Inc. - Common Stock,stock,Common Stock,Nasdaq Global Select Market,D,100
LABT,Lakewood-Amedex Biotherapeutics Inc. - Common Stock,stock,Common Stock,Nasdaq Capital Market,N,100
LAES,SEALSQ Corp - Ordinary Shares,stock,Ordinary Share,Nasdaq Global Select Market,N,100
LAFA,LaFayette Acquisition Corp. - Ordinary Share,stock,Ordinary Share,Nasdaq Global Market,N,100
LAFAR,LaFayette Acquisition Corp. - Rights,stock,Right,Nasdaq Global Market,N,100
LAFAU,LaFayette Acquisition Corp. - Unit,stock,Unit,Nasdaq Global Market,N,100
LAKE,"Lakeland Industries, Inc. - Common Stock",stock,Common Stock,Nasdaq Global Market,N,100
LAMR,Lamar Advertising Company - Class A Common Stock,stock,Common Stock,Nasdaq Global Select Market,N,100
LAND,Gladstone Land Corporation - Common Stock,stock,Common Stock,Nasdaq Global Market,N,100
LANDO,Gladstone Land Corporation - 6.00% Series B Cumulative Redeemable Preferred Stock,stock,Preferred,Nasdaq Global Market,N,100
LANDP,Gladstone Land Corporation - 6.00% Series C Cumulative Redeemable Preferred Stock,stock,Preferred,Nasdaq Global Market,N,100
LARK,Landmark Bancorp Inc. - Common Stock,stock,Common Stock,Nasdaq Global Market,N,100
LASE,Laser Photonics Corporation - Common Stock,stock,Common Stock,Nasdaq Capital Market,N,100
LASR,"nLIGHT, Inc. - Common Stock",stock,Common Stock,Nasdaq Global Select Market,N,100
LATA,Galata Acquisition Corp. II - Class A Ordinary Shares,stock,Ordinary Share,Nasdaq Global Market,N,100
LATAU,Galata Acquisition Corp. II - Units,stock,Unit,Nasdaq Global Market,N,100
LATAW,Galata Acquisition Corp. II - Warrant,stock,Warrant,Nasdaq Global Market,N,100
LAUR,"Laureate Education, Inc. - Common Stock",stock,Common Stock,Nasdaq Global Select Market,N,100
LAWR,"Robot Consulting Co., Ltd. - ADS",stock,Nasdaq Listed Security,Nasdaq Capital Market,N,100
LBGJ,Li Bang International Corporation Inc. - Class A Ordinary Shares,stock,Ordinary Share,Nasdaq Capital Market,N,100
LBRDA,Liberty Broadband Corporation - Class A Common Stock,stock,Common Stock,Nasdaq Global Select Market,N,100
LBRDK,Liberty Broadband Corporation - Class C Common Stock,stock,Common Stock,Nasdaq Global Select Market,N,100
LBRDP,Liberty Broadband Corporation - Series A Cumulative Redeemable Preferred Stock,stock,Preferred,Nasdaq Global Select Market,N,100
LBRX,LB Pharmaceuticals Inc - Common Stock,stock,Common Stock,Nasdaq Global Market,N,100
LBTYA,Liberty Global Ltd. - Class A Common Shares,stock,Common Stock,Nasdaq Global Select Market,N,100
LBTYB,Liberty Global Ltd. - Class B Common Shares,stock,Common Stock,Nasdaq Global Select Market,N,100
LBTYK,Liberty Global Ltd. - Class C Common Shares,stock,Common Stock,Nasdaq Global Select Market,N,100
LCCC,Lakeshore Acquisition III Corp. - Ordinary Shares,stock,Ordinary Share,Nasdaq Global Market,N,100
LCCCR,Lakeshore Acquisition III Corp. - Rights,stock,Right,Nasdaq Global Market,N,100
LCCCU,Lakeshore Acquisition III Corp. - Unit,stock,Unit,Nasdaq Global Market,N,100
LCDS,JPMorgan Fundamental Data Science Large Core ETF,etf,ETF,Nasdaq Global Market,N,100
LCFY,Locafy Limited - Ordinary Share,stock,Ordinary Share,Nasdaq Capital Market,N,100
LCFYW,Locafy Limited - Warrant,stock,Warrant,Nasdaq Capital Market,N,100
LCID,"Lucid Group, Inc. - Common Stock",stock,Common Stock,Nasdaq Global Select Market,N,100
LCNB,LCNB Corporation - Common Stock,stock,Common Stock,Nasdaq Capital Market,N,100
LCUT,"Lifetime Brands, Inc. - Common Stock",stock,Common Stock,Nasdaq Global Select Market,N,100
LDEM,iShares ESG MSCI EM Leaders ETF,etf,ETF,Nasdaq Global Market,N,100
LDRX,SGI Enhanced Market Leaders ETF,etf,ETF,Nasdaq Global Market,N,100
LDSF,First Trust Low Duration Strategic Focus ETF,etf,ETF,Nasdaq Global Market,N,100
LE,"Lands' End, Inc. - Common Stock",stock,Common Stock,Nasdaq Capital Market,N,100
LECO,"Lincoln Electric Holdings, Inc. - Common Shares",stock,Common Stock,Nasdaq Global Select Market,N,40
LEDS,SemiLEDS Corporation - Common Stock,stock,Common Stock,Nasdaq Capital Market,N,100
LEE,"Lee Enterprises, Incorporated - Common Stock",stock,Common Stock,Nasdaq Global Select Market,N,100
LEGH,Legacy Housing Corporation - Common Stock,stock,Common Stock,Nasdaq Global Select Market,N,100
LEGN,Legend Biotech Corporation - American Depositary Shares,stock,Depositary Share,Nasdaq Global Select Market,N,100
LEGR,First Trust Indxx Innovative Transaction & Process ETF,etf,ETF,Nasdaq Global Market,N,100
LEND,SEI High Yield Bond & Alternative Credit ETF,etf,ETF,Nasdaq Global Market,N,100
LENZ,"LENZ Therapeutics, Inc. - Common Stock",stock,Common Stock,Nasdaq Global Select Market,N,100
LESL,"Leslie's, Inc. - Common Stock",stock,Common Stock,Nasdaq Global Select Market,N,100
LEXI,Alexis Practical Tactical ETF,etf,ETF,Nasdaq Global Market,N,100
LEXX,Lexaria Bioscience Corp. - Common Stock,stock,Common Stock,Nasdaq Capital Market,D,100
LFAC,Leapfrog Acquisition Corporation - Class A Ordinary Shares,stock,Ordinary Share,Nasdaq Global Market,N,100
LFACU,Leapfrog Acquisition Corporation - Units,stock,Unit,Nasdaq Global Market,N,100
LFACW,Leapfrog Acquisition Corporation - Warrants,stock,Warrant,Nasdaq Global Market,N,100
LFCR,"Lifecore Biomedical, Inc. - Common Stock",stock,Common Stock,Nasdaq Global Select Market,N,100
LFMD,"LifeMD, Inc. - Common Stock",stock,Common Stock,Nasdaq Global Market,N,100
LFMDP,"LifeMD, Inc. - 8.875% Series A Cumulative Perpetual Preferred Stock",stock,Preferred,Nasdaq Global Market,N,100
LFS,"LEIFRAS Co., Ltd. - American Depositary Shares",stock,Depositary Share,Nasdaq Capital Market,N,100
LFSC,F/m Emerald Life Sciences Innovation ETF,etf,ETF,Nasdaq Global Market,N,100
LFST,"LifeStance Health Group, Inc. - Common Stock",stock,Common Stock,Nasdaq Global Select Market,N,100
LFTO,"Liftoff Mobile, Inc. - Common Stock",stock,Common Stock,Nasdaq Global Select Market,N,100
LFUS,"Littelfuse, Inc. - Common Stock",stock,Common Stock,Nasdaq Global Select Market,N,40
LFVN,Lifevantage Corporation - Common Stock,stock,Common Stock,Nasdaq Capital Market,N,100
LFWD,Lifeward Ltd. - Ordinary Shares,stock,Ordinary Share,Nasdaq Capital Market,N,100
LGCF,Themes US Cash Flow Champions ETF,etf,ETF,Nasdaq Global Market,N,100
LGCL,Lucas GC Limited - Class A Ordinary Shares,stock,Ordinary Share,Nasdaq Capital Market,N,100
LGDS,JPMorgan Fundamental Data Science Large Growth ETF,etf,ETF,Nasdaq Global Market,N,100
LGHL,Lion Group Holding Ltd. - American Depositary Share,stock,Depositary Share,Nasdaq Capital Market,N,100
LGIH,"LGI Homes, Inc. - Common Stock",stock,Common Stock,Nasdaq Global Select Market,N,100
LGN,Legence Corp. - Class A Common stock,stock,Common Stock,Nasdaq Global Select Market,N,100
LGND,Ligand Pharmaceuticals Incorporated - Common Stock,stock,Common Stock,Nasdaq Global Market,N,100
LGO,Largo Inc. - Common Shares,stock,Common Stock,Nasdaq Global Select Market,D,100
LGRO,Level Four Large Cap Growth Active ETF,etf,ETF,Nasdaq Global Market,N,100
LGVN,Longeveron Inc. - Class A Common stock,stock,Common Stock,Nasdaq Capital Market,D,100
LHAI,Linkhome Holdings Inc. - Common stock,stock,Common Stock,Nasdaq Capital Market,D,100
LHSW,Lianhe Sowell International Group Ltd - Class A Ordinary Shares,stock,Ordinary Share,Nasdaq Capital Market,N,100
LI,Li Auto Inc. - American Depositary Shares,stock,Depositary Share,Nasdaq Global Select Market,N,100
LICN,Lichen International Limited - Class A Ordinary Shares,stock,Ordinary Share,Nasdaq Capital Market,N,100
LIDR,"AEye, Inc. - Class A Common Stock",stock,Common Stock,Nasdaq Capital Market,N,100
LIDRW,"AEye, Inc. - Warrant",stock,Warrant,Nasdaq Capital Market,N,100
LIEN,"Chicago Atlantic BDC, Inc. - Common Stock",stock,Common Stock,Nasdaq Global Market,N,100
LIF,"Life360, Inc. - Common Stock",stock,Common Stock,Nasdaq Global Select Market,N,100
LIFE,Ethos Technologies Inc. - Class A Common Stock,stock,Common Stock,Nasdaq Global Select Market,N,100
LILA,Liberty Latin America Ltd. - Class A Common Stock,stock,Common Stock,Nasdaq Global Select Market,N,100
LILAK,Liberty Latin America Ltd. - Class C Common Stock,stock,Common Stock,Nasdaq Global Select Market,N,100
LILAP,Liberty Latin America Ltd. - 9.0% Fixed Rate Cumulative Perpetual Redeemable Series A Preference Shares,stock,Nasdaq Listed Security,Nasdaq Global Select Market,N,100
LIME,"Neutron Holdings, Inc. - Common Stock",stock,Common Stock,Nasdaq Global Select Market,N,100
LIMN,"Liminatus Pharma, Inc. - Class A Common Stock",stock,Common Stock,Nasdaq Capital Market,D,100
LIMNW,"Liminatus Pharma, Inc. - Warrants",stock,Warrant,Nasdaq Capital Market,N,100
LIN,Linde plc - Ordinary Shares,stock,Ordinary Share,Nasdaq Global Select Market,N,40
LINC,Lincoln Educational Services Corporation - Common Stock,stock,Common Stock,Nasdaq Global Select Market,N,100
LIND,Lindblad Expeditions Holdings Inc.  - Common Stock,stock,Common Stock,Nasdaq Capital Market,N,100
LINE,"Lineage, Inc. - Common Stock",stock,Common Stock,Nasdaq Global Select Market,N,100
LINK,"Interlink Electronics, Inc. - Common Stock",stock,Common Stock,Nasdaq Capital Market,N,100
LINT,Direxion Daily INTC Bull 2X ETF,etf,ETF,Nasdaq Global Market,N,100
LIQT,"LiqTech International, Inc. - Common Stock",stock,Common Stock,Nasdaq Capital Market,D,100
LITE,Lumentum Holdings Inc. - Common Stock,stock,Common Stock,Nasdaq Global Select Market,N,40
LITP,Sprott Lithium Miners ETF,etf,ETF,Nasdaq Global Market,N,100
LITS,"Lite Strategy, Inc. - Common Stock",stock,Common Stock,Nasdaq Capital Market,N,100
LIVE,Live Ventures Incorporated - Common Stock,stock,Common Stock,Nasdaq Capital Market,N,100
LIVN,LivaNova PLC - Ordinary Shares,stock,Ordinary Share,Nasdaq Global Select Market,N,100
LKFN,Lakeland Financial Corporation - Common Stock,stock,Common Stock,Nasdaq Global Select Market,N,100
LKFT,Lakefront Biotherapeutics - American Depositary Shares,stock,Depositary Share,Nasdaq Global Select Market,N,100
LKQ,LKQ Corporation - Common Stock,stock,Common Stock,Nasdaq Global Select Market,N,100
LKSP,Lake Superior Acquisition Corp. - Class A Ordinary Shares,stock,Ordinary Share,Nasdaq Global Market,N,100
LKSPR,Lake Superior Acquisition Corp. - Rights,stock,Right,Nasdaq Global Market,N,100
LKSPU,Lake Superior Acquisition Corp. - Units,stock,Unit,Nasdaq Global Market,N,100
LLYVA,"Liberty Live Holdings, Inc. - Series A Liberty Live Group Common Stock",stock,Common Stock,Nasdaq Global Select Market,N,100
LLYVK,"Liberty Live Holdings, Inc. - Series C Liberty Live Group Common Stock",stock,Common Stock,Nasdaq Global Select Market,N,100
LMAT,"LeMaitre Vascular, Inc. - Common Stock",stock,Common Stock,Nasdaq Global Market,N,100
LMB,"Limbach Holdings, Inc. - Common Stock",stock,Common Stock,Nasdaq Capital Market,N,100
LMBS,First Trust Low Duration Opportunities ETF,etf,ETF,Nasdaq Global Market,N,100
LMNR,Limoneira Co - Common Stock,stock,Common Stock,Nasdaq Global Select Market,N,100
LMNX,Defiance Daily Target 2x Long LMND ETF,etf,ETF,Nasdaq Global Market,N,100
LMRI,"Lumexa Imaging Holdings, Inc. - Common Stock",stock,Common Stock,Nasdaq Global Select Market,N,100
LMTL,Direxion Daily LMT Bull 2X ETF,etf,ETF,Nasdaq Global Market,N,100
LNAI,Lunai Bioworks Inc. - Common Stock,stock,Common Stock,Nasdaq Capital Market,N,100
LNKS,Linkers Industries Limited - Class A Ordinary Shares,stock,Ordinary Share,Nasdaq Capital Market,N,100
LNSR,"LENSAR, Inc. - Common Stock",stock,Common Stock,Nasdaq Capital Market,N,100
LNT,Alliant Energy Corporation - Common Stock,stock,Common Stock,Nasdaq Global Select Market,N,100
LNTH,"Lantheus Holdings, Inc. - Common Stock",stock,Common Stock,Nasdaq Global Market,N,100
LNZA,"LanzaTech Global, Inc. - Common Stock",stock,Common Stock,Nasdaq Capital Market,N,100
LNZAW,"LanzaTech Global, Inc. - Warrant",stock,Warrant,Nasdaq Capital Market,N,100
LOAN,"Manhattan Bridge Capital, Inc - Common Stock",stock,Common Stock,Nasdaq Capital Market,N,100
LOBO,LOBO TECHNOLOGIES LTD. - Class A Ordinary Shares,stock,Ordinary Share,Nasdaq Capital Market,D,100
LOCO,"El Pollo Loco Holdings, Inc. - Common Stock",stock,Common Stock,Nasdaq Global Select Market,N,100
LOGI,Logitech International S.A. - Registered Shares,stock,Nasdaq Listed Security,Nasdaq Global Select Market,N,100
LOGO,Alpha Brands Consumption Leaders ETF,etf,ETF,Nasdaq Global Market,N,100
LONA,"LeonaBio, Inc. - Common Stock",stock,Common Stock,Nasdaq Capital Market,N,100
LOOP,"Loop Industries, Inc. - Common Stock",stock,Common Stock,Nasdaq Global Market,D,100
LOPE,"Grand Canyon Education, Inc. - Common Stock",stock,Common Stock,Nasdaq Global Select Market,N,100
LOT,Lotus Technology Inc. - American Depositary Shares,stock,Depositary Share,Nasdaq Global Select Market,N,100
LOTI,Liberty One Tactical Income ETF,etf,ETF,Nasdaq Global Market,N,100
LOTWW,Lotus Technology Inc. - Warrants,stock,Warrant,Nasdaq Capital Market,N,100
LOVE,The Lovesac Company - Common Stock,stock,Common Stock,Nasdaq Global Market,N,100
LPAA,Launch One Acquisition Corp. - Class A Ordinary Shares,stock,Ordinary Share,Nasdaq Global Market,N,100
LPAAU,Launch One Acquisition Corp. - Unit,stock,Unit,Nasdaq Global Market,N,100
LPAAW,Launch One Acquisition Corp. - Warrant,stock,Warrant,Nasdaq Global Market,N,100
LPBB,Launch Two Acquisition Corp. - Class A Ordinary Shares,stock,Ordinary Share,Nasdaq Global Market,N,100
LPBBU,Launch Two Acquisition Corp. - Unit,stock,Unit,Nasdaq Global Market,N,100
LPBBW,Launch Two Acquisition Corp. - Warrant,stock,Warrant,Nasdaq Global Market,N,100
LPCN,Lipocine Inc. - Common Stock,stock,Common Stock,Nasdaq Capital Market,N,100
LPCV,Launchpad Cadenza Acquisition Corp I - Class A Ordinary Share,stock,Ordinary Share,Nasdaq Global Market,N,100
LPCVU,Launchpad Cadenza Acquisition Corp I - Unit,stock,Unit,Nasdaq Global Market,N,100
LPCVW,Launchpad Cadenza Acquisition Corp I - Warrant,stock,Warrant,Nasdaq Global Market,N,100
LPLA,LPL Financial Holdings Inc. - Common Stock,stock,Common Stock,Nasdaq Global Select Market,N,40
LPSN,"LivePerson, Inc. - Common Stock",stock,Common Stock,Nasdaq Global Select Market,N,100
LPTH,"LightPath Technologies, Inc. - Class A Common Stock",stock,Common Stock,Nasdaq Capital Market,N,100
LQ,Simplify Tax Aware Alternatives ETF,etf,ETF,Nasdaq Global Market,N,100
LQDA,Liquidia Corporation - Common Stock,stock,Common Stock,Nasdaq Capital Market,N,100
LQDT,"Liquidity Services, Inc. - Common Stock",stock,Common Stock,Nasdaq Global Select Market,N,100
LRCX,Lam Research Corporation - Common Stock,stock,Common Stock,Nasdaq Global Select Market,N,100
LRE,"Lead Real Estate Co., Ltd - American Depositary Shares",stock,Depositary Share,Nasdaq Capital Market,N,100
LRGE,ClearBridge Large Cap Growth Select ETF,etf,ETF,Nasdaq Global Market,N,100
LRHC,La Rosa Holdings Corp. - Common Stock,stock,Common Stock,Nasdaq Capital Market,D,100
LRMR,"Larimar Therapeutics, Inc. - Common Stock",stock,Common Stock,Nasdaq Global Market,N,100
LRND,NYLI U.S. Large Cap R&D Leaders ETF,etf,ETF,Nasdaq Global Market,N,100
LSAK,"Lesaka Technologies, Inc. - Common Stock",stock,Common Stock,Nasdaq Global Select Market,N,100
LSBK,"Lake Shore Bancorp, Inc. - Common Stock",stock,Common Stock,Nasdaq Global Market,N,100
LSCC,Lattice Semiconductor Corporation - Common Stock,stock,Common Stock,Nasdaq Global Select Market,N,100
LSE,"Leishen Energy Holding Co., Ltd. - Class A Ordinary Shares",stock,Ordinary Share,Nasdaq Capital Market,N,100
LSTA,"Lisata Therapeutics, Inc. - Common Stock",stock,Common Stock,Nasdaq Capital Market,N,100
LSTR,"Landstar System, Inc. - Common Stock",stock,Common Stock,Nasdaq Global Select Market,N,100
LTBR,Lightbridge Corporation - Common Stock,stock,Common Stock,Nasdaq Capital Market,N,100
LTCC,Canary Litecoin ETF,etf,ETF,Nasdaq Global Market,N,100
LTGR,Long Table Growth Corp. - Class A Ordinary Shares,stock,Ordinary Share,Nasdaq Global Market,N,100
LTGRU,Long Table Growth Corp. - Units,stock,Unit,Nasdaq Global Market,N,100
LTGRW,Long Table Growth Corp. - Warrants,stock,Warrant,Nasdaq Global Market,N,100
LTRN,Lantern Pharma Inc. - Common Stock,stock,Common Stock,Nasdaq Capital Market,N,100
LTRX,"Lantronix, Inc. - Common Stock",stock,Common Stock,Nasdaq Capital Market,N,100
LTRYW,Sports Entertainment Gaming Global Corporation  - Warrant,stock,Warrant,Nasdaq Global Market,E,100
LUCD,Lucid Diagnostics Inc. - Common Stock,stock,Common Stock,Nasdaq Capital Market,N,100
LUCY,"Innovative Eyewear, Inc. - Common Stock",stock,Common Stock,Nasdaq Capital Market,N,100
LUCYW,"Innovative Eyewear, Inc. - Warrants",stock,Warrant,Nasdaq Capital Market,N,100
LULG,Leverage Shares 2X Long LULU Daily ETF,etf,ETF,Nasdaq Global Market,N,100
LULU,lululemon athletica inc. - Common Stock,stock,Common Stock,Nasdaq Global Select Market,N,100
LUNG,Pulmonx Corporation - Common Stock,stock,Common Stock,Nasdaq Global Select Market,N,100
LUNR,"Intuitive Machines, Inc. - Class A Common Stock",stock,Common Stock,Nasdaq Global Market,N,100
LVDS,JPMorgan Fundamental Data Science Large Value ETF,etf,ETF,Nasdaq Global Market,N,100
LVHD,Franklin U.S. Low Volatility High Dividend Index ETF,etf,ETF,Nasdaq Global Market,N,100
LVIG,Longview Advantage Fixed Income ETF,etf,ETF,Nasdaq Global Market,N,100
LVLU,"Lulu's Fashion Lounge Holdings, Inc. - Common Stock",stock,Common Stock,Nasdaq Capital Market,N,100
LVO,"LiveOne, Inc. - Common Stock",stock,Common Stock,Nasdaq Capital Market,N,100
LWAC,LightWave Acquisition Corp. - Class A Ordinary Shares,stock,Ordinary Share,Nasdaq Global Market,N,100
LWACU,LightWave Acquisition Corp. - Units,stock,Unit,Nasdaq Global Market,N,100
LWACW,LightWave Acquisition Corp. - Warrants,stock,Warrant,Nasdaq Global Market,N,100
LWAY,"Lifeway Foods, Inc. - Common Stock",stock,Common Stock,Nasdaq Global Market,N,100
LWLG,"Lightwave Logic, Inc. - Common Stock",stock,Common Stock,Nasdaq Capital Market,N,100
LX,LexinFintech Holdings Ltd. - American Depositary Shares,stock,Depositary Share,Nasdaq Global Select Market,N,100
LXEH,"Lixiang Education Holding Co., Ltd. - American Depositary Shares",stock,Depositary Share,Nasdaq Global Market,N,100
LXEO,"Lexeo Therapeutics, Inc. - Common Stock",stock,Common Stock,Nasdaq Global Market,N,100
LXRX,"Lexicon Pharmaceuticals, Inc. - Common Stock",stock,Common Stock,Nasdaq Capital Market,N,100
LYEL,"Lyell Immunopharma, Inc. - Common Stock",stock,Common Stock,Nasdaq Global Select Market,N,100
LYFT,"Lyft, Inc. - Class A Common Stock",stock,Common Stock,Nasdaq Global Select Market,N,100
LYTS,LSI Industries Inc. - Common Stock,stock,Common Stock,Nasdaq Global Select Market,N,100
LZ,"LegalZoom.com, Inc. - Common Stock",stock,Common Stock,Nasdaq Global Select Market,N,100
LZMH,LZ Technology Holdings Limited - Class B Ordinary Shares,stock,Ordinary Share,Nasdaq Capital Market,N,100
MAAS,Maase Inc. - Class A Ordinary Shares,stock,Ordinary Share,Nasdaq Global Market,N,100
MAAY,GraniteShares YieldBOOST MARA ETF,etf,ETF,Nasdaq Global Market,N,100
MACI,Melar Acquisition Corp. I - Class A Ordinary Shares,stock,Ordinary Share,Nasdaq Global Market,N,100
MACIU,Melar Acquisition Corp. I - Unit,stock,Unit,Nasdaq Global Market,N,100
MACIW,Melar Acquisition Corp. I - Warrant,stock,Warrant,Nasdaq Global Market,N,100
MAGH,Magnitude International Ltd - Ordinary Shares,stock,Ordinary Share,Nasdaq Capital Market,N,100
MAKO,Mako Mining Corp - Common Stock,stock,Common Stock,Nasdaq Capital Market,N,100
MAMA,"Mama's Creations, Inc. - Common Stock",stock,Common Stock,Nasdaq Capital Market,N,100
MAMK,MaxsMaking Inc. - Class A Ordinary Shares,stock,Ordinary Share,Nasdaq Capital Market,D,100
MAMO,Massimo Group - Common Stock,stock,Common Stock,Nasdaq Capital Market,N,100
MANH,"Manhattan Associates, Inc. - Common Stock",stock,Common Stock,Nasdaq Global Select Market,N,100
MAR,Marriott International - Class A Common Stock,stock,Common Stock,Nasdaq Global Select Market,N,40
MARA,"MARA Holdings, Inc. - Common Stock",stock,Common Stock,Nasdaq Capital Market,N,100
MARPS,Marine Petroleum Trust - Units of Beneficial Interest,stock,Unit,Nasdaq Capital Market,N,100
MASK,3 E Network Technology Group Ltd - Class A Ordinary Shares,stock,Ordinary Share,Nasdaq Capital Market,N,100
MASS,908 Devices Inc. - Common Stock,stock,Common Stock,Nasdaq Global Market,N,100
MAT,"Mattel, Inc. - Common Stock",stock,Common Stock,Nasdaq Global Select Market,N,100
MATE,Man Active Trend Enhanced ETF,etf,ETF,Nasdaq Global Market,N,100
MATH,Metalpha Technology Holding Limited - Ordinary Shares,stock,Ordinary Share,Nasdaq Capital Market,N,100
MATW,Matthews International Corporation - Class A Common Stock,stock,Common Stock,Nasdaq Global Select Market,N,100
MAXI,Simplify Bitcoin Strategy ETF,etf,ETF,Nasdaq Global Market,N,100
MAYS,"J. W. Mays, Inc. - Common Stock",stock,Common Stock,Nasdaq Capital Market,N,100
MAZE,"Maze Therapeutics, Inc. - Common Stock",stock,Common Stock,Nasdaq Global Market,N,100
MB,MasterBeef Group - Ordinary Shares,stock,Ordinary Share,Nasdaq Capital Market,N,100
MBAI,Check-Cap Ltd. - Ordinary Share,stock,Ordinary Share,Nasdaq Capital Market,N,100
MBB,iShares MBS ETF,etf,ETF,Nasdaq Global Market,N,100
MBBC,"Marathon Bancorp, Inc. - Common Stock",stock,Common Stock,Nasdaq Capital Market,N,100
MBIN,Merchants Bancorp - Common Stock,stock,Common Stock,Nasdaq Capital Market,N,100
MBINL,"Merchants Bancorp - Depositary Shares, Each Representing a 1/40th Interest in a Share of 7.625% Fixed Rate Series E Non-Cumulative Perpetual Preferred Stock, without par value",stock,Preferred,Nasdaq Capital Market,N,100
MBINM,"Merchants Bancorp - Depositary Shares, Each Representing a 1/40th Interest in a Share of 8.25% Fixed-Rate Reset Series D Non-Cumulative Perpetual Preferred Stock",stock,Preferred,Nasdaq Capital Market,N,100
MBINN,Merchants Bancorp - Depositary Shares 6.00% Fixed Rate Series C Non-Cumulative Perpetual Preferred Stock,stock,Preferred,Nasdaq Capital Market,N,100
MBIO,"Mustang Bio, Inc. - Common Stock",stock,Common Stock,Nasdaq Capital Market,D,100
MBLY,Mobileye Global Inc. - Class A Common Stock,stock,Common Stock,Nasdaq Global Select Market,N,100
MBNKO,"Medallion Bank - Fixed-Rate Reset Non-Cumulative Perpetual Preferred Stock, Series G, par value $1.00 per share",stock,Preferred,Nasdaq Capital Market,N,100
MBOT,Microbot Medical Inc.  - Common Stock,stock,Common Stock,Nasdaq Capital Market,N,100
MBRX,"Moleculin Biotech, Inc. - Common Stock",stock,Common Stock,Nasdaq Capital Market,N,100
MBS,Angel Oak Mortgage-Backed Securities ETF,etf,ETF,Nasdaq Global Market,N,100
MBUU,"Malibu Boats, Inc. - Common Stock",stock,Common Stock,Nasdaq Global Market,N,100
MBVI,M3-Brigade Acquisition VI Corp. - Class A Ordinary Shares,stock,Ordinary Share,Nasdaq Global Market,N,100
MBVIU,M3-Brigade Acquisition VI Corp. - Units,stock,Unit,Nasdaq Global Market,N,100
MBVIW,M3-Brigade Acquisition VI Corp. - Warrant,stock,Warrant,Nasdaq Global Market,N,100
MBWM,Mercantile Bank Corporation - Common Stock,stock,Common Stock,Nasdaq Global Select Market,N,100
MBX,"MBX Biosciences, Inc. - Common Stock",stock,Common Stock,Nasdaq Global Select Market,N,100
MCAH,Mountain Crest Acquisition 6 Corp. - Ordinary Shares,stock,Ordinary Share,Nasdaq Global Market,N,100
MCAHR,Mountain Crest Acquisition 6 Corp. - Rights,stock,Right,Nasdaq Global Market,N,100
MCAHU,Mountain Crest Acquisition 6 Corp. - Units,stock,Unit,Nasdaq Global Market,N,100
MCBS,"MetroCity Bankshares, Inc. - Common Stock",stock,Common Stock,Nasdaq Global Select Market,N,100
MCDS,JPMorgan Fundamental Data Science Mid Core ETF,etf,ETF,Nasdaq Global Market,N,100
MCFT,"MasterCraft Boat Holdings, Inc. - Common Stock",stock,Common Stock,Nasdaq Global Market,N,100
MCGA,Yorkville Acquisition Corp. - Class A Ordinary Share,stock,Ordinary Share,Nasdaq Global Market,N,100
MCGAU,Yorkville Acquisition Corp. - Unit,stock,Unit,Nasdaq Global Market,N,100
MCGAW,Yorkville Acquisition Corp. - Warrant,stock,Warrant,Nasdaq Global Market,N,100
MCHB,Mechanics Bancorp - Class A Common Stock,stock,Common Stock,Nasdaq Global Select Market,N,100
MCHI,iShares MSCI China ETF,etf,ETF,Nasdaq Global Market,N,100
MCHP,Microchip Technology Incorporated - Common Stock,stock,Common Stock,Nasdaq Global Select Market,N,100
MCHPP,Microchip Technology Incorporated - Depositary Shares Each Representing a 1/20th Interest in a Share of 7.50% Series A Mandatory Convertible Preferred Stock,stock,Preferred,Nasdaq Global Select Market,N,100
MCHS,Matthews China Innovators Active ETF,etf,ETF,Nasdaq Global Market,N,100
MCHX,"Marchex, Inc. - Class B Common Stock",stock,Common Stock,Nasdaq Global Select Market,N,100
MCRB,"Seres Therapeutics, Inc. - Common Stock",stock,Common Stock,Nasdaq Global Select Market,N,100
MCRI,"Monarch Casino & Resort, Inc. - Common Stock",stock,Common Stock,Nasdaq Global Select Market,N,100
MCTA,Charming Medical Limited - Class A Ordinary Shares,stock,Ordinary Share,Nasdaq Capital Market,N,100
MDAI,"Spectral AI, Inc. - Class A Common Stock",stock,Common Stock,Nasdaq Capital Market,N,100
MDAIW,"Spectral AI, Inc. - Warrants",stock,Warrant,Nasdaq Capital Market,N,100
MDB,"MongoDB, Inc. - Class A Common Stock",stock,Common Stock,Nasdaq Global Market,N,40
MDBH,"MDB Capital Holdings, LLC - Class A common",stock,Nasdaq Listed Security,Nasdaq Capital Market,N,100
MDCX,Medicus Pharma Ltd. - Common Stock,stock,Common Stock,Nasdaq Capital Market,D,100
MDCXW,Medicus Pharma Ltd. - Warrant,stock,Warrant,Nasdaq Capital Market,D,100
MDGL,"Madrigal Pharmaceuticals, Inc. - Common Stock",stock,Common Stock,Nasdaq Global Select Market,N,40
MDIA,Mediaco Holding Inc. - Class A Common Stock,stock,Common Stock,Nasdaq Capital Market,D,100
MDIV,Multi-Asset Diversified Income Index Fund,etf,ETF,Nasdaq Global Market,N,100
MDLN,Medline Inc. - Class A common stock,stock,Common Stock,Nasdaq Global Select Market,N,100
MDLZ,"Mondelez International, Inc. - Class A Common Stock",stock,Common Stock,Nasdaq Global Select Market,N,100
MDRR,"Medalist Diversified, Inc. - Common Stock",stock,Common Stock,Nasdaq Capital Market,N,100
MDWD,MediWound Ltd. - Ordinary Shares,stock,Ordinary Share,Nasdaq Global Market,N,100
MDXG,"MiMedx Group, Inc - Common Stock",stock,Common Stock,Nasdaq Capital Market,N,100
MDXH,MDxHealth SA - Ordinary Shares,stock,Ordinary Share,Nasdaq Capital Market,D,100
MEDP,"Medpace Holdings, Inc. - Common Stock",stock,Common Stock,Nasdaq Global Select Market,N,40
MEDS,"DataMeds AI, Inc. - Common Stock",stock,Common Stock,Nasdaq Capital Market,D,100
MEDX,Horizon Kinetics Medical ETF,etf,ETF,Nasdaq Global Market,N,100
MEGL,Magic Empire Global Limited - Class A Ordinary Shares,stock,Ordinary Share,Nasdaq Capital Market,N,100
MELI,"MercadoLibre, Inc. - Common Stock",stock,Common Stock,Nasdaq Global Select Market,N,10
MEMA,Man Active Emerging Markets Alternative ETF,etf,ETF,Nasdaq Global Market,N,100
MEMS,Matthews Emerging Markets Discovery Active ETF,etf,ETF,Nasdaq Global Market,N,100
MENS,Jyong Biotech Ltd. - Ordinary shares,stock,Ordinary Share,Nasdaq Global Market,N,100
MEOH,Methanex Corporation - Common Stock,stock,Common Stock,Nasdaq Global Select Market,N,100
MERC,Mercer International Inc. - Common Stock,stock,Common Stock,Nasdaq Global Select Market,D,100
MESH,Meshflow Acquisition Corp. - Class A Ordinary Shares,stock,Ordinary Share,Nasdaq Global Market,N,100
MESHU,Meshflow Acquisition Corp. - Units,stock,Unit,Nasdaq Global Market,N,100
MESHW,Meshflow Acquisition Corp. - Warrants,stock,Warrant,Nasdaq Global Market,N,100
MESO,Mesoblast Limited - American Depositary Shares,stock,Depositary Share,Nasdaq Global Select Market,N,100
META,"Meta Platforms, Inc. - Class A Common Stock",stock,Common Stock,Nasdaq Global Select Market,N,40
METC,"Ramaco Resources, Inc. - Class A Common Stock",stock,Common Stock,Nasdaq Global Select Market,N,100
METCB,"Ramaco Resources, Inc. - Class B Common Stock",stock,Common Stock,Nasdaq Global Select Market,N,100
METCI,"Ramaco Resources, Inc. - 8.250% Senior Notes due 2030",stock,Note,Nasdaq Global Market,N,100
METCZ,"Ramaco Resources, Inc. - 8.375% Senior Notes due 2029",stock,Note,Nasdaq Global Select Market,N,100
METD,Direxion Daily META Bear 1X ETF,etf,ETF,Nasdaq Global Market,N,100
METL,Sprott Active Metals & Miners ETF,etf,ETF,Nasdaq Global Market,N,100
METU,Direxion Daily META Bull 2X ETF,etf,ETF,Nasdaq Global Market,N,100
MEVO,M Evo Global Acquisition Corp II - Class A Ordinary Shares,stock,Ordinary Share,Nasdaq Global Market,N,100
MEVOU,M Evo Global Acquisition Corp II - Units,stock,Unit,Nasdaq Global Market,N,100
MEVOW,M Evo Global Acquisition Corp II - Warrants,stock,Warrant,Nasdaq Global Market,N,100
MF,MindForge Inc. - Class A Ordinary Shares,stock,Ordinary Share,Nasdaq Capital Market,N,100
MFI,mF International Limited - Class A Ordinary Shares,stock,Ordinary Share,Nasdaq Capital Market,N,100
MFIC,MidCap Financial Investment Corporation - Closed End Fund,stock,Closed-End Fund,Nasdaq Global Select Market,N,100
MFICL,MidCap Financial Investment Corporation - 8.00% Notes due 2028,stock,Nasdaq Listed Security,Nasdaq Global Select Market,N,100
MFIG,Motley Fool Innovative Growth ETF,etf,ETF,Nasdaq Global Market,N,100
MFIN,Medallion Financial Corp. - Common Stock,stock,Common Stock,Nasdaq Global Select Market,N,100
MFLX,First Trust Flexible Municipal High Income ETF,etf,ETF,Nasdaq Global Market,N,100
MFMO,Motley Fool Momentum Factor ETF,etf,ETF,Nasdaq Global Market,N,100
MFP,"Midera Food Processing, Inc. - Common Stock",stock,Common Stock,Nasdaq Global Select Market,N,100
MFVL,Motley Fool Value Factor ETF,etf,ETF,Nasdaq Global Market,N,100
MGEE,MGE Energy Inc. - Common Stock,stock,Common Stock,Nasdaq Global Select Market,N,100
MGIH,Millennium Group International Holdings Limited - Ordinary Shares,stock,Ordinary Share,Nasdaq Capital Market,N,100
MGN,Megan Holdings Limited - Class A Ordinary Shares,stock,Ordinary Share,Nasdaq Capital Market,D,100
MGNI,"Magnite, Inc. - Common Stock",stock,Common Stock,Nasdaq Global Select Market,N,100
MGNX,"MacroGenics, Inc. - Common Stock",stock,Common Stock,Nasdaq Global Select Market,N,100
MGPI,"MGP Ingredients, Inc. - Common Stock",stock,Common Stock,Nasdaq Global Select Market,N,100
MGRC,McGrath RentCorp - Common Stock,stock,Common Stock,Nasdaq Global Select Market,N,100
MGRT,Mega Fortune Company Limited - Ordinary Shares,stock,Ordinary Share,Nasdaq Capital Market,N,100
MGRX,"Mangoceuticals, Inc. - Common Stock",stock,Common Stock,Nasdaq Capital Market,D,100
MGTX,MeiraGTx Holdings plc - Ordinary Shares,stock,Ordinary Share,Nasdaq Global Select Market,N,100
MGX,"Metagenomi Therapeutics, Inc. - Common Stock",stock,Common Stock,Nasdaq Global Select Market,N,100
MGYR,"Magyar Bancorp, Inc. - Common Stock",stock,Common Stock,Nasdaq Global Market,N,100
MIACU,Meridian3 Industrials Acquisition Corp - Units,stock,Unit,Nasdaq Global Market,N,100
MIDD,The Middleby Corporation - Common Stock,stock,Common Stock,Nasdaq Global Select Market,N,100
MILN,Global X Millennial Consumer ETF,etf,ETF,Nasdaq Global Market,N,100
MIMI,Mint Incorporation Limited - Class A Ordinary Shares,stock,Ordinary Share,Nasdaq Capital Market,N,100
MIND,"MIND Technology, Inc. - Common Stock",stock,Common Stock,Nasdaq Capital Market,N,100
MIRA,"MIRA Pharmaceuticals, Inc. - Common Stock",stock,Common Stock,Nasdaq Capital Market,D,100
MIRM,"Mirum Pharmaceuticals, Inc. - common stock",stock,Common Stock,Nasdaq Global Market,N,100
MIST,Milestone Pharmaceuticals Inc. - Common Shares,stock,Common Stock,Nasdaq Global Select Market,N,100
MITK,"Mitek Systems, Inc. - Common Stock",stock,Common Stock,Nasdaq Capital Market,N,100
MKAM,MKAM ETF,etf,ETF,Nasdaq Global Market,N,100
MKDW,MKDWELL Tech Inc. - Ordinary Shares,stock,Ordinary Share,Nasdaq Capital Market,N,100
MKDWW,MKDWELL Tech Inc. - Warrants,stock,Warrant,Nasdaq Capital Market,N,100
MKLY,McKinley Acquisition Corporation - Class A Ordinary Shares,stock,Ordinary Share,Nasdaq Global Market,N,100
MKLYR,McKinley Acquisition Corporation - Rights,stock,Right,Nasdaq Global Market,N,100
MKLYU,McKinley Acquisition Corporation - Units,stock,Unit,Nasdaq Global Market,N,100
MKSI,MKS Inc. - Common Stock,stock,Common Stock,Nasdaq Global Select Market,N,100
MKTW,"MarketWise, Inc. - Class A Common Stock",stock,Common Stock,Nasdaq Global Market,N,100
MKTX,"MarketAxess Holdings, Inc. - Common Stock",stock,Common Stock,Nasdaq Global Select Market,N,100
MKZR,"MacKenzie Realty Capital, Inc. - Common Stock",stock,Common Stock,Nasdaq Capital Market,N,100
MLAA,Mountain Lake Acquisition Corp. II - Class A Ordinary Shares,stock,Ordinary Share,Nasdaq Global Market,N,100
MLAAU,Mountain Lake Acquisition Corp. II - Units,stock,Unit,Nasdaq Global Market,N,100
MLAAW,Mountain Lake Acquisition Corp. II - Warrants,stock,Warrant,Nasdaq Global Market,N,100
MLAB,"Mesa Laboratories, Inc. - Common Stock",stock,Common Stock,Nasdaq Global Select Market,N,100
MLCI,Mount Logan Capital Inc. - Common Stock,stock,Common Stock,Nasdaq Global Market,N,100
MLCIL,Mount Logan Capital Inc. - 8.00% Notes Due 2031,stock,Nasdaq Listed Security,Nasdaq Global Market,N,100
MLCO,Melco Resorts & Entertainment Limited - American Depositary Shares,stock,Depositary Share,Nasdaq Global Select Market,N,100
MLEC,Moolec Science SA - Ordinary Shares,stock,Ordinary Share,Nasdaq Capital Market,N,100
MLECW,Moolec Science SA - Warrant,stock,Warrant,Nasdaq Capital Market,N,100
MLGO,"MicroAlgo, Inc. - Ordinary Shares",stock,Ordinary Share,Nasdaq Capital Market,N,100
MLKN,"MillerKnoll, Inc. - Common Stock",stock,Common Stock,Nasdaq Global Select Market,N,100
MLTX,MoonLake Immunotherapeutics - Class A Ordinary Shares,stock,Ordinary Share,Nasdaq Capital Market,N,100
MLYS,"Mineralys Therapeutics, Inc. - Common Stock",stock,Common Stock,Nasdaq Global Select Market,N,100
MMED,"MiniMed Group, Inc. - Common Stock",stock,Common Stock,Nasdaq Global Select Market,N,100
MMLP,Martin Midstream Partners L.P. - Common Units Representing Limited Partnership Interests,stock,Unit,Nasdaq Global Select Market,N,100
MMSI,"Merit Medical Systems, Inc. - Common Stock",stock,Common Stock,Nasdaq Global Select Market,N,100
MMTX,Miluna Acquisition Corp - Class A Ordinary Shares,stock,Ordinary Share,Nasdaq Global Market,N,100
MMTXU,Miluna Acquisition Corp - Units,stock,Unit,Nasdaq Global Market,N,100
MMTXW,Miluna Acquisition Corp - Warrant,stock,Warrant,Nasdaq Global Market,N,100
MMYT,MakeMyTrip Limited - Ordinary Shares,stock,Ordinary Share,Nasdaq Global Select Market,N,100
MNDO,MIND C.T.I. Ltd. - Ordinary Shares,stock,Ordinary Share,Nasdaq Global Market,D,100
MNDR,Mobile-health Network Solutions - Class A Ordinary Shares,stock,Ordinary Share,Nasdaq Capital Market,N,100
MNDY,monday.com Ltd. - Ordinary Shares,stock,Ordinary Share,Nasdaq Global Select Market,N,100
MNKD,MannKind Corporation - Common Stock,stock,Common Stock,Nasdaq Global Market,N,100
MNOV,"MediciNova, Inc. - Common Stock",stock,Common Stock,Nasdaq Global Market,N,100
MNPR,Monopar Therapeutics Inc. - Common Stock,stock,Common Stock,Nasdaq Capital Market,N,100
MNRO,"Monro, Inc.  - Common Stock",stock,Common Stock,Nasdaq Global Select Market,N,100
MNSB,"MainStreet Bancshares, Inc. - Common Stock",stock,Common Stock,Nasdaq Capital Market,N,100
MNSBP,"MainStreet Bancshares, Inc. - Depositary Shares",stock,Depositary Share,Nasdaq Capital Market,N,100
MNST,Monster Beverage Corporation - Common Stock,stock,Common Stock,Nasdaq Global Select Market,N,100
MNTK,"Montauk Renewables, Inc. - Common Stock",stock,Common Stock,Nasdaq Capital Market,N,100
MNTS,Momentus Inc. - Class A Common Stock,stock,Common Stock,Nasdaq Capital Market,N,100
MNTSW,Momentus Inc. - Warrant,stock,Warrant,Nasdaq Capital Market,N,100
MNVT,Moonvest ETF,etf,ETF,Nasdaq Global Market,N,100
MNY,MoneyHero Limited - Class A Ordinary Shares,stock,Ordinary Share,Nasdaq Global Market,N,100
MNYWW,MoneyHero Limited - Warrants,stock,Warrant,Nasdaq Global Market,N,100
MNZL,Manzil Russell Halal USA Broad Market ETF,etf,ETF,Nasdaq Global Market,N,100
MOB,Mobilicom Limited - Ordinary Shares,stock,Ordinary Share,Nasdaq Capital Market,N,100
MOBBW,Mobilicom Limited - Warrants,stock,Warrant,Nasdaq Capital Market,N,100
MOBI,"Mobia Medical, Inc. - Common Stock",stock,Common Stock,Nasdaq Global Select Market,N,100
MOBX,"Mobix Labs, Inc. - Class A Common Stock",stock,Common Stock,Nasdaq Capital Market,N,100
MOBXW,"Mobix Labs, Inc. - Warrants",stock,Warrant,Nasdaq Capital Market,N,100
MODD,"Modular Medical, Inc. - common stock",stock,Common Stock,Nasdaq Capital Market,N,100
MODL,VictoryShares WestEnd U.S. Sector ETF,etf,ETF,Nasdaq Global Market,N,100
MOLN,Molecular Partners AG - American Depositary Shares,stock,Depositary Share,Nasdaq Global Select Market,N,100
MOMO,Hello Group Inc.  - American Depositary Shares,stock,Depositary Share,Nasdaq Global Select Market,N,100
MOOD,Relative Sentiment Tactical Allocation ETF,etf,ETF,Nasdaq Global Market,N,100
MORN,"Morningstar, Inc. - Common Stock",stock,Common Stock,Nasdaq Global Select Market,N,100
MOVE,"Corvex, Inc. - Common Stock",stock,Common Stock,Nasdaq Capital Market,N,100
MPAA,"Motorcar Parts of America, Inc. - Common Stock",stock,Common Stock,Nasdaq Global Select Market,N,100
MPB,Mid Penn Bancorp - Common Stock,stock,Common Stock,Nasdaq Global Market,N,100
MPG,Leverage Shares 2X Long MP Daily ETF,etf,ETF,Nasdaq Global Market,N,100
MPLT,"MapLight Therapeutics, Inc. - Common Stock",stock,Common Stock,Nasdaq Global Select Market,N,100
MPWR,"Monolithic Power Systems, Inc. - Common Stock",stock,Common Stock,Nasdaq Global Select Market,N,10
MQ,"Marqeta, Inc. - Class A Common Stock",stock,Common Stock,Nasdaq Global Select Market,N,100
MQQQ,Tradr 2X Long Innovation 100 Monthly ETF,etf,ETF,Nasdaq Global Market,N,100
MRA,GraniteShares Autocallable MARA ETF,etf,ETF,Nasdaq Global Market,N,100
MRAL,GraniteShares 2x Long MARA Daily ETF,etf,ETF,Nasdaq Global Market,N,100
MRAM,"Everspin Technologies, Inc. - Common Stock",stock,Common Stock,Nasdaq Global Market,N,100
MRBK,Meridian Corporation - Common Stock,stock,Common Stock,Nasdaq Global Select Market,N,100
MRCOU,Mercator Acquisition Corp. - Units,stock,Unit,Nasdaq Global Market,N,100
MRCY,Mercury Systems Inc - Common Stock,stock,Common Stock,Nasdaq Global Select Market,N,100
MRDN,Meridian Holdings Inc. - Common Stock,stock,Common Stock,Nasdaq Capital Market,N,100
MREO,Mereo BioPharma Group plc - American Depositary Shares,stock,Depositary Share,Nasdaq Capital Market,D,100
MRKR,"Marker Therapeutics, Inc. - Common Stock",stock,Common Stock,Nasdaq Capital Market,N,100
MRLN,"Merlin, Inc. - Common Stock",stock,Common Stock,Nasdaq Global Market,N,100
MRM,MEDIROM Healthcare Technologies Inc. - American Depositary Share,stock,Depositary Share,Nasdaq Capital Market,E,100
MRNA,"Moderna, Inc. - Common Stock",stock,Common Stock,Nasdaq Global Select Market,N,100
MRNO,Murano Global Investments PLC - Ordinary Shares,stock,Ordinary Share,Nasdaq Capital Market,D,100
MRNOW,Murano Global Investments PLC - Warrants,stock,Warrant,Nasdaq Capital Market,N,100
MRTN,"Marten Transport, Ltd. - Common Stock",stock,Common Stock,Nasdaq Global Select Market,N,100
MRVI,"Maravai LifeSciences Holdings, Inc. - Class A common stock",stock,Common Stock,Nasdaq Global Select Market,N,100
MRVL,"Marvell Technology, Inc. - Common Stock",stock,Common Stock,Nasdaq Global Select Market,N,100
MRVU,Direxion Daily MRVL Bull 2X ETF,etf,ETF,Nasdaq Global Market,N,100
MRX,Marex Group Limited - Ordinary Shares,stock,Ordinary Share,Nasdaq Global Select Market,N,100
MSAI,"MultiSensor AI Holdings, Inc. - Common Stock",stock,Common Stock,Nasdaq Capital Market,N,100
MSAIW,"MultiSensor AI Holdings, Inc. - Warrants",stock,Warrant,Nasdaq Capital Market,N,100
MSBI,"Midland States Bancorp, Inc. - Common Stock",stock,Common Stock,Nasdaq Global Select Market,N,100
MSBIP,"Midland States Bancorp, Inc. - Depositary Shares Each Representing a 1/40th Interest in a Share of 7.750% Fixed-Rate Reset Non-Cumulative Perpetual Preferred Stock, Series A",stock,Preferred,Nasdaq Global Select Market,N,100
MSEX,Middlesex Water Company - Common Stock,stock,Common Stock,Nasdaq Global Select Market,N,100
MSFD,Direxion Daily MSFT Bear 1X ETF,etf,ETF,Nasdaq Global Market,N,100
MSFL,GraniteShares 2x Long MSFT Daily ETF,etf,ETF,Nasdaq Global Market,N,100
MSFT,Microsoft Corporation - Common Stock,stock,Common Stock,Nasdaq Global Select Market,N,40
MSFU,Direxion Daily MSFT Bull 2X ETF,etf,ETF,Nasdaq Global Market,N,100
MSGM,Motorsport Games Inc. - Class A Common Stock,stock,Common Stock,Nasdaq Capital Market,N,100
MSGY,Masonglory Limited - Ordinary Shares,stock,Ordinary Share,Nasdaq Capital Market,D,100
MSLE,Satellos Bioscience Inc. - Common Stock,stock,Common Stock,Nasdaq Global Market,N,100
MSR,GraniteShares Autocallable MSTR ETF,etf,ETF,Nasdaq Global Market,N,100
MSS,Maison Solutions Inc. - Class A Common Stock,stock,Common Stock,Nasdaq Capital Market,N,100
MST,Defiance Leveraged Long + Income MSTR ETF,etf,ETF,Nasdaq Global Market,N,100
MSTP,GraniteShares 2x Long MSTR Daily ETF,etf,ETF,Nasdaq Global Market,N,100
MSTR,Strategy Inc - Class A Common Stock,stock,Common Stock,Nasdaq Global Select Market,N,100
MSTX,Defiance Daily Target 2x Long MSTR ETF,etf,ETF,Nasdaq Global Market,N,100
MTAKU,Market Technology Acquisition Corp - Unit,stock,Unit,Nasdaq Global Market,N,100
MTC,"MMTec, Inc. - Common Shares",stock,Common Stock,Nasdaq Capital Market,N,100
MTCH,"Match Group, Inc. - Common Stock",stock,Common Stock,Nasdaq Global Select Market,N,100
MTEK,Maris-Tech Ltd. - ordinary shares,stock,Ordinary Share,Nasdaq Capital Market,N,100
MTEKW,Maris-Tech Ltd. - Warrants,stock,Warrant,Nasdaq Capital Market,N,100
MTEN,Mingteng International Corporation Inc. - Class A Ordinary Shares,stock,Ordinary Share,Nasdaq Capital Market,N,100
MTEX,"Mannatech, Incorporated - Common Stock",stock,Common Stock,Nasdaq Capital Market,D,100
MTLS,Materialise NV - American Depositary Shares,stock,Depositary Share,Nasdaq Global Select Market,N,100
MTRX,Matrix Service Company - Common Stock,stock,Common Stock,Nasdaq Global Select Market,N,100
MTSI,"MACOM Technology Solutions Holdings, Inc. - Common Stock",stock,Common Stock,Nasdaq Global Select Market,N,100
MTVA,MetaVia Inc.  - Common Stock,stock,Common Stock,Nasdaq Capital Market,N,100
MTYY,GraniteShares YieldBOOST MSTR ETF,etf,ETF,Nasdaq Global Market,N,100
MU,"Micron Technology, Inc. - Common Stock",stock,Common Stock,Nasdaq Global Select Market,N,40
MUD,Direxion Daily MU Bear 1X ETF,etf,ETF,Nasdaq Global Market,N,100
MULL,GraniteShares 2x Long MU Daily ETF,etf,ETF,Nasdaq Global Market,N,100
MULT,Franklin Multisector Income ETF,etf,ETF,Nasdaq Global Market,N,100
MUU,Direxion Daily MU Bull 2X ETF,etf,ETF,Nasdaq Global Market,N,100
MUYY,GraniteShares YieldBOOST MU ETF,etf,ETF,Nasdaq Global Market,N,100
MUZE,Muzero Acquisition Corp - Class A Ordinary Shares,stock,Ordinary Share,Nasdaq Global Market,N,100
MUZEU,Muzero Acquisition Corp - Unit,stock,Unit,Nasdaq Global Market,N,100
MUZEW,Muzero Acquisition Corp - Warrant,stock,Warrant,Nasdaq Global Market,N,100
MVBF,MVB Financial Corp. - Common Stock,stock,Common Stock,Nasdaq Capital Market,N,100
MVIS,"MicroVision, Inc. - Common Stock",stock,Common Stock,Nasdaq Capital Market,D,100
MVLL,GraniteShares 2x Long MRVL Daily ETF,etf,ETF,Nasdaq Global Market,N,100
MVST,"Microvast Holdings, Inc. - Common Stock",stock,Common Stock,Nasdaq Capital Market,N,100
MWC,"Micware Co., Ltd. - American Depositary Shares",stock,Depositary Share,Nasdaq Global Market,N,100
MWH,"SOLV Energy, Inc. - Class A common stock",stock,Common Stock,Nasdaq Global Select Market,N,100
MWYN,"Marwynn Holdings, Inc. - Common stock",stock,Common Stock,Nasdaq Capital Market,N,100
MXCT,"MaxCyte, Inc. - Common Stock",stock,Common Stock,Nasdaq Global Select Market,N,100
MXL,"MaxLinear, Inc - Common Stock",stock,Common Stock,Nasdaq Global Select Market,N,100
MYCF,State Street My2026 Corporate Bond ETF,etf,ETF,Nasdaq Global Market,N,100
MYCG,State Street My2027 Corporate Bond ETF,etf,ETF,Nasdaq Global Market,N,100
MYCH,State Street My2028 Corporate Bond ETF,etf,ETF,Nasdaq Global Market,N,100
MYCI,State Street My2029 Corporate Bond ETF,etf,ETF,Nasdaq Global Market,N,100
MYCJ,State Street My2030 Corporate Bond ETF,etf,ETF,Nasdaq Global Market,N,100
MYCK,State Street My2031 Corporate Bond ETF,etf,ETF,Nasdaq Global Market,N,100
MYCL,State Street My2032 Corporate Bond ETF,etf,ETF,Nasdaq Global Market,N,100
MYCM,State Street My2033 Corporate Bond ETF,etf,ETF,Nasdaq Global Market,N,100
MYCN,State Street My2034 Corporate Bond ETF,etf,ETF,Nasdaq Global Market,N,100
MYCO,State Street My2035 Corporate Bond ETF,etf,ETF,Nasdaq Global Market,N,100
MYFW,"First Western Financial, Inc. - Common Stock",stock,Common Stock,Nasdaq Global Select Market,N,100
MYGN,"Myriad Genetics, Inc. - Common Stock",stock,Common Stock,Nasdaq Global Select Market,N,100
MYHA,State Street My2027 High Yield Corporate Bond ETF,etf,ETF,Nasdaq Global Market,N,100
MYHB,State Street My2028 High Yield Corporate Bond ETF,etf,ETF,Nasdaq Global Market,N,100
MYHC,State Street My2029 High Yield Corporate Bond ETF,etf,ETF,Nasdaq Global Market,N,100
MYHD,State Street My2030 High Yield Corporate Bond ETF,etf,ETF,Nasdaq Global Market,N,100
MYHE,State Street My2031 High Yield Corporate Bond ETF,etf,ETF,Nasdaq Global Market,N,100
MYMF,State Street My2026 Municipal Bond ETF,etf,ETF,Nasdaq Global Market,N,100
MYMG,State Street My2027 Municipal Bond ETF,etf,ETF,Nasdaq Global Market,N,100
MYMH,State Street My2028 Municipal Bond ETF,etf,ETF,Nasdaq Global Market,N,100
MYMI,State Street My2029 Municipal Bond ETF,etf,ETF,Nasdaq Global Market,N,100
MYMJ,State Street My2030 Municipal Bond ETF,etf,ETF,Nasdaq Global Market,N,100
MYMK,State Street My2031 Municipal Bond ETF,etf,ETF,Nasdaq Global Market,N,100
MYPS,"PLAYSTUDIOS, Inc.  - Class A Common Stock",stock,Common Stock,Nasdaq Capital Market,D,100
MYRG,"MYR Group, Inc. - Common Stock",stock,Common Stock,Nasdaq Global Select Market,N,40
MYSE,"Myseum.AI, Inc. - Common Stock",stock,Common Stock,Nasdaq Capital Market,N,100
MYSEW,"Myseum.AI, Inc. - Series A Warrant",stock,Warrant,Nasdaq Capital Market,N,100
MYSZ,"My Size, Inc. - Common Stock",stock,Common Stock,Nasdaq Capital Market,D,100
MYX,Maywood Acquisition Corp. 2 - Class A Ordinary Share,stock,Ordinary Share,Nasdaq Global Market,N,100
MYXXR,Maywood Acquisition Corp. 2 - Rights,stock,Right,Nasdaq Global Market,N,100
MYXXU,Maywood Acquisition Corp. 2 - Units,stock,Unit,Nasdaq Global Market,N,100
MYXXW,Maywood Acquisition Corp. 2 - Warrants,stock,Warrant,Nasdaq Global Market,N,100
MZTI,The Marzetti Company - Common Stock,stock,Common Stock,Nasdaq Global Select Market,N,100
NA,Nano Labs Ltd - Class A Ordinary Shares,stock,Ordinary Share,Nasdaq Global Market,N,100
NAAS,NaaS Technology Inc. - American Depositary Shares,stock,Depositary Share,Nasdaq Capital Market,N,100
NAGE,"Niagen Bioscience, Inc. - Common Stock",stock,Common Stock,Nasdaq Capital Market,N,100
NAII,"Natural Alternatives International, Inc. - Common Stock",stock,Common Stock,Nasdaq Global Market,N,100
NAKA,Nakamoto Inc. - Common Stock,stock,Common Stock,Nasdaq Global Market,N,100
NAMI,Jinxin Technology Holding Company - American Depositary Shares,stock,Depositary Share,Nasdaq Capital Market,N,100
NAMM,Namib Minerals - Ordinary Shares,stock,Ordinary Share,Nasdaq Global Market,N,100
NAMMW,Namib Minerals - Warrants,stock,Warrant,Nasdaq Capital Market,N,100
NAMS,NewAmsterdam Pharma Company N.V. - Ordinary Shares,stock,Ordinary Share,Nasdaq Global Market,N,100
NAMSW,NewAmsterdam Pharma Company N.V. - Warrant,stock,Warrant,Nasdaq Global Market,N,100
NATH,"Nathan's Famous, Inc. - Common Stock",stock,Common Stock,Nasdaq Global Select Market,N,100
NATO,Themes Transatlantic Defense ETF,etf,ETF,Nasdaq Global Market,N,100
NATR,"Nature's Sunshine Products, Inc. - Common Stock",stock,Common Stock,Nasdaq Capital Market,N,100
NAUT,"Nautilus Biotechnology, Inc. - Common Stock",stock,Common Stock,Nasdaq Capital Market,N,100
NAVI,Navient Corporation - Common Stock,stock,Common Stock,Nasdaq Global Select Market,N,100
NAVN,"Navan, Inc. - Class A Common Stock",stock,Common Stock,Nasdaq Global Select Market,N,100
NB,NioCorp Developments Ltd. - Common Stock,stock,Common Stock,Nasdaq Global Market,N,100
NBBK,"NB Bancorp, Inc. - Common Stock",stock,Common Stock,Nasdaq Capital Market,N,100
NBIG,Leverage Shares 2X Long NBIS Daily ETF,etf,ETF,Nasdaq Global Market,N,100
NBIL,GraniteShares 2x Long NBIS Daily ETF,etf,ETF,Nasdaq Global Market,N,100
NBIS,Nebius Group N.V. - Class A Ordinary Shares,stock,Ordinary Share,Nasdaq Global Select Market,N,100
NBIX,"Neurocrine Biosciences, Inc. - Common Stock",stock,Common Stock,Nasdaq Global Select Market,N,100
NBN,Northeast Bank - Common Stock,stock,Common Stock,Nasdaq Global Market,N,100
NBP,NovaBridge Biosciences - American Depositary Shares,stock,Depositary Share,Nasdaq Global Market,N,100
NBRG,Newbridge Acquisition Limited - Class A Ordinary Share,stock,Ordinary Share,Nasdaq Capital Market,N,100
NBRGR,Newbridge Acquisition Limited - Rights,stock,Right,Nasdaq Capital Market,N,100
NBRGU,Newbridge Acquisition Limited - Unit,stock,Unit,Nasdaq Capital Market,N,100
NBTB,NBT Bancorp Inc. - Common Stock,stock,Common Stock,Nasdaq Global Select Market,N,100
NBTX,Nanobiotix S.A. - ADSs,stock,Nasdaq Listed Security,Nasdaq Global Select Market,N,100
NCEL,NewcelX Ltd. - Ordinary Shares,stock,Ordinary Share,Nasdaq Capital Market,N,100
NCEW,New Century Logistics (BVI) Limited - Ordinary Shares,stock,Ordinary Share,Nasdaq Capital Market,N,100
NCI,Neo-Concept International Group Holdings Limited - Class A Ordinary Shares,stock,Ordinary Share,Nasdaq Capital Market,N,100
NCIQ,Hashdex Nasdaq CME Crypto Index ETF,etf,ETF,Nasdaq Global Market,N,100
NCMI,"National CineMedia, Inc. - Common Stock",stock,Common Stock,Nasdaq Global Select Market,N,100
NCNA,NuCana plc - American Depositary Shares,stock,Depositary Share,Nasdaq Capital Market,N,100
NCNO,"nCino, Inc. - Common Stock",stock,Common Stock,Nasdaq Global Select Market,N,100
NCO,Southern Cross Acquisition I Corp. - Ordinary Shares,stock,Ordinary Share,Nasdaq Global Market,N,100
NCOOR,Southern Cross Acquisition I Corp. - Rights,stock,Right,Nasdaq Global Market,N,100
NCOOU,Southern Cross Acquisition I Corp. - Units,stock,Unit,Nasdaq Global Market,N,100
NCOOW,Southern Cross Acquisition I Corp. - Warrants,stock,Warrant,Nasdaq Global Market,N,100
NCPB,Nuveen Core Plus Bond ETF,etf,ETF,Nasdaq Global Market,N,100
NCPL,Netcapital Inc. - Common Stock,stock,Common Stock,Nasdaq Capital Market,D,100
NCPLW,Netcapital Inc. - warrants,stock,Warrant,Nasdaq Capital Market,N,100
NCRA,"Nocera, Inc. - common stock",stock,Common Stock,Nasdaq Capital Market,D,100
NCSM,"NCS Multistage Holdings, Inc. - Common Stock",stock,Common Stock,Nasdaq Capital Market,N,100
NCT,Intercont (Cayman) Limited - Class A Ordinary shares,stock,Ordinary Share,Nasdaq Capital Market,N,100
NCTY,The9 Limited - American Depository Shares,stock,Nasdaq Listed Security,Nasdaq Capital Market,N,100
NDAA,Ned Davis Research 360 Dynamic Allocation ETF,etf,ETF,Nasdaq Global Market,N,100
NDAQ,"Nasdaq, Inc. - Common Stock",stock,Common Stock,Nasdaq Global Select Market,N,100
NDLS,Noodles & Company - Class A Common Stock,stock,Common Stock,Nasdaq Global Select Market,N,100
NDRA,ENDRA Life Sciences Inc. - Common Stock,stock,Common Stock,Nasdaq Capital Market,N,100
NDSN,Nordson Corporation - Common Stock,stock,Common Stock,Nasdaq Global Select Market,N,40
NECB,"NorthEast Community Bancorp, Inc. - Common Stock",stock,Common Stock,Nasdaq Capital Market,N,100
NEGG,"Newegg Commerce, Inc. - Common Shares",stock,Common Stock,Nasdaq Capital Market,N,100
NEMG,Leverage Shares 2x Long NEM Daily ETF,etf,ETF,Nasdaq Global Market,N,100
NEO,"NeoGenomics, Inc. - Common Stock",stock,Common Stock,Nasdaq Capital Market,N,100
NEOG,Neogen Corporation - Common Stock,stock,Common Stock,Nasdaq Global Select Market,N,100
NEON,Neonode Inc. - Common Stock,stock,Common Stock,Nasdaq Capital Market,N,100
NEOV,NeoVolta Inc. - Common Stock,stock,Common Stock,Nasdaq Capital Market,N,100
NEOVW,NeoVolta Inc. - Warrant,stock,Warrant,Nasdaq Capital Market,N,100
NEPH,"Nephros, Inc. - Common Stock",stock,Common Stock,Nasdaq Capital Market,N,100
NERV,"Minerva Neurosciences, Inc - Common Stock",stock,Common Stock,Nasdaq Capital Market,N,100
NESR,National Energy Services Reunited Corp - Ordinary Shares,stock,Ordinary Share,Nasdaq Capital Market,N,100
NETG,Leverage Shares 2X Long NET Daily ETF,etf,ETF,Nasdaq Global Market,N,100
NEUP,Neuphoria Therapeutics Inc. - Common Stock,stock,Common Stock,Nasdaq Global Market,N,100
NEWT,"NewtekOne, Inc. - Common Stock",stock,Common Stock,Nasdaq Global Market,N,100
NEWTG,"NewtekOne, Inc. - 8.50% Fixed Rate Senior Notes due 2029",stock,Note,Nasdaq Global Market,N,100
NEWTH,"NewtekOne, Inc. - 8.625% Fixed Rate Senior Notes due 2029",stock,Note,Nasdaq Global Market,N,100
NEWTI,"NewtekOne, Inc. - 8.00% Fixed Rate Senior Notes due 2028",stock,Note,Nasdaq Global Market,N,100
NEWTO,"NewtekOne, Inc. - 8.50% Fixed Rate Senior Notes due 2031",stock,Note,Nasdaq Global Market,N,100
NEWTP,"NewtekOne, Inc. - Depositary Shares, Each Representing a 1/40th Interest in a Share of 8.500% Fixed Rate Reset Non-Cumulative Perpetual Preferred Stock, Series B",stock,Preferred,Nasdaq Global Market,N,100
NEWZ,StockSnips AI-Powered Sentiment US All Cap ETF,etf,ETF,Nasdaq Global Market,N,100
NEXM,NexMetals Mining Corp. - Common Stock,stock,Common Stock,Nasdaq Capital Market,N,100
NEXN,Nexxen International Ltd. - Ordinary Shares,stock,Ordinary Share,Nasdaq Global Market,N,100
NEXR,Nexera Technologies Ltd - Ordinary Shares,stock,Ordinary Share,Nasdaq Capital Market,N,100
NEXRW,Nexera Technologies Ltd - Warrant,stock,Warrant,Nasdaq Capital Market,N,100
NEXT,NextDecade Corporation - Common Stock,stock,Common Stock,Nasdaq Capital Market,N,100
NFE,New Fortress Energy Inc. - Class A Common Stock,stock,Common Stock,Nasdaq Global Select Market,D,100
NFLX,"Netflix, Inc. - Common Stock",stock,Common Stock,Nasdaq Global Select Market,N,100
NFRX,Harrison Street Infrastructure Active ETF,etf,ETF,Nasdaq Global Market,N,100
NFTY,First Trust India Nifty 50 Equal Weight ETF,etf,ETF,Nasdaq Global Market,N,100
NFXL,Direxion Daily NFLX Bull 2X ETF,etf,ETF,Nasdaq Global Market,N,100
NFXS,Direxion Daily NFLX Bear 1X ETF,etf,ETF,Nasdaq Global Market,N,100
NGEN,NervGen Pharma Corp. - Common stock,stock,Common Stock,Nasdaq Capital Market,N,100
NGHT,Nicholas Bitcoin and Treasuries AfterDark ETF,etf,ETF,Nasdaq Global Market,N,100
NGNE,Neurogene Inc. - Common Stock,stock,Common Stock,Nasdaq Global Market,N,100
NHIC,NewHold Investment Corp III - Class A Ordinary shares,stock,Ordinary Share,Nasdaq Global Market,N,100
NHICU,NewHold Investment Corp III - Units,stock,Unit,Nasdaq Global Market,N,100
NHICW,NewHold Investment Corp III - Warrants,stock,Warrant,Nasdaq Global Market,N,100
NHIV,NewHold Investment Corp IV - Class A Ordinary Shares,stock,Ordinary Share,Nasdaq Global Market,N,100
NHIVU,NewHold Investment Corp IV - Units,stock,Unit,Nasdaq Global Market,N,100
NHIVW,NewHold Investment Corp IV - Warrants,stock,Warrant,Nasdaq Global Market,N,100
NHP,"National Healthcare Properties, Inc. - Class A Common Stock",stock,Common Stock,Nasdaq Global Market,N,100
NHPAP,"National Healthcare Properties, Inc. - 7.375% Series A Cumulative Redeemable Perpetual Preferred Stock",stock,Preferred,Nasdaq Global Market,N,100
NHPBP,"National Healthcare Properties, Inc. - 7.125% Series B Cumulative Redeemable Perpetual Preferred Stock",stock,Preferred,Nasdaq Global Market,N,100
NHTC,Natural Health Trends Corp. - Common Stock,stock,Common Stock,Nasdaq Capital Market,N,100
NICE,NICE Ltd - American Depositary Shares each representing one Ordinary Share,stock,Depositary Share,Nasdaq Global Select Market,N,100
NICM,Nicola Mining Inc. - American Depositary Shares,stock,Depositary Share,Nasdaq Capital Market,N,100
NIKI,"Niki BioSolutions, Inc. - Common Stock",stock,Common Stock,Nasdaq Capital Market,N,100
NIKL,Sprott Nickel Miners ETF,etf,ETF,Nasdaq Global Market,N,100
NIOBW,NioCorp Developments Ltd. - Warrant,stock,Warrant,Nasdaq Capital Market,N,100
NIOG,Leverage Shares 2X Long NIO Daily ETF,etf,ETF,Nasdaq Global Market,N,100
NIPG,NIP Group Inc. - American Depositary Shares,stock,Depositary Share,Nasdaq Global Market,N,100
NIU,Niu Technologies - American Depositary Shares,stock,Depositary Share,Nasdaq Global Market,N,100
NIVF,NewGenIvf Group Limited - Class A Ordinary Shares,stock,Ordinary Share,Nasdaq Capital Market,N,100
NIVFW,NewGenIvf Group Limited - Warrants,stock,Warrant,Nasdaq Capital Market,N,100
NIXT,Research Affiliates Deletions ETF,etf,ETF,Nasdaq Global Market,N,100
NIXX,"Nixxy, Inc. - Common Stock",stock,Common Stock,Nasdaq Capital Market,N,100
NKLR,Terra Innovatum Global N.V. - Ordinary shares,stock,Ordinary Share,Nasdaq Global Market,N,100
NKSH,"National Bankshares, Inc. - Common Stock",stock,Common Stock,Nasdaq Capital Market,N,100
NKTR,Nektar Therapeutics - Common Stock,stock,Common Stock,Nasdaq Capital Market,N,100
NKTX,"Nkarta, Inc. - Common Stock",stock,Common Stock,Nasdaq Global Select Market,N,100
NMAD,"Nomad Power Solutions, Inc. - Common Stock",stock,Common Stock,Nasdaq Capital Market,N,100
NMFC,New Mountain Finance Corporation - Common Stock,stock,Common Stock,Nasdaq Global Select Market,N,100
NMFCZ,New Mountain Finance Corporation - 8.250% Notes due 2028,stock,Nasdaq Listed Security,Nasdaq Global Market,N,100
NMIH,NMI Holdings Inc - Common Stock,stock,Common Stock,Nasdaq Global Market,N,100
NMP,NMP Acquisition Corp. - Class A Ordinary Shares,stock,Ordinary Share,Nasdaq Global Market,N,100
NMPAR,NMP Acquisition Corp. - Right,stock,Right,Nasdaq Global Market,N,100
NMPAU,NMP Acquisition Corp. - Units,stock,Unit,Nasdaq Global Market,N,100
NMRA,"Neumora Therapeutics, Inc. - Common Stock",stock,Common Stock,Nasdaq Global Select Market,N,100
NMRK,"Newmark Group, Inc. - Class A Common Stock",stock,Common Stock,Nasdaq Global Select Market,N,100
NMTC,NeuroOne Medical Technologies Corporation - Common Stock,stock,Common Stock,Nasdaq Capital Market,N,100
NN,NextNav Inc. - Common stock,stock,Common Stock,Nasdaq Capital Market,N,100
NNBR,"NN, Inc. - Common Stock",stock,Common Stock,Nasdaq Global Select Market,N,100
NNDM,Nano Dimension Ltd. - American Depositary Shares,stock,Depositary Share,Nasdaq Capital Market,N,100
NNE,Nano Nuclear Energy Inc. - common stock,stock,Common Stock,Nasdaq Capital Market,N,100
NNNN,Anbio Biotechnology - Class A Ordinary Shares,stock,Ordinary Share,Nasdaq Global Market,N,100
NNOX,NANO-X IMAGING LTD - Ordinary Shares,stock,Ordinary Share,Nasdaq Global Market,N,100
NODK,"NI Holdings, Inc. - Common Stock",stock,Common Stock,Nasdaq Capital Market,N,100
NOEM,CO2 Energy Transition Corp. - Common Stock,stock,Common Stock,Nasdaq Global Market,N,100
NOEMR,CO2 Energy Transition Corp. - Right,stock,Right,Nasdaq Global Market,N,100
NOEMU,CO2 Energy Transition Corp. - Unit,stock,Unit,Nasdaq Global Market,N,100
NOEMW,CO2 Energy Transition Corp. - Warrant,stock,Warrant,Nasdaq Global Market,N,100
NOMA,NOMADAR Corp. - Class A Common Stock,stock,Common Stock,Nasdaq Capital Market,N,100
NOVT,Novanta Inc. - Common Shares,stock,Common Stock,Nasdaq Global Select Market,N,100
NOVTU,Novanta Inc. - Tangible Equity Units,stock,Unit,Nasdaq Global Select Market,N,100
NOWL,GraniteShares 2x Long NOW Daily ETF,etf,ETF,Nasdaq Global Market,N,100
NPAC,New Providence Acquisition Corp. III - Ordinary Shares,stock,Ordinary Share,Nasdaq Global Market,N,100
NPACU,New Providence Acquisition Corp. III - Units,stock,Unit,Nasdaq Global Market,N,100
NPACW,New Providence Acquisition Corp. III - Warrants,stock,Warrant,Nasdaq Global Market,N,100
NPCE,"Neuropace, Inc. - Common Stock",stock,Common Stock,Nasdaq Global Market,N,100
NPFI,Nuveen Preferred and Income ETF,etf,ETF,Nasdaq Global Market,N,100
NPT,Texxon Holding Limited - Ordinary shares,stock,Ordinary Share,Nasdaq Capital Market,N,100
NRC,NRC Health - Common Stock,stock,Common Stock,Nasdaq Global Select Market,N,100
NRDS,"NerdWallet, Inc. - Class A Common Stock",stock,Common Stock,Nasdaq Global Market,N,100
NRES,Xtrackers RREEF Global Natural Resources ETF,etf,ETF,Nasdaq Global Market,N,100
NRIM,Northrim BanCorp Inc - Common Stock,stock,Common Stock,Nasdaq Global Select Market,N,100
NRIX,"Nurix Therapeutics, Inc. - Common stock",stock,Common Stock,Nasdaq Global Market,N,100
NRSN,NeuroSense Therapeutics Ltd. - Ordinary Shares,stock,Ordinary Share,Nasdaq Capital Market,D,100
NRSNW,NeuroSense Therapeutics Ltd. - Warrant,stock,Warrant,Nasdaq Capital Market,D,100
NRXP,"NRX Pharmaceuticals, Inc. - Common Stock",stock,Common Stock,Nasdaq Capital Market,N,100
NSI,National Security Emerging Markets Index ETF,etf,ETF,Nasdaq Global Market,N,100
NSIT,"Insight Enterprises, Inc. - Common Stock",stock,Common Stock,Nasdaq Global Select Market,N,100
NSLR,Neostellar Capital Corp. - Closed End Fund,stock,Closed-End Fund,Nasdaq Global Select Market,N,100
NSLRL,Neostellar Capital Corp. - 6.00% Notes due 2026,stock,Nasdaq Listed Security,Nasdaq Global Market,N,100
NSPR,InspireMD Inc. - Common Stock,stock,Common Stock,Nasdaq Capital Market,D,100
NSSC,"NAPCO Security Technologies, Inc. - Common Stock",stock,Common Stock,Nasdaq Global Select Market,N,100
NSTS,"NSTS Bancorp, Inc. - Common Stock",stock,Common Stock,Nasdaq Capital Market,N,100
NSYS,Nortech Systems Incorporated - Common Stock,stock,Common Stock,Nasdaq Capital Market,N,100
NTAL,GraniteShares 2x Long NTAP Daily ETF,etf,ETF,Nasdaq Global Market,N,100
NTAP,"NetApp, Inc. - Common Stock",stock,Common Stock,Nasdaq Global Select Market,N,100
NTCL,NETCLASS TECHNOLOGY INC - Class A Ordinary Shares,stock,Ordinary Share,Nasdaq Capital Market,N,100
NTCT,"NetScout Systems, Inc. - Common Stock",stock,Common Stock,Nasdaq Global Select Market,N,100
NTES,"NetEase, Inc. - American Depositary Shares, each representing 5 ordinary shares",stock,Depositary Share,Nasdaq Global Select Market,N,100
NTGR,"NETGEAR, Inc. - Common Stock",stock,Common Stock,Nasdaq Global Select Market,N,100
NTHI,"NeOnc Technologies Holdings, Inc. - Common Stock",stock,Common Stock,Nasdaq Global Market,N,100
NTIC,Northern Technologies International Corporation - Common Stock,stock,Common Stock,Nasdaq Global Market,N,100
NTLA,"Intellia Therapeutics, Inc. - Common Stock",stock,Common Stock,Nasdaq Global Market,N,100
NTNX,"Nutanix, Inc. - Class A Common Stock",stock,Common Stock,Nasdaq Global Select Market,N,100
NTRA,"Natera, Inc. - Common Stock",stock,Common Stock,Nasdaq Global Select Market,N,100
NTRB,Nutriband Inc. - Common Stock,stock,Common Stock,Nasdaq Capital Market,N,100
NTRBW,Nutriband Inc. - Warrant,stock,Warrant,Nasdaq Capital Market,N,100
NTRP,"NextTrip, Inc. - Common Stock",stock,Common Stock,Nasdaq Capital Market,N,100
NTRS,Northern Trust Corporation - Common Stock,stock,Common Stock,Nasdaq Global Select Market,N,100
NTRSO,"Northern Trust Corporation - Depositary Shares Each Representing a 1/1,000th Interest in a Share of Series E Non-Cumulative Perpetual Preferred Stock",stock,Preferred,Nasdaq Global Select Market,N,100
NTSK,"Netskope, Inc. - Class A Common Stock",stock,Common Stock,Nasdaq Global Select Market,N,100
NTWK,NETSOL Technologies Inc. - Common Stock,stock,Common Stock,Nasdaq Capital Market,N,100
NTWO,Newbury Street II Acquisition Corp - Class A Ordinary Shares,stock,Ordinary Share,Nasdaq Global Market,N,100
NTWOU,Newbury Street II Acquisition Corp - Unit,stock,Unit,Nasdaq Global Market,N,100
NTWOW,Newbury Street II Acquisition Corp - Warrant,stock,Warrant,Nasdaq Global Market,N,100
NUAI,"New Era Energy & Digital, Inc. - Common Stock",stock,Common Stock,Nasdaq Global Market,N,100
NUAIW,"New Era Energy & Digital, Inc. - Warrants",stock,Warrant,Nasdaq Capital Market,N,100
NUCL,Eagle Nuclear Energy Corp. - Common stock,stock,Common Stock,Nasdaq Capital Market,N,100
NUCLW,Eagle Nuclear Energy Corp. - Warrants,stock,Warrant,Nasdaq Capital Market,N,100
NUG,Leverage Shares 2X Long NU Daily ETF,etf,ETF,Nasdaq Global Market,N,100
NUGY,GraniteShares YieldBOOST Gold Miners ETF,etf,ETF,Nasdaq Global Market,N,100
NUIF,Nuveen US Infrastructure ETF,etf,ETF,Nasdaq Global Market,N,100
NUSB,Nuveen Ultra Short Income ETF,etf,ETF,Nasdaq Global Market,N,100
NUTR,Nusatrip Incorporated - Common Stock,stock,Common Stock,Nasdaq Capital Market,E,100
NUTX,Nutex Health Inc. - Common Stock,stock,Common Stock,Nasdaq Capital Market,N,100
NUWE,"Nuwellis, Inc. - Common Stock",stock,Common Stock,Nasdaq Capital Market,N,100
NVAX,"Novavax, Inc. - Common Stock",stock,Common Stock,Nasdaq Global Select Market,N,100
NVCR,NovoCure Limited - Ordinary Shares,stock,Ordinary Share,Nasdaq Global Select Market,N,100
NVCT,"Nuvectis Pharma, Inc. - Common Stock",stock,Common Stock,Nasdaq Capital Market,N,100
NVD,GraniteShares 2x Short NVDA Daily ETF,etf,ETF,Nasdaq Global Market,N,100
NVDA,NVIDIA Corporation - Common Stock,stock,Common Stock,Nasdaq Global Select Market,N,100
NVDD,Direxion Daily NVDA Bear 1X ETF,etf,ETF,Nasdaq Global Market,N,100
NVDG,Leverage Shares 2X Long NVDA Daily ETF,etf,ETF,Nasdaq Global Market,N,100
NVDL,GraniteShares 2x Long NVDA Daily ETF,etf,ETF,Nasdaq Global Market,N,100
NVDS,Tradr 1.5X Short NVDA Daily ETF,etf,ETF,Nasdaq Global Market,N,100
NVDU,Direxion Daily NVDA Bull 2X ETF,etf,ETF,Nasdaq Global Market,N,100
NVEC,NVE Corporation - Common Stock,stock,Common Stock,Nasdaq Capital Market,N,100
NVMI,Nova Ltd. - Ordinary Shares,stock,Ordinary Share,Nasdaq Global Select Market,N,40
NVNI,Nvni Group Limited - Ordinary Shares,stock,Ordinary Share,Nasdaq Capital Market,D,100
NVNIW,Nvni Group Limited - Warrants,stock,Warrant,Nasdaq Capital Market,D,100
NVNO,enVVeno Medical Corporation - Common Stock,stock,Common Stock,Nasdaq Capital Market,N,100
NVPS,PurePlay Nvidia Ecosystem Picks & Shovels Index ETF,etf,ETF,Nasdaq Global Market,N,100
NVTS,Navitas Semiconductor Corporation - Common Stock,stock,Common Stock,Nasdaq Global Market,N,100
NVX,NOVONIX Limited - American Depository Shares,stock,Nasdaq Listed Security,Nasdaq Global Market,D,100
NVYY,GraniteShares YieldBOOST NVDA ETF,etf,ETF,Nasdaq Global Market,N,100
NWBI,"Northwest Bancshares, Inc. - Common Stock",stock,Common Stock,Nasdaq Global Select Market,N,100
NWE,"NorthWestern Energy Group, Inc.  - Common Stock",stock,Common Stock,Nasdaq Global Select Market,N,100
NWFL,Norwood Financial Corp. - Common Stock,stock,Common Stock,Nasdaq Global Market,N,100
NWGL,CL Workshop Group Limited - American Depositary Shares,stock,Depositary Share,Nasdaq Capital Market,D,100
NWL,Newell Brands Inc. - Common Stock,stock,Common Stock,Nasdaq Global Select Market,N,100
NWPX,"NWPX Infrastructure, Inc. - Common Stock",stock,Common Stock,Nasdaq Global Select Market,N,100
NWS,News Corporation - Class B Common Stock,stock,Common Stock,Nasdaq Global Select Market,N,100
NWSA,News Corporation - Class A Common Stock,stock,Common Stock,Nasdaq Global Select Market,N,100
NWTG,"Newton Golf Company, Inc. - Common Stock",stock,Common Stock,Nasdaq Capital Market,D,100
NXGL,"NexGel, Inc - Common Stock",stock,Common Stock,Nasdaq Capital Market,D,100
NXGLW,"NexGel, Inc - Warrant",stock,Warrant,Nasdaq Capital Market,N,100
NXL,"Nexalin Technology, Inc. - Common Stock",stock,Common Stock,Nasdaq Capital Market,D,100
NXPI,NXP Semiconductors N.V. - Common Stock,stock,Common Stock,Nasdaq Global Select Market,N,100
NXPL,NextPlat Corp - Common Stock,stock,Common Stock,Nasdaq Capital Market,N,100
NXST,"Nexstar Media Group, Inc. - Common Stock",stock,Common Stock,Nasdaq Global Select Market,N,100
NXT,Nextpower Inc. - Class A Common Stock,stock,Common Stock,Nasdaq Global Select Market,N,100
NXTC,"NextCure, Inc. - Common Stock",stock,Common Stock,Nasdaq Global Select Market,N,100
NXTG,First Trust Indxx NextG ETF,etf,ETF,Nasdaq Global Market,N,100
NXTS,Nexentis Technologies Inc. - Common Stock,stock,Common Stock,Nasdaq Capital Market,N,100
NXTT,Next Technology Holding Inc. - Ordinary Shares,stock,Ordinary Share,Nasdaq Capital Market,N,100
NXXT,"NextNRG, Inc. - Common Stock",stock,Common Stock,Nasdaq Capital Market,D,100
NYAX,Nayax Ltd. - Ordinary Shares,stock,Ordinary Share,Nasdaq Global Select Market,N,100
NYXH,Nyxoah SA - Ordinary Shares,stock,Ordinary Share,Nasdaq Global Market,N,100
NZAC,State Street SPDR MSCI ACWI Climate Paris Aligned ETF,etf,ETF,Nasdaq Global Market,N,100
OABI,"OmniAb, Inc. - Common Stock",stock,Common Stock,Nasdaq Global Market,N,100
OABIW,"OmniAb, Inc. - Warrant",stock,Warrant,Nasdaq Capital Market,N,100
OACC,Oaktree Acquisition Corp. III Life Sciences - Class A Ordinary Share,stock,Ordinary Share,Nasdaq Global Market,N,100
OACCU,Oaktree Acquisition Corp. III Life Sciences - Unit,stock,Unit,Nasdaq Global Market,N,100
OACCW,Oaktree Acquisition Corp. III Life Sciences - Warrant,stock,Warrant,Nasdaq Global Market,N,100
OBA,Oxley Bridge Acquisition Limited - Class A Ordinary Shares,stock,Ordinary Share,Nasdaq Global Market,N,100
OBAI,"Our Bond, Inc. - Common Stock",stock,Bond,Nasdaq Global Market,D,100
OBAWU,Oxley Bridge Acquisition Limited - Unit,stock,Unit,Nasdaq Global Market,N,100
OBAWW,Oxley Bridge Acquisition Limited - Warrants,stock,Warrant,Nasdaq Global Market,N,100
OBIL,US Treasury 12 Month Bill ETF,etf,ETF,Nasdaq Global Market,N,100
OBIO,"Orchestra BioMed Holdings, Inc. - Ordinary Shares",stock,Ordinary Share,Nasdaq Global Market,N,100
OBT,"Orange County Bancorp, Inc. - Common Stock",stock,Common Stock,Nasdaq Capital Market,N,100
OBTC,Osprey Bitcoin Trust,etf,ETF,Nasdaq Global Market,N,100
OBX,"Obsidian Therapeutics, Inc. - Common Stock",stock,Common Stock,Nasdaq Capital Market,N,100
OCC,Optical Cable Corporation - Common Stock,stock,Common Stock,Nasdaq Global Market,N,100
OCCI,"OFS Credit Company, Inc. - Closed End Fund",stock,Closed-End Fund,Nasdaq Capital Market,N,100
OCCIM,"OFS Credit Company, Inc. - 7.875% Series F Term Preferred Stock",stock,Preferred,Nasdaq Capital Market,N,100
OCCIN,"OFS Credit Company, Inc. - 5.25% Series E Term Preferred Stock Due 2026",stock,Preferred,Nasdaq Capital Market,N,100
OCFC,OceanFirst Financial Corp. - Common Stock,stock,Common Stock,Nasdaq Global Select Market,N,100
OCG,Oriental Culture Holding LTD - Ordinary Shares,stock,Ordinary Share,Nasdaq Capital Market,N,100
OCGN,"Ocugen, Inc. - Common Stock",stock,Common Stock,Nasdaq Capital Market,N,100
OCS,Oculis Holding AG - Ordinary shares,stock,Ordinary Share,Nasdaq Global Market,N,100
OCSAW,Oculis Holding AG - Warrants,stock,Warrant,Nasdaq Global Market,N,100
OCSL,Oaktree Specialty Lending Corporation - Closed End Fund,stock,Closed-End Fund,Nasdaq Global Select Market,N,100
OCTV,Octave Intelligence plc - Class B Ordinary Shares,stock,Ordinary Share,Nasdaq Global Select Market,N,100
OCUL,"Ocular Therapeutix, Inc. - Common Stock",stock,Common Stock,Nasdaq Global Market,N,100
ODD,ODDITY Tech Ltd. - Class A Ordinary Shares,stock,Ordinary Share,Nasdaq Global Market,N,100
ODDS,Pacer BlueStar Digital Entertainment ETF,etf,ETF,Nasdaq Global Market,N,100
ODFL,"Old Dominion Freight Line, Inc. - Common Stock",stock,Common Stock,Nasdaq Global Select Market,N,100
ODTE,VegaShares SPX NDX RTY Premium Income ETF,etf,ETF,Nasdaq Global Market,N,100
ODTX,"Odyssey Therapeutics, Inc. - Common Stock",stock,Common Stock,Nasdaq Capital Market,N,100
ODYS,Odysight.ai Inc. - Common Stock,stock,Common Stock,Nasdaq Capital Market,N,100
OESX,"Orion Energy Systems, Inc. - Common Stock",stock,Common Stock,Nasdaq Capital Market,N,100
OFAL,OFA Group - Class A Ordinary Shares,stock,Ordinary Share,Nasdaq Capital Market,D,100
OFIX,Orthofix Medical Inc.  - Common Stock,stock,Common Stock,Nasdaq Global Select Market,N,100
OFLX,"Omega Flex, Inc. - Common Stock",stock,Common Stock,Nasdaq Global Market,N,100
OFS,OFS Capital Corporation - Closed End Fund,stock,Closed-End Fund,Nasdaq Global Select Market,N,100
OFSSH,OFS Capital Corporation - 4.95% Notes due 2028,stock,Nasdaq Listed Security,Nasdaq Global Select Market,N,100
OFSSO,OFS Capital Corporation - 7.50% Notes due 2028,stock,Nasdaq Listed Security,Nasdaq Global Market,N,100
OGGWZ,Osisko Gold Group Inc. - Warrant,stock,Warrant,Nasdaq Capital Market,N,100
OGI,Organigram Global Inc. - Common Shares,stock,Common Stock,Nasdaq Global Select Market,N,100
OHAC,Oceanhawk Acquisition Corp. - Class A Ordinary Shares,stock,Ordinary Share,Nasdaq Capital Market,N,100
OHACR,Oceanhawk Acquisition Corp. - Rights,stock,Right,Nasdaq Capital Market,N,100
OHACU,Oceanhawk Acquisition Corp. - Units,stock,Unit,Nasdaq Capital Market,N,100
OIM,OneIM Acquisition Corp. - Class A Ordinary Shares,stock,Ordinary Share,Nasdaq Global Market,N,100
OIMAU,OneIM Acquisition Corp. - Units,stock,Unit,Nasdaq Global Market,N,100
OIMAW,OneIM Acquisition Corp. - Warrant,stock,Warrant,Nasdaq Global Market,N,100
OIO,OIO Group - Ordinary Shares,stock,Ordinary Share,Nasdaq Capital Market,N,100
OIOWW,OIO Group - Warrants,stock,Warrant,Nasdaq Capital Market,N,100
OKLL,Defiance Daily Target 2x Long OKLO ETF,etf,ETF,Nasdaq Global Market,N,100
OKTA,"Okta, Inc. - Class A Common Stock",stock,Common Stock,Nasdaq Global Select Market,N,100
OKTG,Leverage Shares 2X Long OKTA Daily ETF,etf,ETF,Nasdaq Global Market,N,100
OKUR,"OnKure Therapeutics, Inc. - Class A Common Stock",stock,Common Stock,Nasdaq Global Market,N,100
OKYO,OKYO Pharma Limited - Ordinary Shares,stock,Ordinary Share,Nasdaq Capital Market,N,100
OLB,"The OLB Group, Inc. - Common Stock",stock,Common Stock,Nasdaq Capital Market,D,100
OLED,Universal Display Corporation - Common Stock,stock,Common Stock,Nasdaq Global Select Market,N,100
OLLI,"Ollie's Bargain Outlet Holdings, Inc. - Common Stock",stock,Common Stock,Nasdaq Global Market,N,100
OLMA,"Olema Pharmaceuticals, Inc. - Common Stock",stock,Common Stock,Nasdaq Global Select Market,N,100
OLOX,Olenox Industries Inc. - Common Stock,stock,Common Stock,Nasdaq Capital Market,N,100
OM,"Outset Medical, Inc. - Common Stock",stock,Common Stock,Nasdaq Global Select Market,N,100
OMAB,Grupo Aeroportuario del Centro Norte S.A.B. de C.V. - American Depositary Shares each representing 8 Series B shares,stock,Depositary Share,Nasdaq Global Select Market,N,100
OMCL,"Omnicell, Inc. - Common Stock",stock,Common Stock,Nasdaq Global Select Market,N,100
OMDA,"Omada Health, Inc. - Common Stock",stock,Common Stock,Nasdaq Global Select Market,N,100
OMER,Omeros Corporation - Common Stock,stock,Common Stock,Nasdaq Global Market,N,100
OMEX,"Odyssey Marine Exploration, Inc. - Common Stock",stock,Common Stock,Nasdaq Capital Market,D,100
OMH,Ohmyhome Limited - Class A Ordinary Shares,stock,Ordinary Share,Nasdaq Capital Market,D,100
OMSE,OMS Energy Technologies Inc. - Ordinary Shares,stock,Ordinary Share,Nasdaq Capital Market,N,100
ON,ON Semiconductor Corporation - Common Stock,stock,Common Stock,Nasdaq Global Select Market,N,100
ONB,Old National Bancorp - Common Stock,stock,Common Stock,Nasdaq Global Select Market,N,100
ONBPO,"Old National Bancorp - Depositary Shares, Each Representing a 1/40th Interest in a Share of Series C Preferred Stock",stock,Preferred,Nasdaq Global Select Market,N,100
ONBPP,"Old National Bancorp - Depositary Shares, Each Representing a 1/40th Interest in a Share of Series A Preferred Stock",stock,Preferred,Nasdaq Global Select Market,N,100
ONC,BeOne Medicines Ltd. - American Depositary Shares,stock,Depositary Share,Nasdaq Global Select Market,N,40
ONCH,1RT Acquisition Corp. - Class A Ordinary Share,stock,Ordinary Share,Nasdaq Global Market,N,100
ONCHU,1RT Acquisition Corp. - Units,stock,Unit,Nasdaq Global Market,N,100
ONCHW,1RT Acquisition Corp. - Warrant,stock,Warrant,Nasdaq Global Market,N,100
ONCO,"Onconetix, Inc.  - Common Stock",stock,Common Stock,Nasdaq Capital Market,N,100
ONCY,Oncolytics Biotech Inc. - Common Stock,stock,Common Stock,Nasdaq Capital Market,D,100
ONDG,Leverage Shares 2X Long ONDS Daily ETF,etf,ETF,Nasdaq Global Market,N,100
ONDS,Ondas Inc - Common Stock,stock,Common Stock,Nasdaq Capital Market,N,100
ONEG,OneConstruction Group Limited - Ordinary Shares,stock,Ordinary Share,Nasdaq Capital Market,N,100
ONEQ,Fidelity Nasdaq Composite Index ETF,etf,ETF,Nasdaq Global Market,N,100
ONEW,OneWater Marine Inc. - Class A Common Stock,stock,Common Stock,Nasdaq Global Market,N,100
ONFO,Onfolio Holdings Inc. - Common Stock,stock,Common Stock,Nasdaq Capital Market,D,100
ONFOW,Onfolio Holdings Inc. - Warrant,stock,Warrant,Nasdaq Capital Market,D,100
ONMD,OneMedNet Corp - Class A Common Stock,stock,Common Stock,Nasdaq Capital Market,D,100
ONMDW,OneMedNet Corp - Warrant,stock,Warrant,Nasdaq Capital Market,N,100
OPAL,OPAL Fuels Inc. - Class A Common Stock,stock,Common Stock,Nasdaq Capital Market,N,100
OPBK,OP Bancorp - Common Stock,stock,Common Stock,Nasdaq Global Market,N,100
OPCH,"Option Care Health, Inc. - Common Stock",stock,Common Stock,Nasdaq Global Select Market,N,100
OPEG,Leverage Shares 2X Long OPEN Daily ETF,etf,ETF,Nasdaq Global Market,N,100
OPEN,Opendoor Technologies Inc  - Common Stock,stock,Common Stock,Nasdaq Global Select Market,N,100
OPENL,"Opendoor Technologies Inc  - Series A Warrants, each whole warrant exercisable to purchase one share of Common Stock at an exercise price of $13.00 per warrant",stock,Warrant,Nasdaq Global Select Market,N,100
OPENW,"Opendoor Technologies Inc  - Series K Warrants, each whole warrant exercisable to purchase one share of Common Stock at an exercise price of $9.00 per warrant",stock,Warrant,Nasdaq Global Select Market,N,100
OPENZ,"Opendoor Technologies Inc  - Series Z Warrants, each whole warrant exercisable to purchase one share of Common Stock at an exercise price of $17.00 per warrant",stock,Warrant,Nasdaq Global Select Market,N,100
OPI,Office Properties Income Trust - Common shares of beneficial interest,stock,Common Stock,Nasdaq Capital Market,N,100
OPK,"Opko Health, Inc. - Common Stock",stock,Common Stock,Nasdaq Global Select Market,N,100
OPPJ,WisdomTree Japan Opportunities Fund,etf,ETF,Nasdaq Global Market,N,100
OPRA,Opera Limited - American Depositary Shares,stock,Depositary Share,Nasdaq Global Select Market,N,100
OPRT,Oportun Financial Corporation - common stock,stock,Common Stock,Nasdaq Global Select Market,N,100
OPRX,OptimizeRx Corporation - Common Stock,stock,Common Stock,Nasdaq Capital Market,N,100
OPTH,Optimi Health Corp. - Common Shares,stock,Common Stock,Nasdaq Capital Market,N,100
OPTX,"Syntec Optics Holdings, Inc. - Class A Common Stock",stock,Common Stock,Nasdaq Capital Market,N,100
OPTXW,"Syntec Optics Holdings, Inc. - Warrant",stock,Warrant,Nasdaq Capital Market,N,100
OPTZ,Optimize Strategy Index ETF,etf,ETF,Nasdaq Global Market,N,100
OPXS,"Optex Systems Holdings, Inc. - Common Stock",stock,Common Stock,Nasdaq Capital Market,N,100
ORBS,Eightco Holdings Inc. - Common Stock,stock,Common Stock,Nasdaq Capital Market,N,100
ORBX,Global X Space Tech ETF,etf,ETF,Nasdaq Global Market,N,100
ORCS,Direxion Daily ORCL Bear 1X ETF,etf,ETF,Nasdaq Global Market,N,100
ORCU,Direxion Daily ORCL Bull 2X ETF,etf,ETF,Nasdaq Global Market,N,100
ORCX,Defiance Daily Target 2X Long ORCL ETF,etf,ETF,Nasdaq Global Market,N,100
ORGO,Organogenesis Holdings Inc.  - Class A,stock,Nasdaq Listed Security,Nasdaq Capital Market,N,100
ORIC,"Oric Pharmaceuticals, Inc. - Common Stock",stock,Common Stock,Nasdaq Global Select Market,N,100
ORIO,Orion Digital Corp. - Common Shares,stock,Common Stock,Nasdaq Capital Market,D,100
ORIQ,Origin Investment Corp I - Ordinary Shares,stock,Ordinary Share,Nasdaq Global Market,N,100
ORIQU,Origin Investment Corp I - Units,stock,Unit,Nasdaq Global Market,N,100
ORIQW,Origin Investment Corp I - Redeemable Warrant,stock,Warrant,Nasdaq Global Market,N,100
ORKA,"Oruka Therapeutics, Inc. - Common Stock",stock,Common Stock,Nasdaq Global Market,N,100
ORKT,Orangekloud Technology Inc. - Class A Ordinary Shares,stock,Ordinary Share,Nasdaq Capital Market,N,100
ORLY,"O'Reilly Automotive, Inc. - Common Stock",stock,Common Stock,Nasdaq Global Select Market,N,100
ORMP,Oramed Pharmaceuticals Inc. - Common Stock,stock,Common Stock,Nasdaq Capital Market,N,100
ORR,Militia Long/Short Equity ETF,etf,ETF,Nasdaq Global Market,N,100
ORRF,"Orrstown Financial Services, Inc. - Common Stock",stock,Common Stock,Nasdaq Capital Market,N,100
OSBC,"Old Second Bancorp, Inc. - Common Stock",stock,Common Stock,Nasdaq Global Select Market,N,100
OSCX,Defiance Daily Target 2x Long OSCR ETF,etf,ETF,Nasdaq Global Market,N,100
OSIS,"OSI Systems, Inc. - Common Stock",stock,Common Stock,Nasdaq Global Select Market,N,40
OSPN,OneSpan Inc. - Common Stock,stock,Common Stock,Nasdaq Capital Market,N,100
OSPRU,Osprey Acquisition Corp. III - Units,stock,Unit,Nasdaq Global Market,N,100
OSRH,"OSR Health, Inc. - Common Stock",stock,Common Stock,Nasdaq Capital Market,D,100
OSRHW,"OSR Health, Inc. - Warrant",stock,Warrant,Nasdaq Capital Market,N,100
OSS,"One Stop Systems, Inc. - Common Stock",stock,Common Stock,Nasdaq Capital Market,N,100
OST,"Ostin Technology Group Co., Ltd. - Class A Ordinary Shares",stock,Ordinary Share,Nasdaq Capital Market,N,100
OSUR,"OraSure Technologies, Inc. - Common Stock",stock,Common Stock,Nasdaq Global Select Market,N,100
OSW,OneSpaWorld Holdings Limited - Common Shares,stock,Common Stock,Nasdaq Capital Market,N,100
OTEX,Open Text Corporation - Common Shares,stock,Common Stock,Nasdaq Global Select Market,N,100
OTGA,OTG Acquisition Corp. I - Class A Ordinary Share,stock,Ordinary Share,Nasdaq Global Market,N,100
OTGAU,OTG Acquisition Corp. I - Unit,stock,Unit,Nasdaq Global Market,N,100
OTGAW,OTG Acquisition Corp. I - Warrants,stock,Warrant,Nasdaq Global Market,N,100
OTGL,OTG Latin America ETF,etf,ETF,Nasdaq Global Market,N,100
OTLK,"Outlook Therapeutics, Inc. - Common Stock",stock,Common Stock,Nasdaq Capital Market,N,100
OTLY,Oatly Group AB - American Depositary Shares,stock,Depositary Share,Nasdaq Global Select Market,N,100
OTTR,Otter Tail Corporation - Common Stock,stock,Common Stock,Nasdaq Global Select Market,N,100
OUST,"Ouster, Inc. - Common Stock",stock,Common Stock,Nasdaq Global Select Market,N,100
OVBC,Ohio Valley Banc Corp. - Common Stock,stock,Common Stock,Nasdaq Global Market,N,100
OVID,Ovid Therapeutics Inc. - Common Stock,stock,Common Stock,Nasdaq Capital Market,N,100
OVLY,Oak Valley Bancorp (CA) - Common Stock,stock,Common Stock,Nasdaq Capital Market,N,100
OWLS,OBOOK Holdings Inc. - Class A Common Shares,stock,Common Stock,Nasdaq Global Market,N,100
OXBR,Oxbridge Re Holdings Limited - Ordinary Shares,stock,Ordinary Share,Nasdaq Capital Market,N,100
OXBRW,Oxbridge Re Holdings Limited - Warrant,stock,Warrant,Nasdaq Capital Market,N,100
OXLC,Oxford Lane Capital Corp. - Closed End Fund,stock,Closed-End Fund,Nasdaq Global Select Market,N,100
OXLCG,Oxford Lane Capital Corp. - 7.95% Notes due 2032,stock,Nasdaq Listed Security,Nasdaq Global Select Market,N,100
OXLCI,Oxford Lane Capital Corp. - 8.75% Notes due 2030,stock,Nasdaq Listed Security,Nasdaq Global Select Market,N,100
OXLCL,Oxford Lane Capital Corp. - 6.75% Notes due 2031,stock,Nasdaq Listed Security,Nasdaq Global Select Market,N,100
OXLCM,"Oxford Lane Capital Corp. - Preferred Stock Shares, 8.25% Series 2031",stock,Preferred,Nasdaq Global Select Market,N,100
OXLCN,Oxford Lane Capital Corp. - 7.125% Series 2029 Term Preferred Stock,stock,Preferred,Nasdaq Global Select Market,N,100
OXLCO,"Oxford Lane Capital Corp. - Preferred Stock Shares, 6.00% Series 2029",stock,Preferred,Nasdaq Global Select Market,N,100
OXLCZ,Oxford Lane Capital Corp. - 5.00% Notes due 2027,stock,Nasdaq Listed Security,Nasdaq Global Select Market,N,100
OXSQ,Oxford Square Capital Corp. - Closed End Fund,stock,Closed-End Fund,Nasdaq Global Select Market,N,100
OXSQG,Oxford Square Capital Corp. - 5.50% Notes due 2028,stock,Nasdaq Listed Security,Nasdaq Global Select Market,N,100
OXSQH,Oxford Square Capital Corp. - 7.75% Notes due 2030,stock,Nasdaq Listed Security,Nasdaq Global Select Market,N,100
OYSE,Oyster Enterprises II Acquisition Corp - Class A Ordinary Shares,stock,Ordinary Share,Nasdaq Global Market,N,100
OYSER,Oyster Enterprises II Acquisition Corp - Rights,stock,Right,Nasdaq Global Market,N,100
OYSEU,Oyster Enterprises II Acquisition Corp - Units,stock,Unit,Nasdaq Global Market,N,100
OZEM,Roundhill GLP-1 & Weight Loss ETF,etf,ETF,Nasdaq Global Market,N,100
OZK,Bank OZK - Common Stock,stock,Common Stock,Nasdaq Global Select Market,N,100
OZKAP,Bank OZK - 4.625% Series A Non-Cumulative Perpetual Preferred Stock,stock,Preferred,Nasdaq Global Select Market,N,100
PAA,"Plains All American Pipeline, L.P. - Common Units representing Limited Partner Interests",stock,Unit,Nasdaq Global Select Market,N,100
PAAC,Proem Acquisition Corp I - Ordinary Shares,stock,Ordinary Share,Nasdaq Global Market,N,100
PAACU,Proem Acquisition Corp I - Units,stock,Unit,Nasdaq Global Market,N,100
PAACW,Proem Acquisition Corp I - Warrants,stock,Warrant,Nasdaq Global Market,N,100
PABD,iShares Paris-Aligned Climate Optimized MSCI World ex USA ETF,etf,ETF,Nasdaq Global Market,N,100
PABU,iShares Paris-Aligned Climate Optimized MSCI USA ETF,etf,ETF,Nasdaq Global Market,N,100
PACB,"Pacific Biosciences of California, Inc. - Common Stock",stock,Common Stock,Nasdaq Global Select Market,N,100
PACH,Pioneer Acquisition I Corp - Class A Ordinary Shares,stock,Ordinary Share,Nasdaq Global Market,N,100
PACHU,Pioneer Acquisition I Corp - Units,stock,Unit,Nasdaq Global Market,N,100
PACHW,Pioneer Acquisition I Corp - Warrants,stock,Warrant,Nasdaq Global Market,N,100
PAGP,"Plains GP Holdings, L.P. - Class A Shares representing limited partner interests",stock,Nasdaq Listed Security,Nasdaq Global Select Market,N,100
PAHC,Phibro Animal Health Corporation - Class A Common Stock,stock,Common Stock,Nasdaq Global Market,N,100
PAL,"Proficient Auto Logistics, Inc. - Common Stock",stock,Common Stock,Nasdaq Global Select Market,N,100
PALD,Direxion Daily PANW Bear 1X ETF,etf,ETF,Nasdaq Global Market,N,100
PALI,"Palisade Bio, Inc. - Common Stock",stock,Common Stock,Nasdaq Capital Market,N,100
PALO,Paloma Acquisition Corp I - Class A Ordinary Shares,stock,Ordinary Share,Nasdaq Global Market,N,100
PALOU,Paloma Acquisition Corp I - Units,stock,Unit,Nasdaq Global Market,N,100
PALOW,Paloma Acquisition Corp I - Warrants,stock,Warrant,Nasdaq Global Market,N,100
PALU,Direxion Daily PANW Bull 2X ETF,etf,ETF,Nasdaq Global Market,N,100
PAMT,PAMT CORP - Common Stock,stock,Common Stock,Nasdaq Global Market,N,100
PANG,Leverage Shares 2X Long PANW Daily ETF,etf,ETF,Nasdaq Global Market,N,100
PANL,Pangaea Logistics Solutions Ltd. - Common Stock,stock,Common Stock,Nasdaq Capital Market,N,100
PANW,"Palo Alto Networks, Inc. - Common Stock",stock,Common Stock,Nasdaq Global Select Market,N,100
PARK,"Park Dental Partners, Inc. - Common Stock",stock,Common Stock,Nasdaq Capital Market,N,100
PASG,"Passage Bio, Inc. - Common Stock",stock,Common Stock,Nasdaq Capital Market,N,100
PASW,"Ping An Biomedical Co., Ltd. - Class A Ordinary Shares",stock,Ordinary Share,Nasdaq Capital Market,D,100
PATK,"Patrick Industries, Inc. - Common Stock",stock,Common Stock,Nasdaq Global Select Market,N,100
PATN,Pacer Nasdaq International Patent Leaders ETF,etf,ETF,Nasdaq Global Market,N,100
PAVM,PAVmed Inc. - Common Stock,stock,Common Stock,Nasdaq Capital Market,N,100
PAVS,Paranovus Entertainment Technology Ltd. - Class A Ordinary Shares,stock,Ordinary Share,Nasdaq Capital Market,N,100
PAX,Patria Investments Limited - Class A Common Shares,stock,Common Stock,Nasdaq Global Select Market,N,100
PAYO,Payoneer Global Inc. - Common Stock,stock,Common Stock,Nasdaq Global Market,N,100
PAYP,PayPay Corporation - American Depository Shares,stock,Nasdaq Listed Security,Nasdaq Global Select Market,N,100
PAYS,"Paysign, Inc. - Common Stock",stock,Common Stock,Nasdaq Capital Market,N,100
PAYX,"Paychex, Inc. - Common Stock",stock,Common Stock,Nasdaq Global Select Market,N,100
PBAM,"Private Bancorp of America, Inc. - Common Stock",stock,Common Stock,Nasdaq Global Select Market,N,100
PBEU,Portfolio Building Block European Banks Index ETF,etf,ETF,Nasdaq Global Market,N,100
PBFS,"Pioneer Bancorp, Inc. - Common Stock",stock,Common Stock,Nasdaq Capital Market,N,100
PBHC,"Pathfinder Bancorp, Inc. - Common Stock",stock,Common Stock,Nasdaq Capital Market,N,100
PBK,PowerBank Corporation - Common Stock,stock,Common Stock,Nasdaq Global Market,D,100
PBLS,"Parabilis Medicines, Inc. - Common Stock",stock,Common Stock,Nasdaq Global Select Market,N,100
PBM,Psyence Biomedical Ltd. - Common Shares,stock,Common Stock,Nasdaq Capital Market,N,100
PBMWW,Psyence Biomedical Ltd. - Warrant,stock,Warrant,Nasdaq Capital Market,N,100
PBOG,Portfolio Building Block Integrated Oil and Gas and Exploration and Production Index ETF,etf,ETF,Nasdaq Global Market,N,100
PBPH,Portfolio Building Block World Pharma and Biotech Index ETF,etf,ETF,Nasdaq Global Market,N,100
PBQQ,PGIM Laddered Nasdaq-100 Buffer 12 ETF,etf,ETF,Nasdaq Global Market,N,100
PBRG,Leverage Shares 2X Long PBR Daily ETF,etf,ETF,Nasdaq Global Market,N,100
PBSC,Pacer Barings Secured Credit Flex ETF,etf,ETF,Nasdaq Global Market,N,100
PBYI,Puma Biotechnology Inc - Common Stock,stock,Common Stock,Nasdaq Global Select Market,N,100
PC,Premium Catering (Holdings) Limited - Ordinary Shares,stock,Ordinary Share,Nasdaq Capital Market,N,100
PCAP,ProCap Acquisition Corp - Class A Ordinary Shares,stock,Ordinary Share,Nasdaq Global Market,N,100
PCAPU,ProCap Acquisition Corp - Unit,stock,Unit,Nasdaq Global Market,N,100
PCAPW,ProCap Acquisition Corp - Warrant,stock,Warrant,Nasdaq Global Market,N,100
PCAR,PACCAR Inc. - Common Stock,stock,Common Stock,Nasdaq Global Select Market,N,100
PCB,PCB Bancorp - Common Stock,stock,Common Stock,Nasdaq Global Select Market,N,100
PCLA,PicoCELA Inc. - American Depositary Shares,stock,Depositary Share,Nasdaq Capital Market,N,100
PCMM,BondBloxx Private Credit CLO ETF,etf,ETF,Nasdaq Global Market,N,100
PCPI,PIMCO Inflation PLUS Active Exchange-Traded Fund,etf,ETF,Nasdaq Global Market,N,100
PCRX,"Pacira BioSciences, Inc. - Common Stock",stock,Common Stock,Nasdaq Global Select Market,N,100
PCSA,"Processa Pharmaceuticals, Inc. - Common Stock",stock,Common Stock,Nasdaq Capital Market,N,100
PCT,"PureCycle Technologies, Inc. - Common stock",stock,Common Stock,Nasdaq Capital Market,N,100
PCTTU,"PureCycle Technologies, Inc. - Unit",stock,Unit,Nasdaq Capital Market,N,100
PCTTW,"PureCycle Technologies, Inc. - Warrant",stock,Warrant,Nasdaq Capital Market,N,100
PCTY,Paylocity Holding Corporation - Common Stock,stock,Common Stock,Nasdaq Global Select Market,N,100
PCVX,"Vaxcyte, Inc. - Common Stock",stock,Common Stock,Nasdaq Global Select Market,N,100
PCYO,Pure Cycle Corporation - Common Stock,stock,Common Stock,Nasdaq Capital Market,N,100
PDBA,Invesco Agriculture Commodity Strategy No K-1 ETF,etf,ETF,Nasdaq Global Market,N,100
PDBC,Invesco Optimum Yield Diversified Commodity Strategy No K-1 ETF,etf,ETF,Nasdaq Global Market,N,100
PDC,Perpetuals.com Ltd - American Depositary Shares,stock,Depositary Share,Nasdaq Capital Market,N,100
PDD,PDD Holdings Inc. - American Depositary Shares,stock,Depositary Share,Nasdaq Global Select Market,N,100
PDDL,GraniteShares 2x Long PDD Daily ETF,etf,ETF,Nasdaq Global Market,N,100
PDEX,"Pro-Dex, Inc. - Common Stock",stock,Common Stock,Nasdaq Capital Market,N,100
PDFS,"PDF Solutions, Inc. - Common Stock",stock,Common Stock,Nasdaq Global Select Market,N,100
PDLB,"Ponce Financial Group, Inc. - Common Stock",stock,Common Stock,Nasdaq Global Market,N,100
PDP,Invesco Dorsey Wright Momentum ETF,etf,ETF,Nasdaq Global Market,N,100
PDSB,PDS Biotechnology Corporation - Common Stock,stock,Common Stock,Nasdaq Capital Market,N,100
PDYN,Palladyne AI Corp. - Common stock,stock,Common Stock,Nasdaq Global Market,N,100
PDYNW,Palladyne AI Corp. - Warrant,stock,Warrant,Nasdaq Global Market,N,100
PEBK,"Peoples Bancorp of North Carolina, Inc. - Common Stock",stock,Common Stock,Nasdaq Global Market,N,100
PEBO,Peoples Bancorp Inc. - Common Stock,stock,Common Stock,Nasdaq Global Select Market,N,100
PECE,Peace Acquisition Corp - Ordinary Shares,stock,Ordinary Share,Nasdaq Capital Market,N,100
PECER,Peace Acquisition Corp - Right,stock,Right,Nasdaq Capital Market,N,100
PECEU,Peace Acquisition Corp - Units,stock,Unit,Nasdaq Capital Market,N,100
PECEW,Peace Acquisition Corp - Warrant,stock,Warrant,Nasdaq Capital Market,N,100
PECO,"Phillips Edison & Company, Inc. - Common Stock",stock,Common Stock,Nasdaq Global Select Market,N,100
PEGA,Pegasystems Inc. - Common Stock,stock,Common Stock,Nasdaq Global Select Market,N,100
PENG,"Penguin Solutions, Inc. - Common Stock",stock,Common Stock,Nasdaq Global Select Market,N,100
PENN,"PENN Entertainment, Inc. - Common Stock",stock,Common Stock,Nasdaq Global Select Market,N,100
PEP,"PepsiCo, Inc. - Common Stock",stock,Common Stock,Nasdaq Global Select Market,N,100
PEPG,PepGen Inc. - Common Stock,stock,Common Stock,Nasdaq Global Select Market,N,100
PEPS,Parametric Equity Plus ETF,etf,ETF,Nasdaq Global Market,N,100
PERI,Perion Network Ltd - Ordinary Shares,stock,Ordinary Share,Nasdaq Global Select Market,N,100
PESI,"Perma-Fix Environmental Services, Inc. - Common Stock",stock,Common Stock,Nasdaq Capital Market,N,100
PETS,"PetMed Express, Inc. - Common Stock",stock,Common Stock,Nasdaq Global Select Market,N,100
PETZ,"TDH Holdings, Inc. - Common Shares",stock,Common Stock,Nasdaq Capital Market,N,100
PEY,Invesco High Yield Equity Dividend Achievers ETF,etf,ETF,Nasdaq Global Market,N,100
PEZ,Invesco Dorsey Wright Consumer Cyclicals Momentum ETF,etf,ETF,Nasdaq Global Market,N,100
PFAI,Pinnacle Food Group Limited - Class A Common Shares,stock,Common Stock,Nasdaq Capital Market,N,100
PFBC,Preferred Bank - Common Stock,stock,Preferred,Nasdaq Global Select Market,N,100
PFDE,Pathfinder Disciplined US Equity ETF,etf,ETF,Nasdaq Global Market,N,100
PFF,iShares Preferred and Income Securities ETF,etf,ETF,Nasdaq Global Market,N,100
PFG,Principal Financial Group Inc - Common Stock,stock,Common Stock,Nasdaq Global Select Market,N,100
PFI,Invesco Dorsey Wright Financial Momentum ETF,etf,ETF,Nasdaq Global Market,N,100
PFIS,Peoples Financial Services Corp.  - Common Stock,stock,Common Stock,Nasdaq Global Select Market,N,100
PFM,Invesco Dividend Achievers ETF,etf,ETF,Nasdaq Global Market,N,100
PFOE,Pathfinder Focused Opportunities ETF,etf,ETF,Nasdaq Global Market,N,100
PFSA,"Profusa, Inc. - Common Stock",stock,Common Stock,Nasdaq Capital Market,D,100
PFX,PhenixFIN Corporation  - Common Stock,stock,Common Stock,Nasdaq Global Market,N,100
PFXNZ,PhenixFIN Corporation  - 5.25% Notes due 2028,stock,Nasdaq Listed Security,Nasdaq Global Market,N,100
PGAC,Pantages Capital Acquisition Corporation - Class A Ordinary Shares,stock,Ordinary Share,Nasdaq Global Market,N,100
PGACR,Pantages Capital Acquisition Corporation - Right,stock,Right,Nasdaq Global Market,N,100
PGACU,Pantages Capital Acquisition Corporation - Unit,stock,Unit,Nasdaq Global Market,N,100
PGC,Peapack-Gladstone Financial Corporation - Common Stock,stock,Common Stock,Nasdaq Global Select Market,N,100
PGEN,"Precigen, Inc. - Common Stock",stock,Common Stock,Nasdaq Global Select Market,N,100
PGJ,Invesco Golden Dragon China ETF,etf,ETF,Nasdaq Global Market,N,100
PGNY,"Progyny, Inc. - Common Stock",stock,Common Stock,Nasdaq Global Select Market,N,100
PGY,Pagaya Technologies Ltd. - Class A Ordinary Shares,stock,Ordinary Share,Nasdaq Capital Market,N,100
PGYWW,Pagaya Technologies Ltd. - Warrants,stock,Warrant,Nasdaq Capital Market,N,100
PHAR,"Pharming Group N.V. - ADS, each representing 10 ordinary shares",stock,Ordinary Share,Nasdaq Global Market,N,100
PHAT,"Phathom Pharmaceuticals, Inc. - Common Stock",stock,Common Stock,Nasdaq Global Select Market,N,100
PHIO,Phio Pharmaceuticals Corp. - Common Stock,stock,Common Stock,Nasdaq Capital Market,N,100
PHO,Invesco Water Resources ETF,etf,ETF,Nasdaq Global Market,N,100
PHOE,Phoenix Asia Holdings Limited - Ordinary Shares,stock,Ordinary Share,Nasdaq Capital Market,N,100
PHUN,"Phunware, Inc. - Common Stock",stock,Common Stock,Nasdaq Capital Market,N,100
PHVS,Pharvaris N.V. - Ordinary Shares,stock,Ordinary Share,Nasdaq Global Select Market,N,100
PI,"Impinj, Inc. - Common Stock",stock,Common Stock,Nasdaq Global Select Market,N,100
PICS,PicS N.V. - Class A Common Shares,stock,Common Stock,Nasdaq Global Select Market,N,100
PID,Invesco International Dividend Achievers ETF,etf,ETF,Nasdaq Global Market,N,100
PIE,Invesco Dorsey Wright Emerging Markets Momentum ETF,etf,ETF,Nasdaq Global Market,N,100
PIII,P3 Health Partners Inc. - Class A Common Stock,stock,Common Stock,Nasdaq Capital Market,N,100
PIIIW,P3 Health Partners Inc. - Warrant,stock,Warrant,Nasdaq Capital Market,N,100
PIO,Invesco Global Water ETF,etf,ETF,Nasdaq Global Market,N,100
PIZ,Invesco Dorsey Wright Developed Markets Momentum ETF,etf,ETF,Nasdaq Global Market,N,100
PKBK,"Parke Bancorp, Inc. - Common Stock",stock,Common Stock,Nasdaq Capital Market,N,100
PKOH,Park-Ohio Holdings Corp. - Common Stock,stock,Common Stock,Nasdaq Global Select Market,N,100
PKW,Invesco BuyBack Achievers ETF,etf,ETF,Nasdaq Global Market,N,100
PLA,GraniteShares Autocallable PLTR ETF,etf,ETF,Nasdaq Global Market,N,100
PLAB,"Photronics, Inc. - Common Stock",stock,Common Stock,Nasdaq Global Select Market,N,100
PLAY,"Dave & Buster's Entertainment, Inc. - Common Stock",stock,Common Stock,Nasdaq Global Select Market,N,100
PLBC,Plumas Bancorp - Common Stock,stock,Common Stock,Nasdaq Capital Market,N,100
PLBL,Polibeli Group Ltd - Class A Ordinary Shares,stock,Ordinary Share,Nasdaq Global Market,N,100
PLBY,"Playboy, Inc. - Common Stock",stock,Common Stock,Nasdaq Global Market,N,100
PLCE,"Children's Place, Inc. (The) - Common Stock",stock,Common Stock,Nasdaq Global Select Market,N,100
PLCIU,Pelican Acquisition II Corporation - Unit,stock,Unit,Nasdaq Capital Market,N,100
PLMK,Plum Acquisition Corp. IV - Class A Ordinary Shares,stock,Ordinary Share,Nasdaq Global Market,N,100
PLMKU,Plum Acquisition Corp. IV - Unit,stock,Unit,Nasdaq Global Market,N,100
PLMKW,Plum Acquisition Corp. IV - Warrants,stock,Warrant,Nasdaq Global Market,N,100
PLMR,"Palomar Holdings, Inc. - Common stock",stock,Common Stock,Nasdaq Global Select Market,N,100
PLPC,Preformed Line Products Company - Common Stock,stock,Common Stock,Nasdaq Global Select Market,N,40
PLRX,"Pliant Therapeutics, Inc. - Common Stock",stock,Common Stock,Nasdaq Global Select Market,N,100
PLRZ,Polyrizon Ltd. - Ordinary Shares,stock,Ordinary Share,Nasdaq Capital Market,N,100
PLSE,"Pulse Biosciences, Inc - Common Stock",stock,Common Stock,Nasdaq Capital Market,N,100
PLSM,Pulsenmore Ltd. - Ordinary Shares,stock,Ordinary Share,Nasdaq Capital Market,N,100
PLTD,Direxion Daily PLTR Bear 1X ETF,etf,ETF,Nasdaq Global Market,N,100
PLTG,Leverage Shares 2X Long PLTR Daily ETF,etf,ETF,Nasdaq Global Market,N,100
PLTK,Playtika Holding Corp. - Common Stock,stock,Common Stock,Nasdaq Global Select Market,N,100
PLTR,Palantir Technologies Inc. - Class A Common Stock,stock,Common Stock,Nasdaq Global Select Market,N,100
PLTS,Platinum Analytics Cayman Limited - Class A Ordinary Shares,stock,Ordinary Share,Nasdaq Capital Market,D,100
PLTU,Direxion Daily PLTR Bull 2X ETF,etf,ETF,Nasdaq Global Market,N,100
PLTZ,Defiance Daily Target 2x Short PLTR ETF,etf,ETF,Nasdaq Global Market,N,100
PLUG,"Plug Power, Inc. - Common Stock",stock,Common Stock,Nasdaq Capital Market,N,100
PLUL,Leverage Shares 2X Long PLUG Daily ETF,etf,ETF,Nasdaq Global Market,N,100
PLUR,Pluri Inc. - Common Stock,stock,Common Stock,Nasdaq Capital Market,D,100
PLUS,ePlus inc. - Common Stock,stock,Common Stock,Nasdaq Global Select Market,N,100
PLUT,Plutus Financial Group Limited - Ordinary Shares,stock,Ordinary Share,Nasdaq Capital Market,N,100
PLXS,Plexus Corp. - Common Stock,stock,Common Stock,Nasdaq Global Select Market,N,100
PLYX,"Polaryx Therapeutics, Inc. - Common Stock",stock,Common Stock,Nasdaq Capital Market,N,100
PLYY,GraniteShares YieldBOOST PLTR ETF,etf,ETF,Nasdaq Global Market,N,100
PMA,Ming Shing Group Holdings Limited - Ordinary Shares,stock,Ordinary Share,Nasdaq Capital Market,N,100
PMAX,Powell Max Limited - Class A Ordinary Shares,stock,Ordinary Share,Nasdaq Capital Market,N,100
PMBS,PIMCO Mortgage-Backed Securities Active Exchange-Traded Fund,etf,ETF,Nasdaq Global Market,N,100
PMCB,"PharmaCyte  Biotech, Inc. - Common Stock",stock,Common Stock,Nasdaq Capital Market,D,100
PMEC,Primech Holdings Ltd. - Ordinary Shares,stock,Ordinary Share,Nasdaq Capital Market,D,100
PMN,ProMIS Neurosciences Inc. - Common Shares,stock,Common Stock,Nasdaq Capital Market,N,100
PMTR,Perimeter Acquisition Corp. I - Class A Ordinary Shares,stock,Ordinary Share,Nasdaq Global Market,N,100
PMTRU,Perimeter Acquisition Corp. I - Unit,stock,Unit,Nasdaq Global Market,N,100
PMTRW,Perimeter Acquisition Corp. I - Warrant,stock,Warrant,Nasdaq Global Market,N,100
PMTS,CPI Card Group Inc. - Common Stock,stock,Common Stock,Nasdaq Global Market,N,100
PMVP,"PMV Pharmaceuticals, Inc. - Common Stock",stock,Common Stock,Nasdaq Global Select Market,N,100
PN,PN Smart Energy Limited - Class A Ordinary Shares,stock,Ordinary Share,Nasdaq Capital Market,N,100
PNBK,Patriot National Bancorp Inc. - Common Stock,stock,Common Stock,Nasdaq Global Market,N,100
PNQI,Invesco Nasdaq Internet ETF,etf,ETF,Nasdaq Global Market,N,100
PNRG,PrimeEnergy Resources Corporation - Common Stock,stock,Common Stock,Nasdaq Capital Market,N,100
PNTG,"The Pennant Group, Inc. - Common Stock",stock,Common Stock,Nasdaq Global Select Market,N,100
POCI,"Precision Optics Corporation, Inc. - Common stock",stock,Common Stock,Nasdaq Capital Market,N,100
PODC,"PodcastOne, Inc. - Common Stock",stock,Common Stock,Nasdaq Capital Market,N,100
PODD,Insulet Corporation - Common Stock,stock,Common Stock,Nasdaq Global Select Market,N,100
POET,POET Technologies Inc. - Common Shares,stock,Common Stock,Nasdaq Capital Market,N,100
POLA,"Polar Power, Inc. - Common Stock",stock,Common Stock,Nasdaq Capital Market,D,100
POLE,Andretti Acquisition Corp. II - Class A Ordinary Shares,stock,Ordinary Share,Nasdaq Global Market,N,100
POLEU,Andretti Acquisition Corp. II - Unit,stock,Unit,Nasdaq Global Market,N,100
POLEW,Andretti Acquisition Corp. II - Warrant,stock,Warrant,Nasdaq Global Market,N,100
POM,POMDOCTOR LIMITED - American Depositary Shares,stock,Depositary Share,Nasdaq Global Market,N,100
PONO,"Pono Capital Four, Inc. - Class A Ordinary Shares",stock,Ordinary Share,Nasdaq Global Market,N,100
PONOR,"Pono Capital Four, Inc. - Rights",stock,Right,Nasdaq Global Market,N,100
PONOU,"Pono Capital Four, Inc. - Units",stock,Unit,Nasdaq Global Market,N,100
PONY,Pony AI Inc. - American Depositary Shares,stock,Depositary Share,Nasdaq Global Select Market,N,100
POOL,Pool Corporation - Common Stock,stock,Common Stock,Nasdaq Global Select Market,N,100
POWI,"Power Integrations, Inc. - Common Stock",stock,Common Stock,Nasdaq Global Select Market,N,100
POWL,"Powell Industries, Inc. - Common Stock",stock,Common Stock,Nasdaq Global Select Market,N,40
POWW,Outdoor Holding Company - Common Stock,stock,Common Stock,Nasdaq Capital Market,N,100
POWWP,Outdoor Holding Company - 8.75% Series A Cumulative Redeemable Perpetual Preferred Stock,stock,Preferred,Nasdaq Capital Market,N,100
PPBT,Purple Biotech Ltd. - American Depositary Shares,stock,Depositary Share,Nasdaq Capital Market,N,100
PPC,Pilgrim's Pride Corporation - Common Stock,stock,Common Stock,Nasdaq Global Select Market,N,100
PPCB,"Propanc Biopharma, Inc. - Common Stock",stock,Common Stock,Nasdaq Capital Market,N,100
PPH,VanEck Pharmaceutical ETF,etf,ETF,Nasdaq Global Market,N,100
PPHC,"Public Policy Holding Company, Inc. - Common Stock",stock,Common Stock,Nasdaq Global Market,N,100
PPI,Astoria Real Assets ETF,etf,ETF,Nasdaq Global Market,N,100
PPIH,"Perma-Pipe International Holdings, Inc. - Common Stock",stock,Common Stock,Nasdaq Global Market,N,100
PPLI,People Incorporated - Common Stock,stock,Common Stock,Nasdaq Global Select Market,N,100
PPSI,"Pioneer Power Solutions, Inc. - Common Stock",stock,Common Stock,Nasdaq Capital Market,N,100
PPTA,Perpetua Resources Corp. - Common Shares,stock,Common Stock,Nasdaq Capital Market,N,100
PQAP,PGIM Nasdaq-100 Buffer 12 ETF - April,etf,ETF,Nasdaq Global Market,N,100
PQJA,PGIM Nasdaq-100 Buffer 12 ETF - January,etf,ETF,Nasdaq Global Market,N,100
PQJL,PGIM Nasdaq-100 Buffer 12 ETF - July,etf,ETF,Nasdaq Global Market,N,100
PQOC,PGIM Nasdaq-100 Buffer 12 ETF - October,etf,ETF,Nasdaq Global Market,N,100
PRAA,"PRA Group, Inc. - Common Stock",stock,Common Stock,Nasdaq Global Select Market,N,100
PRAX,"Praxis Precision Medicines, Inc. - Common Stock",stock,Common Stock,Nasdaq Global Select Market,N,40
PRCH,"Porch Group, Inc. - Common Stock",stock,Common Stock,Nasdaq Capital Market,N,100
PRCT,PROCEPT BioRobotics Corporation - Common Stock,stock,Common Stock,Nasdaq Global Market,N,100
PRDO,Perdoceo Education Corporation - Common Stock,stock,Common Stock,Nasdaq Global Select Market,N,100
PRE,Prenetics Global Limited - Class A Ordinary Share,stock,Ordinary Share,Nasdaq Global Market,N,100
PRENW,Prenetics Global Limited - Warrant,stock,Warrant,Nasdaq Capital Market,N,100
PRFX,PRF Technologies Ltd. - Ordinary Shares,stock,Ordinary Share,Nasdaq Capital Market,N,100
PRFZ,Invesco RAFI US 1500 Small-Mid ETF,etf,ETF,Nasdaq Global Market,N,100
PRGS,Progress Software Corporation - Common Stock,stock,Common Stock,Nasdaq Global Select Market,N,100
PRHI,"Presurance Holdings, Inc. - Common Stock",stock,Common Stock,Nasdaq Capital Market,N,100
PRHIZ,"Presurance Holdings, Inc. - 9.75% Senior Unsecured Notes due 2028",stock,Nasdaq Listed Security,Nasdaq Global Market,N,100
PRLD,Prelude Therapeutics Incorporated - Common Stock,stock,Common Stock,Nasdaq Global Select Market,N,100
PRME,"Prime Medicine, Inc. - Common Stock",stock,Common Stock,Nasdaq Global Market,N,100
PRMR,PeakShares RMR Prime Equity ETF,etf,ETF,Nasdaq Global Market,N,100
PRN,Invesco Dorsey Wright Industrials Momentum ETF,etf,ETF,Nasdaq Global Market,N,100
PROF,Profound Medical Corp. - common stock,stock,Common Stock,Nasdaq Capital Market,N,100
PROK,ProKidney Corp. - Class A Ordinary Shares,stock,Ordinary Share,Nasdaq Capital Market,N,100
PROP,Prairie Operating Co. - Common Stock,stock,Common Stock,Nasdaq Capital Market,D,100
PROV,"Provident Financial Holdings, Inc. - Common Stock",stock,Common Stock,Nasdaq Global Select Market,N,100
PRPL,"Purple Innovation, Inc. - Common Stock",stock,Common Stock,Nasdaq Global Select Market,D,100
PRPO,"Precipio, Inc. - Common Stock",stock,Common Stock,Nasdaq Capital Market,N,100
PRQR,ProQR Therapeutics N.V. - Ordinary Shares,stock,Ordinary Share,Nasdaq Capital Market,N,100
PRSO,Peraso Inc. - Common Stock,stock,Common Stock,Nasdaq Capital Market,D,100
PRTA,Prothena Corporation plc - Ordinary Shares,stock,Ordinary Share,Nasdaq Global Select Market,N,100
PRTH,"Priority Technology Holdings, Inc. - Common Stock",stock,Common Stock,Nasdaq Capital Market,N,100
PRTS,"CarParts.com, Inc. - Common Stock",stock,Common Stock,Nasdaq Capital Market,N,100
PRVA,"Privia Health Group, Inc. - Common Stock",stock,Common Stock,Nasdaq Global Select Market,N,100
PRZO,ParaZero Technologies Ltd. - Ordinary Shares,stock,Ordinary Share,Nasdaq Capital Market,D,100
PSC,Principal U.S. Small-Cap ETF,etf,ETF,Nasdaq Global Market,N,100
PSCC,Invesco S&P SmallCap Consumer Staples ETF,etf,ETF,Nasdaq Global Market,N,100
PSCD,Invesco S&P SmallCap Consumer Discretionary ETF,etf,ETF,Nasdaq Global Market,N,100
PSCE,Invesco S&P SmallCap Energy ETF,etf,ETF,Nasdaq Global Market,N,100
PSCF,Invesco S&P SmallCap Financials ETF,etf,ETF,Nasdaq Global Market,N,100
PSCH,Invesco S&P SmallCap Health Care ETF,etf,ETF,Nasdaq Global Market,N,100
PSCI,Invesco S&P SmallCap Industrials ETF,etf,ETF,Nasdaq Global Market,N,100
PSCM,Invesco S&P SmallCap Materials ETF,etf,ETF,Nasdaq Global Market,N,100
PSCT,Invesco S&P SmallCap Information Technology ETF,etf,ETF,Nasdaq Global Market,N,100
PSCU,Invesco S&P SmallCap Utilities & Communication Services ETF,etf,ETF,Nasdaq Global Market,N,100
PSEC,Prospect Capital Corporation - Closed End Fund,stock,Closed-End Fund,Nasdaq Global Select Market,N,100
PSET,Principal Quality ETF,etf,ETF,Nasdaq Global Market,N,100
PSHG,Performance Shipping Inc. - Common Shares,stock,Common Stock,Nasdaq Capital Market,N,100
PSIG,PS International Group Ltd. - Ordinary Shares,stock,Ordinary Share,Nasdaq Capital Market,N,100
PSIX,"Power Solutions International, Inc. - Common Stock",stock,Common Stock,Nasdaq Capital Market,N,100
PSKY,Paramount Skydance Corporation - Class B Common Stock,stock,Common Stock,Nasdaq Global Select Market,N,100
PSL,Invesco Dorsey Wright Consumer Staples Momentum ETF,etf,ETF,Nasdaq Global Market,N,100
PSMT,"PriceSmart, Inc. - Common Stock",stock,Common Stock,Nasdaq Global Select Market,N,100
PSNL,"Personalis, Inc. - Common Stock",stock,Common Stock,Nasdaq Global Market,N,100
PSNY,Polestar Automotive Holding UK Limited - Class A ADS,stock,Nasdaq Listed Security,Nasdaq Global Market,N,100
PSNYW,Polestar Automotive Holding UK Limited - Class C-1 ADS (ADW),stock,Nasdaq Listed Security,Nasdaq Global Market,N,100
PSTR,PeakShares Sector Rotation ETF,etf,ETF,Nasdaq Global Market,N,100
PSWD,Xtrackers Cybersecurity Select Equity ETF,etf,ETF,Nasdaq Global Market,N,100
PTAC,Patriot Acquisition Corp. - Class A Ordinary Shares,stock,Ordinary Share,Nasdaq Global Market,N,100
PTACU,Patriot Acquisition Corp. - Units,stock,Unit,Nasdaq Global Market,N,100
PTACW,Patriot Acquisition Corp. - Warrants,stock,Warrant,Nasdaq Global Market,N,100
PTC,PTC Inc. - Common Stock,stock,Common Stock,Nasdaq Global Select Market,N,100
PTCT,"PTC Therapeutics, Inc. - Common Stock",stock,Common Stock,Nasdaq Global Select Market,N,100
PTEN,"Patterson-UTI Energy, Inc. - Common Stock",stock,Common Stock,Nasdaq Global Select Market,N,100
PTF,Invesco Dorsey Wright Technology Momentum ETF,etf,ETF,Nasdaq Global Market,N,100
PTGX,"Protagonist Therapeutics, Inc. - Common Stock",stock,Common Stock,Nasdaq Global Market,N,100
PTH,Invesco Dorsey Wright Healthcare Momentum ETF,etf,ETF,Nasdaq Global Market,N,100
PTIR,GraniteShares 2x Long PLTR Daily ETF,etf,ETF,Nasdaq Global Market,N,100
PTLE,PTL LTD - Class A Ordinary Shares,stock,Ordinary Share,Nasdaq Capital Market,N,100
PTLO,Portillo's Inc. - Class A Common Stock,stock,Common Stock,Nasdaq Global Select Market,N,100
PTN,"Palatin Technologies, Inc. - Common Stock",stock,Common Stock,Nasdaq Capital Market,N,100
PTNQ,Pacer Trendpilot 100 ETF,etf,ETF,Nasdaq Global Market,N,100
PTON,"Peloton Interactive, Inc. - Common Stock",stock,Common Stock,Nasdaq Global Select Market,N,100
PTOR,Praetorian Acquisition Corp. - Class A Ordinary Shares,stock,Ordinary Share,Nasdaq Global Market,N,100
PTORU,Praetorian Acquisition Corp. - Units,stock,Unit,Nasdaq Global Market,N,100
PTORW,Praetorian Acquisition Corp. - Warrant,stock,Warrant,Nasdaq Global Market,N,100
PTRN,Pattern Group Inc. - Series A Common Stock,stock,Common Stock,Nasdaq Global Select Market,N,100
PUBM,"PubMatic, Inc. - Class A Common Stock",stock,Common Stock,Nasdaq Global Market,N,100
PUI,Invesco Dorsey Wright Utilities Momentum ETF,etf,ETF,Nasdaq Global Market,N,100
PUL,GraniteShares 2x Long P Daily ETF,etf,ETF,Nasdaq Global Market,N,100
PULM,"Pulmatrix, Inc. - Common Stock",stock,Common Stock,Nasdaq Capital Market,N,100
PUR,Defiance Daily Target 2X Long PURR ETF,etf,ETF,Nasdaq Global Market,N,100
PURR,Hyperliquid Strategies Inc - Common Stock,stock,Common Stock,Nasdaq Capital Market,N,100
PUSA,Aureus Greenway Holdings Inc. - Common Stock,stock,Common Stock,Nasdaq Capital Market,N,100
PVLA,"Palvella Therapeutics, Inc. - Common Stock",stock,Common Stock,Nasdaq Global Market,N,100
PWCM,"PowerCompute, Inc. - Common Stock",stock,Common Stock,Nasdaq Capital Market,N,100
PWP,Perella Weinberg Partners - Class A Common Stock,stock,Common Stock,Nasdaq Global Select Market,N,100
PWRD,TCW Transform Systems ETF,etf,ETF,Nasdaq Global Market,N,100
PWRL,Powerlaw Corp. - Common Stock,stock,Common Stock,Nasdaq Global Market,N,100
PXI,Invesco Dorsey Wright Energy Momentum ETF,etf,ETF,Nasdaq Global Market,N,100
PXLW,"Pixelworks, Inc. - Common Stock",stock,Common Stock,Nasdaq Capital Market,N,100
PXS,Pyxis Tankers Inc. - Common Stock,stock,Common Stock,Nasdaq Capital Market,N,100
PY,Principal Value ETF,etf,ETF,Nasdaq Global Market,N,100
PYPD,PolyPid Ltd. - Ordinary Shares,stock,Ordinary Share,Nasdaq Capital Market,N,100
PYPG,Leverage Shares 2X Long PYPL Daily ETF,etf,ETF,Nasdaq Global Market,N,100
PYPL,"PayPal Holdings, Inc. - Common Stock",stock,Common Stock,Nasdaq Global Select Market,N,100
PYXS,"Pyxis Oncology, Inc. - Common Stock",stock,Common Stock,Nasdaq Global Select Market,N,100
PYZ,Invesco Dorsey Wright Basic Materials Momentum ETF,etf,ETF,Nasdaq Global Market,N,100
PZZA,"Papa John's International, Inc. - Common Stock",stock,Common Stock,Nasdaq Global Select Market,N,100
QABA,First Trust NASDAQ ABA Community Bank Index Fund,etf,ETF,Nasdaq Global Market,N,100
QADR,QDRO Acquisition Corp. - Class A Ordinary Shares,stock,Ordinary Share,Nasdaq Global Market,N,100
QADRU,QDRO Acquisition Corp. - Units,stock,Unit,Nasdaq Global Market,N,100
QADRW,QDRO Acquisition Corp. - Warrant,stock,Warrant,Nasdaq Global Market,N,100
QALT,SEI DBi Multi-Strategy Alternative ETF,etf,ETF,Nasdaq Global Market,N,100
QAT,iShares MSCI Qatar ETF,etf,ETF,Nasdaq Global Market,N,100
QB,ProShares Nasdaq-100 Dynamic Buffer ETF,etf,ETF,Nasdaq Global Market,N,100
QBIG,Invesco Top QQQ ETF,etf,ETF,Nasdaq Global Market,N,100
QBTS,D-Wave Quantum Inc. - Common Stock,stock,Common Stock,Nasdaq Global Select Market,N,100
QBTZ,Defiance Daily Target 2x Short QBTS ETF,etf,ETF,Nasdaq Global Market,N,100
QBUF,Innovator Nasdaq-100 10 Buffer ETF Quarterly,etf,ETF,Nasdaq Global Market,N,100
QBY,GraniteShares YieldBoost QBTS ETF,etf,ETF,Nasdaq Global Market,N,100
QCLN,First Trust NASDAQ Clean Edge Green Energy Index Fund,etf,ETF,Nasdaq Global Market,N,100
QCLR,Global X NASDAQ 100 Collar 95-110 ETF,etf,ETF,Nasdaq Global Market,N,100
QCLS,"Q/C Technologies, Inc. - Common Stock",stock,Common Stock,Nasdaq Capital Market,N,100
QCMD,Direxion Daily QCOM Bear 1X ETF,etf,ETF,Nasdaq Global Market,N,100
QCML,GraniteShares 2x Long QCOM Daily ETF,etf,ETF,Nasdaq Global Market,N,100
QCMU,Direxion Daily QCOM Bull 2X ETF,etf,ETF,Nasdaq Global Market,N,100
QCOM,QUALCOMM Incorporated - Common Stock,stock,Common Stock,Nasdaq Global Select Market,N,100
QCRH,"QCR Holdings, Inc. - Common Stock",stock,Common Stock,Nasdaq Global Market,N,100
QDEL,QuidelOrtho Corporation - Common Stock,stock,Common Stock,Nasdaq Global Select Market,N,100
QDTY,YieldMax Nasdaq 100 0DTE Covered Call Strategy ETF,etf,ETF,Nasdaq Global Market,N,100
QETA,Quetta Acquisition Corporation - Common Stock,stock,Common Stock,Nasdaq Capital Market,D,100
QETAR,Quetta Acquisition Corporation - Right,stock,Right,Nasdaq Capital Market,N,100
QETAU,Quetta Acquisition Corporation - Unit,stock,Unit,Nasdaq Capital Market,N,100
QEW,Invesco QQQ Equal Weight ETF,etf,ETF,Nasdaq Global Market,N,100
QFF,Qualivian Focus Fund ETF,etf,ETF,Nasdaq Global Market,N,100
QFIN,"Qfin Holdings, Inc.  - American Depositary Shares",stock,Depositary Share,Nasdaq Global Select Market,N,100
QGRD,Horizon Nasdaq-100 Defined Risk ETF,etf,ETF,Nasdaq Global Market,N,100
QH,Quhuo Limited - Class A Ordinary Shares,stock,Ordinary Share,Nasdaq Capital Market,N,100
QLDY,Defiance Nasdaq 100 LightningSpread Income ETF,etf,ETF,Nasdaq Global Market,N,100
QLYS,"Qualys, Inc. - Common Stock",stock,Common Stock,Nasdaq Global Select Market,N,100
QMCO,Quantum Corporation - Common Stock,stock,Common Stock,Nasdaq Global Market,N,100
QMID,WisdomTree U.S. MidCap Quality Growth Fund,etf,ETF,Nasdaq Global Market,N,100
QMLS,"QumulusAI, Inc. - Common Stock",stock,Common Stock,Nasdaq Global Market,N,100
QMMM,QMMM Holdings Limited - Class A Ordinary Shares,stock,Ordinary Share,Nasdaq Capital Market,H,100
QMOM,Alpha Architect U.S. Quantitative Momentum ETF,etf,ETF,Nasdaq Global Market,N,100
QNCX,"Quince Therapeutics, Inc. - Common Stock",stock,Common Stock,Nasdaq Global Select Market,N,100
QNDX,State Street SPDR Portfolio Nasdaq 100 ETF,etf,ETF,Nasdaq Global Market,N,100
QNME,"Quanome Technologies, Inc. - Common Stock",stock,Common Stock,Nasdaq Capital Market,D,100
QNRX,"Quoin Pharmaceuticals, Ltd. - American Depositary Shares",stock,Depositary Share,Nasdaq Capital Market,N,100
QNST,"QuinStreet, Inc. - Common Stock",stock,Common Stock,Nasdaq Global Select Market,N,100
QNT,Quantinuum Inc. - Class A Common Stock,stock,Common Stock,Nasdaq Global Market,N,100
QNTM,Quantum Biopharma Ltd. - Class B Subordinate Voting Shares,stock,Nasdaq Listed Security,Nasdaq Capital Market,N,100
QNXT,iShares Nasdaq-100 ex Top 30 ETF,etf,ETF,Nasdaq Global Market,N,100
QOWZ,Invesco Nasdaq Free Cash Flow Achievers ETF,etf,ETF,Nasdaq Global Market,N,100
QPUX,Defiance 2X Daily Long Pure Quantum ETF,etf,ETF,Nasdaq Global Market,N,100
QQA,Invesco QQQ Income Advantage ETF,etf,ETF,Nasdaq Global Market,N,100
QQDN,ProShares UltraShort QQQ Mega,etf,ETF,Nasdaq Global Market,N,100
QQEW,First Trust Nasdaq-100 Select Equal Weight ETF,etf,ETF,Nasdaq Global Market,N,100
QQHG,Invesco QQQ Hedged Advantage ETF,etf,ETF,Nasdaq Global Market,N,100
QQLV,Invesco QQQ Low Volatility ETF,etf,ETF,Nasdaq Global Market,N,100
QQMG,Invesco ESG NASDAQ 100 ETF,etf,ETF,Nasdaq Global Market,N,100
QQQ,"Invesco QQQ Trust, Series 1",etf,ETF,Nasdaq Global Market,N,40
QQQA,ProShares Nasdaq-100 Dorsey Wright Momentum ETF,etf,ETF,Nasdaq Global Market,N,100
QQQE,Direxion NASDAQ-100 Equal Weighted Index ETF,etf,ETF,Nasdaq Global Market,N,100
QQQG,Pacer Nasdaq 100 Top 50 Cash Cows Growth Leaders ETF,etf,ETF,Nasdaq Global Market,N,100
QQQH,NEOS Nasdaq-100 Hedged Equity Income ETF,etf,ETF,Nasdaq Global Market,N,100
QQQI,NEOS Nasdaq 100 High Income ETF,etf,ETF,Nasdaq Global Market,N,100
QQQJ,Invesco NASDAQ Next Gen 100 ETF,etf,ETF,Nasdaq Global Market,N,100
QQQM,Invesco NASDAQ 100 ETF,etf,ETF,Nasdaq Global Market,N,100
QQQP,Tradr 2X Long Innovation 100 Quarterly ETF,etf,ETF,Nasdaq Global Market,N,100
QQQS,Invesco NASDAQ Future Gen 200 ETF,etf,ETF,Nasdaq Global Market,N,100
QQQT,Defiance Nasdaq 100 Income Target ETF,etf,ETF,Nasdaq Global Market,N,100
QQQX,Nuveen NASDAQ 100 Dynamic Overwrite Fund - Closed End Fund,stock,Closed-End Fund,Nasdaq Global Select Market,N,100
QQQY,Defiance Nasdaq 100 Weekly Distribution ETF,etf,ETF,Nasdaq Global Market,N,100
QQUP,ProShares Ultra QQQ Mega,etf,ETF,Nasdaq Global Market,N,100
QQWZ,Pacer Cash COWZ 100-Nasdaq 100 Rotator ETF,etf,ETF,Nasdaq Global Market,N,100
QQXL,ProShares Ultra QQQ Top 30,etf,ETF,Nasdaq Global Market,N,100
QQXT,First Trust NASDAQ-100 Ex-Technology Sector Index Fund,etf,ETF,Nasdaq Global Market,N,100
QRHC,Quest Resource Holding Corporation - Common Stock,stock,Common Stock,Nasdaq Capital Market,N,100
QRMI,Global X NASDAQ 100 Risk Managed Income ETF,etf,ETF,Nasdaq Global Market,N,100
QRVO,"Qorvo, Inc. - Common Stock",stock,Common Stock,Nasdaq Global Select Market,N,100
QS,QuantumScape Corporation - Common Stock,stock,Common Stock,Nasdaq Global Select Market,N,100
QSEA,Quartzsea Acquisition Corporation - Ordinary Shares,stock,Ordinary Share,Nasdaq Global Market,N,100
QSEAR,Quartzsea Acquisition Corporation - Rights,stock,Right,Nasdaq Global Market,N,100
QSEAU,Quartzsea Acquisition Corporation - Units,stock,Unit,Nasdaq Global Market,N,100
QSI,Quantum-Si Incorporated - Class A Common Stock,stock,Common Stock,Nasdaq Global Market,D,100
QSIX,Pacer Metaurus Nasdaq 100 Dividend Multiplier 600 ETF,etf,ETF,Nasdaq Global Market,N,100
QSML,WisdomTree U.S. SmallCap Quality Growth Fund,etf,ETF,Nasdaq Global Market,N,100
QTEC,First Trust NASDAQ-100-Technology Sector Index Fund,etf,ETF,Nasdaq Global Market,N,100
QTEX,QTREX Quantum Ltd. - Ordinary Shares,stock,Ordinary Share,Nasdaq Capital Market,N,100
QTI,"QT Imaging Holdings, Inc. - Common Stock",stock,Common Stock,Nasdaq Capital Market,N,100
QTOP,iShares Nasdaq Top 30 Stocks ETF,etf,ETF,Nasdaq Global Market,N,100
QTR,Global X NASDAQ 100 Tail Risk ETF,etf,ETF,Nasdaq Global Market,N,100
QTRX,Quanterix Corporation - Common Stock,stock,Common Stock,Nasdaq Global Market,N,100
QTTB,Q32 Bio Inc. - Common Stock,stock,Common Stock,Nasdaq Capital Market,N,100
QTUM,Defiance Quantum ETF,etf,ETF,Nasdaq Global Market,N,100
QUBT,Quantum Computing Inc. - Common Stock,stock,Common Stock,Nasdaq Capital Market,N,100
QUCY,Quantum Cyber N.V. - Ordinary Shares,stock,Ordinary Share,Nasdaq Capital Market,N,100
QUIK,QuickLogic Corporation - Common Stock,stock,Common Stock,Nasdaq Capital Market,N,100
QUMS,Quantumsphere Acquisition Corp. - Ordinary Shares,stock,Ordinary Share,Nasdaq Global Market,N,100
QUMSR,Quantumsphere Acquisition Corp. - Rights,stock,Right,Nasdaq Global Market,N,100
QUMSU,Quantumsphere Acquisition Corp. - Units,stock,Unit,Nasdaq Global Market,N,100
QURE,uniQure N.V. - Ordinary Shares,stock,Ordinary Share,Nasdaq Global Select Market,N,100
QVAL,Alpha Architect U.S. Quantitative Value ETF,etf,ETF,Nasdaq Global Market,N,100
QVOL,Infrastructure Capital Nasdaq Option Income ETF,etf,ETF,Nasdaq Global Market,N,100
QXL,Quantum X Labs Inc. - Common Stock,stock,Common Stock,Nasdaq Capital Market,N,100
QXQ,SGI Enhanced Nasdaq-100 ETF,etf,ETF,Nasdaq Global Market,N,100
QYLD,Global X NASDAQ 100 Covered Call ETF,etf,ETF,Nasdaq Global Market,N,100
QYLG,Global X Nasdaq 100 Covered Call & Growth ETF,etf,ETF,Nasdaq Global Market,N,100
RAA,SMI 3Fourteen REAL Asset Allocation ETF,etf,ETF,Nasdaq Global Market,N,100
RACC,Research Alliance Corporation III - Class A Ordinary Shares,stock,Ordinary Share,Nasdaq Capital Market,N,100
RACD,Research Alliance Corporation IV - Class A Ordinary Shares,stock,Ordinary Share,Nasdaq Capital Market,N,100
RADX,Radiopharm Theranostics Limited - American Depositary Shares,stock,Depositary Share,Nasdaq Capital Market,N,100
RAIL,"Freightcar America, Inc. - Common Stock",stock,Common Stock,Nasdaq Global Select Market,N,100
RAIN,"Rain Enhancement Technologies Holdco, Inc. - Class A Common Stock",stock,Common Stock,Nasdaq Capital Market,D,100
RAINW,"Rain Enhancement Technologies Holdco, Inc. - Warrants",stock,Warrant,Nasdaq Capital Market,D,100
RAND,Rand Capital Corporation - Closed End Fund,stock,Closed-End Fund,Nasdaq Capital Market,N,100
RANG,Range Capital Acquisition Corp. - Ordinary Shares,stock,Ordinary Share,Nasdaq Global Market,N,100
RANGR,Range Capital Acquisition Corp. - Rights,stock,Right,Nasdaq Global Market,N,100
RANGU,Range Capital Acquisition Corp. - Units,stock,Unit,Nasdaq Global Market,N,100
RANI,"Rani Therapeutics Holdings, Inc. - Class A Common Stock",stock,Common Stock,Nasdaq Global Market,D,100
RAPP,"Rapport Therapeutics, Inc. - Common Stock",stock,Common Stock,Nasdaq Global Market,N,100
RARE,Ultragenyx Pharmaceutical Inc. - Common Stock,stock,Common Stock,Nasdaq Global Select Market,N,100
RAUS,RACWI US ETF,etf,ETF,Nasdaq Global Market,N,100
RAVE,"Rave Restaurant Group, Inc. - Common Stock",stock,Common Stock,Nasdaq Capital Market,N,100
RAY,Raytech Holding Limited - Ordinary Shares,stock,Ordinary Share,Nasdaq Capital Market,N,100
RAYA,Erayak Power Solution Group Inc. - Class A Ordinary Shares,stock,Ordinary Share,Nasdaq Capital Market,N,100
RBB,RBB Bancorp - Common Stock,stock,Common Stock,Nasdaq Global Select Market,N,100
RBBN,Ribbon Communications Inc.  - Common Stock,stock,Common Stock,Nasdaq Global Select Market,N,100
RBCAA,"Republic Bancorp, Inc. - Class A Common Stock",stock,Common Stock,Nasdaq Global Select Market,N,100
RBIL,F/m Ultrashort Treasury Inflation-Protected Security (TIPS) ETF,etf,ETF,Nasdaq Global Market,N,100
RBKB,"Rhinebeck Bancorp, Inc. - Common Stock",stock,Common Stock,Nasdaq Capital Market,N,100
RBNE,Robin Energy Ltd. - Common Stock,stock,Common Stock,Nasdaq Capital Market,N,100
RCAT,"Red Cat Holdings, Inc. - Common Stock",stock,Common Stock,Nasdaq Capital Market,N,100
RCAX,Defiance Daily Target 2x Long RCAT ETF,etf,ETF,Nasdaq Global Market,N,100
RCEL,"Avita Medical, Inc. - Common Stock",stock,Common Stock,Nasdaq Capital Market,N,100
RCGE,RockCreek Global Equality ETF,etf,ETF,Nasdaq Global Market,N,100
RCKT,"Rocket Pharmaceuticals, Inc. - Common Stock",stock,Common Stock,Nasdaq Global Market,N,100
RCKTW,"Rocket Pharmaceuticals, Inc. - Warrant",stock,Warrant,Nasdaq Capital Market,N,100
RCKY,"Rocky Brands, Inc. - Common Stock",stock,Common Stock,Nasdaq Global Select Market,N,100
RCMT,"RCM Technologies, Inc. - Common Stock",stock,Common Stock,Nasdaq Global Market,N,100
RCON,"Recon Technology, Ltd. - Class A Ordinary Shares",stock,Ordinary Share,Nasdaq Capital Market,D,100
RCT,RedCloud Holdings plc - Ordinary Shares,stock,Ordinary Share,Nasdaq Capital Market,D,100
RDAC,Rising Dragon Acquisition Corp. - Ordinary Shares,stock,Ordinary Share,Nasdaq Capital Market,N,100
RDACR,Rising Dragon Acquisition Corp. - Rights,stock,Right,Nasdaq Capital Market,N,100
RDACU,Rising Dragon Acquisition Corp. - Unit,stock,Unit,Nasdaq Capital Market,N,100
RDAG,Republic Digital Acquisition Company - Class A Ordinary Shares,stock,Ordinary Share,Nasdaq Global Market,N,100
RDAGU,Republic Digital Acquisition Company - Unit,stock,Unit,Nasdaq Global Market,N,100
RDAGW,Republic Digital Acquisition Company - Warrants,stock,Warrant,Nasdaq Global Market,N,100
RDCM,Radcom Ltd. - Ordinary Shares,stock,Ordinary Share,Nasdaq Capital Market,N,100
RDGT,"Ridgetech, Inc. - Ordinary Shares",stock,Ordinary Share,Nasdaq Capital Market,N,100
RDHL,Redhill Biopharma Ltd. - American Depositary Shares,stock,Depositary Share,Nasdaq Capital Market,D,100
RDI,Reading International Inc - Class A Non-voting Common Stock,stock,Common Stock,Nasdaq Capital Market,N,100
RDIB,Reading International Inc - Class B Voting Common Stock,stock,Common Stock,Nasdaq Capital Market,N,100
RDNT,"RadNet, Inc. - Common Stock",stock,Common Stock,Nasdaq Global Market,N,100
RDNW,"RideNow Group, Inc. - Class B Common Stock",stock,Common Stock,Nasdaq Capital Market,N,100
RDTL,GraniteShares 2x Long RDDT Daily ETF,etf,ETF,Nasdaq Global Market,N,100
RDTY,YieldMax R2000 0DTE Covered Strategy ETF,etf,ETF,Nasdaq Global Market,N,100
RDVT,"Red Violet, Inc. - Common Stock",stock,Common Stock,Nasdaq Capital Market,N,100
RDVY,First Trust Rising Dividend Achievers ETF,etf,ETF,Nasdaq Global Market,N,100
RDWR,Radware Ltd. - Ordinary Shares,stock,Ordinary Share,Nasdaq Global Select Market,N,100
RDZN,"Roadzen, Inc. - Ordinary Shares",stock,Ordinary Share,Nasdaq Global Market,N,100
RDZNW,"Roadzen, Inc. - Warrants",stock,Warrant,Nasdaq Capital Market,N,100
REAI,Intelligent Real Estate ETF,etf,ETF,Nasdaq Global Market,N,100
REAL,"The RealReal, Inc. - Common Stock",stock,Common Stock,Nasdaq Global Select Market,N,100
REAX,"The Real Brokerage, Inc. - Common Shares",stock,Common Stock,Nasdaq Capital Market,N,100
REBN,"Reborn Coffee, Inc. - Common Stock",stock,Common Stock,Nasdaq Capital Market,N,100
RECT,Rectitude Holdings Ltd - Ordinary Shares,stock,Ordinary Share,Nasdaq Capital Market,N,100
REFI,"Chicago Atlantic Real Estate Finance, Inc. - Common Stock",stock,Common Stock,Nasdaq Global Market,N,100
REFR,Research Frontiers Incorporated - Common Stock,stock,Common Stock,Nasdaq Capital Market,D,100
REG,Regency Centers Corporation - Common Stock,stock,Common Stock,Nasdaq Global Select Market,N,100
REGCO,Regency Centers Corporation - 5.875% Series B Cumulative Redeemable Preferred Stock,stock,Preferred,Nasdaq Global Select Market,N,100
REGCP,Regency Centers Corporation - 6.25% Series A Cumulative Redeemable Preferred Stock,stock,Preferred,Nasdaq Global Select Market,N,100
REGN,"Regeneron Pharmaceuticals, Inc. - Common Stock",stock,Common Stock,Nasdaq Global Select Market,N,40
REIT,ALPS Active REIT ETF,etf,ETF,Nasdaq Global Market,N,100
REKR,"Rekor Systems, Inc. - Common Stock",stock,Common Stock,Nasdaq Capital Market,D,100
RELL,"Richardson Electronics, Ltd. - Common Stock",stock,Common Stock,Nasdaq Global Select Market,N,100
RELY,"Remitly Global, Inc. - Common stock",stock,Common Stock,Nasdaq Global Select Market,N,100
REMG,Russell Investments Emerging Markets Equity ETF,etf,ETF,Nasdaq Global Market,N,100
RENT,"Rent the Runway, Inc. - Class A Common Stock",stock,Common Stock,Nasdaq Global Market,N,100
RENX,RenX Enterprises Corp. - Common Stock,stock,Common Stock,Nasdaq Capital Market,N,100
REPL,"Replimune Group, Inc. - Common Stock",stock,Common Stock,Nasdaq Global Select Market,N,100
RETO,"ReTo Eco-Solutions, Inc. - Class A Shares",stock,Nasdaq Listed Security,Nasdaq Capital Market,N,100
REVB,"Revelation Biosciences, Inc. - Common Stock",stock,Common Stock,Nasdaq Capital Market,N,100
REVBW,"Revelation Biosciences, Inc. - Warrant",stock,Warrant,Nasdaq Capital Market,N,100
REXC,Sprott Rare Earths Ex-China ETF,etf,ETF,Nasdaq Global Market,N,100
REYN,Reynolds Consumer Products Inc. - Common Stock,stock,Common Stock,Nasdaq Global Select Market,N,100
RFAI,RF Acquisition Corp II - Ordinary Shares,stock,Ordinary Share,Nasdaq Global Market,N,100
RFAIR,RF Acquisition Corp II - Right,stock,Right,Nasdaq Global Market,N,100
RFAIU,RF Acquisition Corp II - Unit,stock,Unit,Nasdaq Global Market,N,100
RFAM,RF Acquisition Corp III - Ordinary Shares,stock,Ordinary Share,Nasdaq Global Market,N,100
RFAMR,RF Acquisition Corp III - Rights,stock,Right,Nasdaq Global Market,N,100
RFAMU,RF Acquisition Corp III - Units,stock,Unit,Nasdaq Global Market,N,100
RFDI,First Trust RiverFront Dynamic Developed International ETF,etf,ETF,Nasdaq Global Market,N,100
RFEM,First Trust RiverFront Dynamic Emerging Markets ETF,etf,ETF,Nasdaq Global Market,N,100
RFIL,"RF Industries, Ltd. - Common Stock",stock,Common Stock,Nasdaq Global Market,N,100
RGC,Regencell Bioscience Holdings Limited - Ordinary Shares,stock,Ordinary Share,Nasdaq Capital Market,N,100
RGCO,RGC Resources Inc. - Common Stock,stock,Common Stock,Nasdaq Global Market,N,100
RGEN,Repligen Corporation - Common Stock,stock,Common Stock,Nasdaq Global Select Market,N,100
RGLD,"Royal Gold, Inc. - Common Stock",stock,Common Stock,Nasdaq Global Select Market,N,40
RGLO,Russell Investments Global Equity ETF,etf,ETF,Nasdaq Global Market,N,100
RGNX,REGENXBIO Inc. - Common Stock,stock,Common Stock,Nasdaq Global Select Market,N,100
RGP,"Resources Connection, Inc. - Common Stock",stock,Common Stock,Nasdaq Global Select Market,N,100
RGS,Regis Corporation - Common Stock,stock,Common Stock,Nasdaq Global Market,N,100
RGTI,"Rigetti Computing, Inc.  - Common stock",stock,Common Stock,Nasdaq Capital Market,N,100
RGTIW,"Rigetti Computing, Inc.  - Redeemable warrants, each whole warrant exercisable for one Class A ordinary share at an exercise price of $11.50",stock,Warrant,Nasdaq Capital Market,N,100
RGTX,Defiance Daily Target 2X Long RGTI ETF,etf,ETF,Nasdaq Global Market,N,100
RGTZ,Defiance Daily Target 2x Short RGTI ETF,etf,ETF,Nasdaq Global Market,N,100
RGYY,GraniteShares YieldBoost RGTI ETF,etf,ETF,Nasdaq Global Market,N,100
RIBB,Ribbon Acquisition Corp - Class A Ordinary Shares,stock,Ordinary Share,Nasdaq Capital Market,N,100
RIBBR,Ribbon Acquisition Corp - Rights,stock,Right,Nasdaq Capital Market,N,100
RIBBU,Ribbon Acquisition Corp - Unit,stock,Unit,Nasdaq Capital Market,N,100
RICK,"RCI Hospitality Holdings, Inc. - Common Stock",stock,Common Stock,Nasdaq Global Market,N,100
RIFR,Russell Investments Global Infrastructure ETF,etf,ETF,Nasdaq Global Market,N,100
RIGL,"Rigel Pharmaceuticals, Inc. - Common Stock",stock,Common Stock,Nasdaq Global Select Market,N,100
RILY,"BRC Group Holdings, Inc. - Common Stock",stock,Common Stock,Nasdaq Global Market,N,100
RILYG,"BRC Group Holdings, Inc. - 5.00% Senior Notes due 2026",stock,Note,Nasdaq Global Market,N,100
RILYL,"BRC Group Holdings, Inc. - Depositary Shares, each representing a 1/1000th fractional interest in a share of Series B Cumulative Perpetual Preferred Stock",stock,Preferred,Nasdaq Global Market,N,100
RILYN,"BRC Group Holdings, Inc. - 6.50% Senior Notes Due 2026",stock,Note,Nasdaq Global Market,N,100
RILYP,"BRC Group Holdings, Inc. - Depositary Shares, each representing a 1/1000th fractional interest in a share of Series A Cumulative Perpetual Preferred Stock",stock,Preferred,Nasdaq Global Market,N,100
RILYT,"BRC Group Holdings, Inc. - 6.00% Senior Notes Due 2028",stock,Note,Nasdaq Global Market,N,100
RILYZ,"BRC Group Holdings, Inc. - 5.25% Senior Notes due 2028",stock,Note,Nasdaq Global Market,N,100
RIME,"Algorhythm Holdings, Inc. - Common Stock",stock,Common Stock,Nasdaq Capital Market,D,100
RING,iShares MSCI Global Gold Miners ETF,etf,ETF,Nasdaq Global Market,N,100
RINT,Russell Investments International Developed Equity ETF,etf,ETF,Nasdaq Global Market,N,100
RIOT,"Riot Platforms, Inc. - Common Stock",stock,Common Stock,Nasdaq Capital Market,N,100
RITR,Reitar Logtech Holdings Limited - Ordinary shares,stock,Ordinary Share,Nasdaq Capital Market,D,100
RIVN,"Rivian Automotive, Inc. - Class A Common Stock",stock,Common Stock,Nasdaq Global Select Market,N,100
RJET,Republic Airways Holdings Inc. - Common Stock,stock,Common Stock,Nasdaq Global Select Market,N,100
RKDA,"Arcadia Biosciences, Inc. - Common Stock",stock,Common Stock,Nasdaq Capital Market,N,100
RKLB,Rocket Lab Corporation - Common Stock,stock,Common Stock,Nasdaq Global Select Market,N,100
RKLX,Defiance Daily Target 2X Long RKLB ETF,etf,ETF,Nasdaq Global Market,N,100
RKLZ,Defiance Daily Target 2x Short RKLB ETF,etf,ETF,Nasdaq Global Market,N,100
RKNG,Defiance Retail Kings ETF,etf,ETF,Nasdaq Global Market,N,100
RKTO,Rocket One Inc. - Common Stock,stock,Common Stock,Nasdaq Capital Market,N,100
RLAY,"Relay Therapeutics, Inc. - Common Stock",stock,Common Stock,Nasdaq Global Market,N,100
RLMD,"Relmada Therapeutics, Inc. - Common Stock",stock,Common Stock,Nasdaq Capital Market,N,100
RLYB,Rallybio Corporation - Common Stock,stock,Common Stock,Nasdaq Capital Market,N,100
RMBI,"Richmond Mutual Bancorporation, Inc. - Common Stock",stock,Common Stock,Nasdaq Capital Market,N,100
RMBS,"Rambus, Inc. - Common Stock",stock,Common Stock,Nasdaq Global Select Market,N,100
RMCF,"Rocky Mountain Chocolate Factory, Inc. - Common Stock",stock,Common Stock,Nasdaq Capital Market,N,100
RMCO,Royalty Management Holding Corporation - Class A Common Stock,stock,Common Stock,Nasdaq Capital Market,N,100
RMCOW,Royalty Management Holding Corporation - Warrant,stock,Warrant,Nasdaq Capital Market,N,100
RMIX,"Suncrete, Inc. - Class A Common Stock",stock,Common Stock,Nasdaq Global Market,N,100
RMNI,"Rimini Street, Inc. - Common Stock",stock,Common Stock,Nasdaq Global Market,N,100
RMR,The RMR Group Inc. - Class A Common Stock,stock,Common Stock,Nasdaq Capital Market,N,100
RMSG,Real Messenger Corporation - Ordinary Shares,stock,Ordinary Share,Nasdaq Capital Market,D,100
RMSGW,Real Messenger Corporation - Warrants,stock,Warrant,Nasdaq Capital Market,D,100
RMTI,"Rockwell Medical, Inc. - Common Stock",stock,Common Stock,Nasdaq Capital Market,N,100
RNA,"Atrium Therapeutics, Inc. - Common Stock",stock,Common Stock,Nasdaq Global Select Market,N,100
RNAC,"Cartesian Therapeutics, Inc. - Common Stock",stock,Common Stock,Nasdaq Global Market,N,100
RNAZ,"TransCode Therapeutics, Inc. - Common Stock",stock,Common Stock,Nasdaq Capital Market,N,100
RNEM,Emerging Markets Equity Select ETF,etf,ETF,Nasdaq Global Market,N,100
RNGT,Range Capital Acquisition Corp II - Class A Ordinary Shares,stock,Ordinary Share,Nasdaq Global Market,N,100
RNGTU,Range Capital Acquisition Corp II - Units,stock,Unit,Nasdaq Global Market,N,100
RNGTW,Range Capital Acquisition Corp II - Warrants,stock,Warrant,Nasdaq Global Market,N,100
RNIN,Bushido Capital US SMID Cap Equity ETF,etf,ETF,Nasdaq Global Market,N,100
RNRG,Global X Renewable Energy Producers ETF,etf,ETF,Nasdaq Global Market,N,100
RNTX,"Rein Therapeutics, Inc. - Common Stock",stock,Common Stock,Nasdaq Capital Market,N,100
RNW,ReNew Energy Global plc - Class A Shares,stock,Nasdaq Listed Security,Nasdaq Global Select Market,N,100
RNWWW,ReNew Energy Global plc - Warrant,stock,Warrant,Nasdaq Global Select Market,N,100
RNXT,"RenovoRx, Inc. - Common Stock",stock,Common Stock,Nasdaq Capital Market,D,100
ROAD,"Construction Partners, Inc. - Common Stock",stock,Common Stock,Nasdaq Global Select Market,N,100
ROBT,First Trust Nasdaq Artificial Intelligence and Robotics ETF,etf,ETF,Nasdaq Global Market,N,100
ROC,Rank One Computing Corporation - Common stock,stock,Common Stock,Nasdaq Capital Market,N,100
ROCK,"Gibraltar Industries, Inc. - Common Stock",stock,Common Stock,Nasdaq Global Select Market,N,100
ROCQ,JPMorgan Nasdaq Equity Premium Yield ETF,etf,ETF,Nasdaq Global Market,N,100
ROCY,JPMorgan Equity Premium Yield ETF,etf,ETF,Nasdaq Global Market,N,100
ROE,Astoria US Equal Weight Quality Kings ETF,etf,ETF,Nasdaq Global Market,N,100
ROIV,Roivant Sciences Ltd. - Common Shares,stock,Common Stock,Nasdaq Global Select Market,N,100
ROKU,"Roku, Inc. - Class A Common Stock",stock,Common Stock,Nasdaq Global Select Market,N,100
ROMA,Roma Green Finance Limited - Class A Ordinary Shares,stock,Ordinary Share,Nasdaq Capital Market,N,100
ROOT,"Root, Inc. - Common Stock",stock,Common Stock,Nasdaq Global Select Market,N,100
ROP,"Roper Technologies, Inc. - Common Stock",stock,Common Stock,Nasdaq Global Select Market,N,40
ROST,"Ross Stores, Inc. - Common Stock",stock,Common Stock,Nasdaq Global Select Market,N,100
RPAY,Repay Holdings Corporation - Class A Common Stock,stock,Common Stock,Nasdaq Capital Market,N,100
RPD,"Rapid7, Inc. - Common Stock",stock,Common Stock,Nasdaq Global Market,N,100
RPGL,Republic Power Group Limited - Class A Ordinary Shares,stock,Ordinary Share,Nasdaq Capital Market,N,100
RPID,"Rapid Micro Biosystems, Inc. - Class A Common Stock",stock,Common Stock,Nasdaq Capital Market,N,100
RPRX,Royalty Pharma plc - Class A Ordinary Shares,stock,Ordinary Share,Nasdaq Global Select Market,N,100
RR,Richtech Robotics Inc. - Class B Common Stock,stock,Common Stock,Nasdaq Capital Market,E,100
RRBI,"Red River Bancshares, Inc. - Common Stock",stock,Common Stock,Nasdaq Global Select Market,N,100
RREV,RRE Ventures Acquisition Corp. - Class A Ordinary Shares,stock,Ordinary Share,Nasdaq Global Market,N,100
RREVU,RRE Ventures Acquisition Corp. - Units,stock,Unit,Nasdaq Global Market,N,100
RREVW,RRE Ventures Acquisition Corp. - Warrants,stock,Warrant,Nasdaq Global Market,N,100
RRGB,"Red Robin Gourmet Burgers, Inc. - Common Stock",stock,Common Stock,Nasdaq Global Select Market,N,100
RRR,"Red Rock Resorts, Inc. - Class A Common Stock",stock,Common Stock,Nasdaq Global Select Market,N,100
RSSS,"Research Solutions, Inc - Common Stock",stock,Common Stock,Nasdaq Capital Market,N,100
RSVR,"Reservoir Media, Inc.. - Common Stock",stock,Common Stock,Nasdaq Global Market,N,100
RTAC,Renatus Tactical Acquisition Corp I - Class A Ordinary Shares,stock,Ordinary Share,Nasdaq Global Market,D,100
RTACU,Renatus Tactical Acquisition Corp I - Unit,stock,Unit,Nasdaq Global Market,D,100
RTACW,Renatus Tactical Acquisition Corp I - Warrant,stock,Warrant,Nasdaq Global Market,D,100
RTB,"RTB Digital, Inc. - Common Stock",stock,Common Stock,Nasdaq Capital Market,N,100
RTH,VanEck Retail ETF,etf,ETF,Nasdaq Global Market,N,40
RTXG,Leverage Shares 2X Long RTX Daily ETF,etf,ETF,Nasdaq Global Market,N,100
RTYY,GraniteShares YieldBoost RIOT ETF,etf,ETF,Nasdaq Global Market,N,100
RUBI,Rubico Inc. - Common Stock,stock,Common Stock,Nasdaq Capital Market,N,100
RUM,RUM Group Inc. - Class A Common Stock,stock,Common Stock,Nasdaq Global Market,N,100
RUMBW,RUM Group Inc. - Warrant,stock,Warrant,Nasdaq Global Market,N,100
RUN,Sunrun Inc. - Common Stock,stock,Common Stock,Nasdaq Global Select Market,N,100
RUNN,Running Oak Efficient Growth ETF,etf,ETF,Nasdaq Global Market,N,100
RUSC,Russell Investments U.S. Small Cap Equity ETF,etf,ETF,Nasdaq Global Market,N,100
RUSHA,"Rush Enterprises, Inc. - Class A Common Stock",stock,Common Stock,Nasdaq Global Select Market,N,100
RUSHB,"Rush Enterprises, Inc. - Class B Common Stock",stock,Common Stock,Nasdaq Global Select Market,N,100
RVMD,"Revolution Medicines, Inc. - Common Stock",stock,Common Stock,Nasdaq Global Select Market,N,100
RVMDW,"Revolution Medicines, Inc. - Warrant",stock,Warrant,Nasdaq Global Select Market,N,100
RVNL,GraniteShares 2x Long RIVN Daily ETF,etf,ETF,Nasdaq Global Market,N,100
RVSB,Riverview Bancorp Inc - Common Stock,stock,Common Stock,Nasdaq Global Select Market,N,100
RVSN,Rail Vision Ltd. - Ordinary Shares,stock,Ordinary Share,Nasdaq Capital Market,N,100
RVSNW,Rail Vision Ltd. - Warrant,stock,Warrant,Nasdaq Capital Market,N,100
RWAY,Runway Growth Finance Corp. - Common Stock,stock,Common Stock,Nasdaq Global Select Market,N,100
RWAYI,Runway Growth Finance Corp. - 7.25% Notes due 2031,stock,Nasdaq Listed Security,Nasdaq Global Select Market,N,100
RWAYL,Runway Growth Finance Corp. - 7.50% Notes due 2027,stock,Nasdaq Listed Security,Nasdaq Global Select Market,N,100
RWIN,Rayliant NxtGen Multifactor International Equity ETF,etf,ETF,Nasdaq Global Market,N,100
RXRX,"Recursion Pharmaceuticals, Inc. - Class A Common Stock",stock,Common Stock,Nasdaq Global Select Market,N,100
RXST,"RxSight, Inc. - Common Stock",stock,Common Stock,Nasdaq Global Market,N,100
RXT,"Rackspace Technology, Inc. - Common Stock",stock,Common Stock,Nasdaq Global Select Market,N,100
RYAAY,"Ryanair Holdings plc - American Depositary Shares, each representing five Ordinary Shares",stock,Depositary Share,Nasdaq Global Select Market,N,100
RYET,Ruanyun Edai Technology Inc. - Ordinary shares,stock,Ordinary Share,Nasdaq Capital Market,N,100
RYM,"RYTHM, Inc. - Common Stock",stock,Common Stock,Nasdaq Capital Market,N,100
RYOJ,"rYojbaba Co., Ltd. - Common Shares",stock,Common Stock,Nasdaq Capital Market,N,100
RYTM,"Rhythm Pharmaceuticals, Inc. - Common Stock",stock,Common Stock,Nasdaq Global Market,N,100
RZLT,"Rezolute, Inc. - Common Stock (NV)",stock,Common Stock,Nasdaq Capital Market,N,100
RZLV,Rezolve AI PLC - Ordinary Shares,stock,Ordinary Share,Nasdaq Global Market,N,100
RZLVW,Rezolve AI PLC - Warrants,stock,Warrant,Nasdaq Capital Market,N,100
SAAQ,Space Asset Acquisition Corp. - Class A Ordinary Shares,stock,Ordinary Share,Nasdaq Global Market,N,100
SAAQU,Space Asset Acquisition Corp. - Units,stock,Unit,Nasdaq Global Market,N,100
SAAQW,Space Asset Acquisition Corp. - Warrants,stock,Warrant,Nasdaq Global Market,N,100
SABR,Sabre Corporation - Common Stock,stock,Common Stock,Nasdaq Global Select Market,N,100
SABS,"SAB Biotherapeutics, Inc. - Common Stock",stock,Common Stock,Nasdaq Capital Market,N,100
SABSW,"SAB Biotherapeutics, Inc. - Warrant",stock,Warrant,Nasdaq Capital Market,N,100
SAFT,"Safety Insurance Group, Inc. - Common Stock",stock,Common Stock,Nasdaq Global Select Market,N,100
SAFX,"XCF Global, Inc. - Class A Common Stock",stock,Common Stock,Nasdaq Capital Market,D,100
SAGT,SAGTEC GLOBAL LIMITED - Class A Ordinary shares,stock,Ordinary Share,Nasdaq Capital Market,N,100
SAIA,"Saia, Inc. - Common Stock",stock,Common Stock,Nasdaq Global Select Market,N,40
SAIC,Science Applications International Corporation - Common Stock,stock,Common Stock,Nasdaq Global Select Market,N,100
SAIH,SAIHEAT Limited - Class A Ordinary Shares,stock,Ordinary Share,Nasdaq Capital Market,N,100
SAIHW,SAIHEAT Limited - Warrant,stock,Warrant,Nasdaq Capital Market,N,100
SAIL,"SailPoint, Inc. - Common Stock",stock,Common Stock,Nasdaq Global Select Market,N,100
SAMG,Silvercrest Asset Management Group Inc. - Common Stock,stock,Common Stock,Nasdaq Global Market,N,100
SANA,"Sana Biotechnology, Inc. - Common Stock",stock,Common Stock,Nasdaq Global Select Market,N,100
SANG,Sangoma Technologies Corporation - Common Shares,stock,Common Stock,Nasdaq Global Select Market,N,100
SANM,Sanmina Corporation - Common Stock,stock,Common Stock,Nasdaq Global Select Market,N,100
SARK,Tradr 1X Short Innovation Daily ETF,etf,ETF,Nasdaq Global Market,N,100
SATA,"Strive, Inc. - Variable Rate Series A Perpetual Preferred Stock",stock,Preferred,Nasdaq Global Market,N,100
SATL,Satellogic Inc. - Class A Common Stock,stock,Common Stock,Nasdaq Capital Market,N,100
SATLW,Satellogic Inc. - Warrant,stock,Warrant,Nasdaq Capital Market,N,100
SBAC,SBA Communications Corporation - Class A Common Stock,stock,Common Stock,Nasdaq Global Select Market,N,100
SBC,SBC Medical Group Holdings Incorporated - Common Stock,stock,Common Stock,Nasdaq Global Market,D,100
SBCF,Seacoast Banking Corporation of Florida - Common Stock,stock,Common Stock,Nasdaq Global Select Market,N,100
SBCWW,SBC Medical Group Holdings Incorporated - Warrants,stock,Warrant,Nasdaq Capital Market,D,100
SBET,"Sharplink, Inc. - Common Stock",stock,Common Stock,Nasdaq Capital Market,N,100
SBFG,"SB Financial Group, Inc. - Common Stock",stock,Common Stock,Nasdaq Capital Market,N,100
SBFM,Sunshine Biopharma Inc. - Common stock,stock,Common Stock,Nasdaq Capital Market,N,100
SBFMW,Sunshine Biopharma Inc. - Warrant,stock,Warrant,Nasdaq Capital Market,N,100
SBGI,"Sinclair, Inc. - Class A Common Stock",stock,Common Stock,Nasdaq Global Select Market,N,100
SBLK,Star Bulk Carriers Corp. - Common Shares,stock,Common Stock,Nasdaq Global Select Market,N,100
SBRA,"Sabra Health Care REIT, Inc. - Common Stock",stock,Common Stock,Nasdaq Global Select Market,N,100
SBUX,Starbucks Corporation - Common Stock,stock,Common Stock,Nasdaq Global Select Market,N,100
SCA,GraniteShares Autocallable SMCI ETF,etf,ETF,Nasdaq Global Market,N,100
SCAG,Scage Future - American Depositary Shares,stock,Depositary Share,Nasdaq Global Market,D,100
SCAGW,Scage Future - Warrants,stock,Warrant,Nasdaq Capital Market,N,100
SCDS,JPMorgan Fundamental Data Science Small Core ETF,etf,ETF,Nasdaq Global Market,N,100
SCHL,Scholastic Corporation - Common Stock,stock,Common Stock,Nasdaq Global Select Market,N,100
SCII,SC II Acquisition Corp. - Class A ordinary share,stock,Ordinary Share,Nasdaq Global Market,N,100
SCIIR,SC II Acquisition Corp. - Rights,stock,Right,Nasdaq Global Market,N,100
SCIIU,SC II Acquisition Corp. - Units,stock,Unit,Nasdaq Global Market,N,100
SCKT,"Socket Mobile, Inc. - Common Stock",stock,Common Stock,Nasdaq Capital Market,D,100
SCLX,Scilex Holding Company - Common Stock,stock,Common Stock,Nasdaq Capital Market,N,100
SCLXW,Scilex Holding Company - Warrant,stock,Warrant,Nasdaq Capital Market,N,100
SCNI,Scinai Immunotherapeutics Ltd. - American Depositary Shares,stock,Depositary Share,Nasdaq Capital Market,D,100
SCNX,"Scienture Holdings, Inc. - Common Stock",stock,Common Stock,Nasdaq Capital Market,D,100
SCOR,"comScore, Inc. - Common Stock",stock,Common Stock,Nasdaq Global Select Market,N,100
SCPQ,Social Commerce Partners Corporation - Class A Ordinary Shares,stock,Ordinary Share,Nasdaq Global Market,N,100
SCPQU,Social Commerce Partners Corporation - Unit,stock,Unit,Nasdaq Global Market,N,100
SCPQW,Social Commerce Partners Corporation - Warrant,stock,Warrant,Nasdaq Global Market,N,100
SCSC,"ScanSource, Inc. - Common Stock",stock,Common Stock,Nasdaq Global Select Market,N,100
SCTX,Scribe Therapeutics Inc. - Common Stock,stock,Common Stock,Nasdaq Global Market,N,100
SCWO,374Water Inc. - common stock,stock,Common Stock,Nasdaq Capital Market,N,100
SCYX,"SCYNEXIS, Inc. - Common Stock",stock,Common Stock,Nasdaq Capital Market,N,100
SCZ,iShares MSCI EAFE Small-Cap ETF,etf,ETF,Nasdaq Global Market,N,100
SCZM,Santacruz Silver Mining Ltd. - Common Shares,stock,Common Stock,Nasdaq Capital Market,N,100
SDA,SunCar Technology Group Inc. - Ordinary Shares,stock,Ordinary Share,Nasdaq Capital Market,D,100
SDAWW,SunCar Technology Group Inc. - Warrant,stock,Warrant,Nasdaq Capital Market,N,100
SDG,iShares MSCI Global Sustainable Development Goals ETF,etf,ETF,Nasdaq Global Market,N,100
SDGR,"Schrodinger, Inc. - Common Stock",stock,Common Stock,Nasdaq Global Select Market,N,100
SDHI,Siddhi Acquisition Corp - Class A Common stock,stock,Common Stock,Nasdaq Global Market,N,100
SDHIR,Siddhi Acquisition Corp - Right,stock,Right,Nasdaq Global Market,N,100
SDHIU,Siddhi Acquisition Corp - Unit,stock,Unit,Nasdaq Global Market,N,100
SDOT,Sadot Group Inc. - Common Stock,stock,Common Stock,Nasdaq Capital Market,N,100
SDSI,American Century Short Duration Strategic Income ETF,etf,ETF,Nasdaq Global Market,N,100
SDST,Stardust Power Inc. - Common Stock,stock,Common Stock,Nasdaq Capital Market,D,100
SDSTW,Stardust Power Inc. - Warrant,stock,Warrant,Nasdaq Capital Market,D,100
SDTY,YieldMax S&P 500 0DTE Covered Call Strategy ETF,etf,ETF,Nasdaq Global Market,N,100
SDVY,First Trust SMID Cap Rising Dividend Achievers ETF,etf,ETF,Nasdaq Global Market,N,100
SEAT,Vivid Seats Inc. - Class A common stock,stock,Common Stock,Nasdaq Global Select Market,N,100
SEATW,Vivid Seats Inc. - Warrant,stock,Warrant,Nasdaq Global Select Market,N,100
SEDG,"SolarEdge Technologies, Inc. - Common Stock",stock,Common Stock,Nasdaq Global Select Market,N,100
SEED,Origin Agritech Limited - Ordinary Shares,stock,Ordinary Share,Nasdaq Capital Market,N,100
SEEM,SEI Select Emerging Markets Equity ETF,etf,ETF,Nasdaq Global Market,N,100
SEER,"Seer, Inc. - Class A Common Stock",stock,Common Stock,Nasdaq Global Select Market,N,100
SEGG,Sports Entertainment Gaming Global Corporation  - Common Stock,stock,Common Stock,Nasdaq Global Market,E,100
SEIC,SEI Investments Company - Common Stock,stock,Common Stock,Nasdaq Global Select Market,N,100
SEIE,SEI Select International Equity ETF,etf,ETF,Nasdaq Global Market,N,100
SEIS,SEI Select Small Cap ETF,etf,ETF,Nasdaq Global Market,N,100
SELF,"Global Self Storage, Inc. - Common Stock",stock,Common Stock,Nasdaq Capital Market,N,100
SEMY,GraniteShares YieldBOOST Semiconductor ETF,etf,ETF,Nasdaq Global Market,N,100
SENEA,Seneca Foods Corp. - Class A Common Stock,stock,Common Stock,Nasdaq Global Select Market,N,100
SENEB,Seneca Foods Corp. - Class B Common Stock,stock,Common Stock,Nasdaq Global Select Market,N,100
SENS,"Senseonics Holdings, Inc. - Common Stock",stock,Common Stock,Nasdaq Global Select Market,N,100
SEPN,"Septerna, Inc. - Common Stock",stock,Common Stock,Nasdaq Global Market,N,100
SERA,"Sera Prognostics, Inc. - Class A Common Stock",stock,Common Stock,Nasdaq Global Market,N,100
SERV,Serve Robotics Inc. - Common Stock,stock,Common Stock,Nasdaq Capital Market,N,100
SETM,Sprott Critical Materials ETF,etf,ETF,Nasdaq Global Market,N,100
SEUS,SEI QiM U.S. Equity Factor Allocation Active ETF,etf,ETF,Nasdaq Global Market,N,100
SEV,Aptera Motors Corp. - Class B Common Stock,stock,Common Stock,Nasdaq Capital Market,N,100
SEVN,Seven Hills Realty Trust  - Common Stock,stock,Common Stock,Nasdaq Capital Market,N,100
SEZL,Sezzle Inc. - Common Stock,stock,Common Stock,Nasdaq Capital Market,N,100
SFBC,"Sound Financial Bancorp, Inc. - Common Stock",stock,Common Stock,Nasdaq Capital Market,N,100
SFD,"Smithfield Foods, Inc. - Common Stock",stock,Common Stock,Nasdaq Global Select Market,N,100
SFHG,Samfine Creation Holdings Group Limited - Class A Ordinary Share,stock,Ordinary Share,Nasdaq Capital Market,N,100
SFIX,"Stitch Fix, Inc. - Class A Common Stock",stock,Common Stock,Nasdaq Global Select Market,N,100
SFLO,VictoryShares Small Cap Free Cash Flow ETF,etf,ETF,Nasdaq Global Market,N,100
SFM,"Sprouts Farmers Market, Inc. - Common Stock",stock,Common Stock,Nasdaq Global Select Market,N,100
SFNC,Simmons First National Corporation - Common Stock,stock,Common Stock,Nasdaq Global Select Market,N,100
SFST,"Southern First Bancshares, Inc. - Common Stock",stock,Common Stock,Nasdaq Global Market,N,100
SFWL,Shengfeng Development Limited - Class A Ordinary Shares,stock,Ordinary Share,Nasdaq Capital Market,N,100
SGA,"Saga Communications, Inc. - Class A Common Stock",stock,Common Stock,Nasdaq Global Market,N,100
SGC,"Superior Group of Companies, Inc. - Common Stock",stock,Common Stock,Nasdaq Global Market,N,100
SGHT,"Sight Sciences, Inc. - Common Stock",stock,Common Stock,Nasdaq Global Select Market,N,100
SGLY,Singularity Future Technology Ltd. - Common Stock,stock,Common Stock,Nasdaq Capital Market,D,100
SGML,Sigma Lithium Corporation - common shares,stock,Common Stock,Nasdaq Capital Market,N,100
SGMT,Sagimet Biosciences Inc. - Series A Common Stock,stock,Common Stock,Nasdaq Global Market,N,100
SGP,"SpyGlass Pharma, Inc. - Common Stock",stock,Common Stock,Nasdaq Global Select Market,N,100
SGRY,"Surgery Partners, Inc. - Common Stock",stock,Common Stock,Nasdaq Global Select Market,N,100
SGVA,F/m Accumulator Ultrashort Treasury Fund,etf,ETF,Nasdaq Global Market,N,100
SHAZ,"SharonAI Holdings, Inc. - Class A Common Stock",stock,Common Stock,Nasdaq Capital Market,N,100
SHBI,"Shore Bancshares, Inc. - Common Stock",stock,Common Stock,Nasdaq Global Select Market,N,100
SHC,Sotera Health Company - Common Stock,stock,Common Stock,Nasdaq Global Select Market,N,100
SHEN,Shenandoah Telecommunications Co - Common Stock,stock,Common Stock,Nasdaq Global Select Market,N,100
SHFS,"SHF Holdings, Inc. - Class A Common Stock",stock,Common Stock,Nasdaq Capital Market,D,100
SHFSW,"SHF Holdings, Inc. - Warrants",stock,Warrant,Nasdaq Capital Market,N,100
SHIM,Shimmick Corporation - Common Stock,stock,Common Stock,Nasdaq Capital Market,N,100
SHIP,Seanergy Maritime Holdings Corp. - Common Stock,stock,Common Stock,Nasdaq Capital Market,N,100
SHLS,"Shoals Technologies Group, Inc. - Class A Common Stock",stock,Common Stock,Nasdaq Global Market,N,100
SHMD,SCHMID Group N.V. - Class A Ordinary Shares,stock,Ordinary Share,Nasdaq Global Market,N,100
SHMDW,SCHMID Group N.V. - Warrants,stock,Warrant,Nasdaq Capital Market,N,100
SHOE,"Shoe Station Group, Inc. - Common Stock",stock,Common Stock,Nasdaq Global Select Market,N,100
SHOO,"Steven Madden, Ltd. - Common Stock",stock,Common Stock,Nasdaq Global Select Market,N,100
SHOP,Shopify Inc. - Class A Subordinate Voting Shares,stock,Nasdaq Listed Security,Nasdaq Global Select Market,N,100
SHOT,RMG ML Sports Holdings - Class A Ordinary Shares,stock,Ordinary Share,Nasdaq Global Market,N,100
SHOTR,RMG ML Sports Holdings - Rights,stock,Right,Nasdaq Global Market,N,100
SHOTU,RMG ML Sports Holdings - Unit,stock,Unit,Nasdaq Global Market,N,100
SHPH,"Shuttle Pharmaceuticals Holdings, Inc. - common stock",stock,Common Stock,Nasdaq Capital Market,N,100
SHPU,Direxion Daily SHOP Bull 2X ETF,etf,ETF,Nasdaq Global Market,N,100
SHRY,First Trust Bloomberg Shareholder Yield ETF,etf,ETF,Nasdaq Global Market,N,100
SHY,iShares 1-3 Year Treasury Bond ETF,etf,ETF,Nasdaq Global Market,N,100
SIBN,"SI-BONE, Inc. - Common Stock",stock,Common Stock,Nasdaq Global Market,N,100
SIDU,"Sidus Space, Inc. - Class A Common Stock",stock,Common Stock,Nasdaq Capital Market,N,100
SIEB,Siebert Financial Corp. - Common Stock,stock,Common Stock,Nasdaq Capital Market,N,100
SIFY,Sify Technologies Limited - American Depository Shares,stock,Nasdaq Listed Security,Nasdaq Capital Market,N,100
SIGA,SIGA Technologies Inc. - Common Stock,stock,Common Stock,Nasdaq Global Market,N,100
SIGI,"Selective Insurance Group, Inc. - Common Stock",stock,Common Stock,Nasdaq Global Select Market,N,100
SIGIP,"Selective Insurance Group, Inc. - Depositary Shares, each representing a 1/1,000th interest in a share of 4.60% Non-Cumulative Preferred Stock, Series B",stock,Preferred,Nasdaq Global Select Market,N,100
SILC,Silicom Ltd - Ordinary Shares,stock,Ordinary Share,Nasdaq Global Select Market,N,100
SILO,"Silo Pharma, Inc. - Common Stock",stock,Common Stock,Nasdaq Capital Market,N,100
SIMA,SIM Acquisition Corp. I - Class A Ordinary Shares,stock,Ordinary Share,Nasdaq Capital Market,N,100
SIMAU,SIM Acquisition Corp. I - Unit,stock,Unit,Nasdaq Capital Market,N,100
SIMAW,SIM Acquisition Corp. I - Warrant,stock,Warrant,Nasdaq Capital Market,N,100
SIMO,"Silicon Motion Technology Corporation - American Depositary Shares, each representing four ordinary shares",stock,Depositary Share,Nasdaq Global Select Market,N,100
SINT,"SiNtx Technologies, Inc. - Common Stock",stock,Common Stock,Nasdaq Capital Market,D,100
SION,"Sionna Therapeutics, Inc. - Common Stock",stock,Common Stock,Nasdaq Global Market,N,100
SIRI,SiriusXM Holdings Inc. - Common Stock,stock,Common Stock,Nasdaq Global Select Market,N,100
SITM,SiTime Corporation - Common Stock,stock,Common Stock,Nasdaq Global Market,N,40
SJ,Scienjoy Holding Corporation - Class A Ordinary Shares,stock,Ordinary Share,Nasdaq Capital Market,N,100
SJCP,SanJac Alpha Core Plus Bond ETF,etf,ETF,Nasdaq Global Market,N,100
SJLD,SanJac Alpha Low Duration ETF,etf,ETF,Nasdaq Global Market,N,100
SKDD,GraniteShares 2x Short SK Hynix Daily ETF,etf,ETF,Nasdaq Global Market,N,100
SKHY,SK hynix Inc. - American Depositary Shares,stock,Depositary Share,Nasdaq Global Select Market,N,100
SKIN,SkinHealth Systems Inc. - Class A Common Stock,stock,Common Stock,Nasdaq Capital Market,D,100
SKK,SKK Holdings Limited - Class A Ordinary Shares,stock,Ordinary Share,Nasdaq Capital Market,N,100
SKOR,FlexShares Credit-Scored US Corporate Bond Index Fund,etf,ETF,Nasdaq Global Market,N,100
SKRE,Tuttle Capital Daily 2X Inverse Regional Banks ETF,etf,ETF,Nasdaq Global Market,N,100
SKUU,GraniteShares 2x Long SK Hynix Daily ETF,etf,ETF,Nasdaq Global Market,N,100
SKWD,"Skyward Specialty Insurance Group, Inc. - Common Stock",stock,Common Stock,Nasdaq Global Select Market,N,100
SKYA,"SkyAI, Inc. - Common Stock",stock,Common Stock,Nasdaq Capital Market,N,100
SKYAW,"SkyAI, Inc. - Warrant",stock,Warrant,Nasdaq Capital Market,N,100
SKYE,"Skye Bioscience, Inc. - Common Stock",stock,Common Stock,Nasdaq Capital Market,D,100
SKYQ,Sky Quarry Inc. - Common Stock,stock,Common Stock,Nasdaq Capital Market,N,100
SKYU,ProShares Ultra Cloud Computing,etf,ETF,Nasdaq Global Market,N,100
SKYW,"SkyWest, Inc. - Common Stock",stock,Common Stock,Nasdaq Global Select Market,N,100
SKYX,SKYX Platforms Corp. - Common Stock,stock,Common Stock,Nasdaq Capital Market,N,100
SKYY,First Trust Cloud Computing ETF,etf,ETF,Nasdaq Global Market,N,100
SLAB,"Silicon Laboratories, Inc. - Common Stock",stock,Common Stock,Nasdaq Global Select Market,N,100
SLBT,SL Science Holding Limited - Ordinary Shares,stock,Ordinary Share,Nasdaq Global Market,N,100
SLDB,Solid Biosciences Inc. - Common Stock,stock,Common Stock,Nasdaq Global Select Market,N,100
SLDE,"Slide Insurance Holdings, Inc. - Common Stock",stock,Common Stock,Nasdaq Global Select Market,N,100
SLDP,"Solid Power, Inc. - Class A Common Stock",stock,Common Stock,Nasdaq Global Select Market,N,100
SLDPW,"Solid Power, Inc. - Warrant",stock,Warrant,Nasdaq Global Select Market,N,100
SLE,"Super League Enterprise, Inc. - Common Stock",stock,Common Stock,Nasdaq Capital Market,N,100
SLGB,Smart Logistics Global Limited - Class A Ordinary Shares,stock,Ordinary Share,Nasdaq Capital Market,D,100
SLGL,Sol-Gel Technologies Ltd. - Ordinary Shares,stock,Ordinary Share,Nasdaq Capital Market,N,100
SLM,SLM Corporation - Common Stock,stock,Common Stock,Nasdaq Global Select Market,N,100
SLMBP,"SLM Corporation - Floating Rate Non-Cumulative Preferred Stock, Series B",stock,Preferred,Nasdaq Global Select Market,N,100
SLMT,Brera Holdings PLC - Class B Ordinary Shares,stock,Ordinary Share,Nasdaq Capital Market,N,100
SLN,Silence Therapeutics Plc - American Depository Share,stock,Nasdaq Listed Security,Nasdaq Global Market,N,100
SLNG,"Stabilis Solutions, Inc. - Common Stock",stock,Common Stock,Nasdaq Capital Market,N,100
SLNH,"Soluna Holdings, Inc. - Common Stock",stock,Common Stock,Nasdaq Capital Market,N,100
SLNHP,"Soluna Holdings, Inc. - 9.0% Series A Cumulative Perpetual Preferred Stock",stock,Preferred,Nasdaq Capital Market,N,100
SLP,"Simulations Plus, Inc. - Common Stock",stock,Common Stock,Nasdaq Global Select Market,N,100
SLQD,iShares 0-5 Year Investment Grade Corporate Bond ETF,etf,ETF,Nasdaq Global Market,N,100
SLRC,SLR Investment Corp. - Closed End Fund,stock,Closed-End Fund,Nasdaq Global Select Market,N,100
SLS,"SELLAS Life Sciences Group, Inc.  - Common Stock",stock,Common Stock,Nasdaq Capital Market,N,100
SLSN,"Solesence, Inc. - Common stock",stock,Common Stock,Nasdaq Capital Market,N,100
SLVO,"ETRACS Silver Shares Covered Call ETNs due April 21, 2033",etf,ETF,Nasdaq Global Market,N,100
SLVR,Sprott Silver Miners & Physical Silver ETF,etf,ETF,Nasdaq Global Market,N,100
SLXN,Silexion Therapeutics Corp - Ordinary Shares,stock,Ordinary Share,Nasdaq Capital Market,N,100
SLXNW,Silexion Therapeutics Corp - Warrant,stock,Warrant,Nasdaq Capital Market,N,100
SMBC,"Southern Missouri Bancorp, Inc. - Common Stock",stock,Common Stock,Nasdaq Global Market,N,100
SMCF,Themes US Small Cap Cash Flow Champions ETF,etf,ETF,Nasdaq Global Market,N,100
SMCI,"Super Micro Computer, Inc. - Common Stock",stock,Common Stock,Nasdaq Global Select Market,N,100
SMCIP,"Super Micro Computer, Inc. - Depositary Shares Each Representing a 1/20th Interest in a Share of 7% Series A Mandatory Convertible Preferred Stock",stock,Preferred,Nasdaq Global Select Market,N,100
SMCL,GraniteShares 2x Long SMCI Daily ETF,etf,ETF,Nasdaq Global Market,N,100
SMCO,Hilton Small-MidCap Opportunity ETF,etf,ETF,Nasdaq Global Market,N,100
SMCX,Defiance Daily Target 2X Long SMCI ETF,etf,ETF,Nasdaq Global Market,N,100
SMCZ,Defiance Daily Target 2X Short SMCI ETF,etf,ETF,Nasdaq Global Market,N,100
SMH,VanEck Semiconductor ETF,etf,ETF,Nasdaq Global Market,N,40
SMHC,VanEck China Semiconductor ETF,etf,ETF,Nasdaq Global Market,N,100
SMHX,VanEck Fabless Semiconductor ETF,etf,ETF,Nasdaq Global Market,N,100
SMID,Smith-Midland Corporation - Common Stock,stock,Common Stock,Nasdaq Capital Market,N,100
SMMT,Summit Therapeutics Inc.  - Common Stock,stock,Common Stock,Nasdaq Global Market,N,100
SMOM,Symmetry Panoramic Sector Momentum ETF,etf,ETF,Nasdaq Global Market,N,100
SMPL,The Simply Good Foods Company - Common Stock,stock,Common Stock,Nasdaq Capital Market,N,100
SMRI,Bushido Capital US Equity ETF,etf,ETF,Nasdaq Global Market,N,100
SMSI,"Smith Micro Software, Inc. - Common Stock",stock,Common Stock,Nasdaq Capital Market,N,100
SMST,Defiance Daily Target 2x Short MSTR ETF,etf,ETF,Nasdaq Global Market,N,100
SMTC,Semtech Corporation - Common Stock,stock,Common Stock,Nasdaq Global Select Market,N,100
SMTI,Sanara MedTech Inc. - Common Stock,stock,Common Stock,Nasdaq Capital Market,N,100
SMTK,"SmartKem, Inc. - Common Stock",stock,Common Stock,Nasdaq Capital Market,D,100
SMX,SMX (Security Matters) Public Limited Company - Ordinary Shares,stock,Ordinary Share,Nasdaq Capital Market,N,100
SMXT,Solarmax Technology Inc. - Common Stock,stock,Common Stock,Nasdaq Capital Market,D,100
SMXWW,SMX (Security Matters) Public Limited Company - Warrant,stock,Warrant,Nasdaq Capital Market,N,100
SMYY,GraniteShares YieldBOOST SMCI ETF,etf,ETF,Nasdaq Global Market,N,100
SNAG,Leverage Shares 2x Long SNAP Daily ETF,etf,ETF,Nasdaq Global Market,N,100
SNAL,"Snail, Inc. - Class A Common Stock",stock,Common Stock,Nasdaq Capital Market,D,100
SND,"Smart Sand, Inc. - Common Stock",stock,Common Stock,Nasdaq Global Select Market,N,100
SNDK,Sandisk Corporation - Common Stock When-Issued,stock,Common Stock,Nasdaq Global Select Market,N,40
SNDL,SNDL Inc. - Common Shares,stock,Common Stock,Nasdaq Capital Market,N,100
SNDX,"Syndax Pharmaceuticals, Inc. - Common Stock",stock,Common Stock,Nasdaq Global Select Market,N,100
SNES,"SenesTech, Inc. - Common Stock",stock,Common Stock,Nasdaq Capital Market,N,100
SNEX,StoneX Group Inc. - Common Stock,stock,Common Stock,Nasdaq Global Select Market,N,100
SNFCA,Security National Financial Corporation - Class A Common Stock,stock,Common Stock,Nasdaq Global Market,N,100
SNGX,"Soligenix, Inc. - Common Stock",stock,Common Stock,Nasdaq Capital Market,D,100
SNOA,"Sonoma Pharmaceuticals, Inc. - Common Stock",stock,Common Stock,Nasdaq Capital Market,N,100
SNPS,"Synopsys, Inc. - Common Stock",stock,Common Stock,Nasdaq Global Select Market,N,40
SNSR,Global X Internet of Things ETF,etf,ETF,Nasdaq Global Market,N,100
SNT,Senstar Technologies Corporation - Common Shares,stock,Common Stock,Nasdaq Global Market,N,100
SNTG,Sentage Holdings Inc. - Class A Ordinary Shares,stock,Ordinary Share,Nasdaq Capital Market,N,100
SNTI,"Senti Biosciences Holdings, Inc. - Common Stock",stock,Common Stock,Nasdaq Capital Market,N,100
SNWV,"SANUWAVE Health, Inc. - Common Stock",stock,Common Stock,Nasdaq Global Market,N,100
SNY,Sanofi - American Depositary Shares,stock,Depositary Share,Nasdaq Global Select Market,N,100
SNYR,Synergy CHC Corp. - Common Stock,stock,Common Stock,Nasdaq Capital Market,D,100
SOBR,"SOBR Safe, Inc. - Common Stock",stock,Common Stock,Nasdaq Capital Market,D,100
SOCA,Solarius Capital Acquisition Corp. - Class A Ordinary Share,stock,Ordinary Share,Nasdaq Global Market,N,100
SOCAU,Solarius Capital Acquisition Corp. - Units,stock,Unit,Nasdaq Global Market,N,100
SOCAW,Solarius Capital Acquisition Corp. - Warrant,stock,Warrant,Nasdaq Global Market,N,100
SOCL,Global X Social Media ETF,etf,ETF,Nasdaq Global Market,N,100
SOFA,Direxion Daily SOFI Bull 2X ETF,etf,ETF,Nasdaq Global Market,N,100
SOFI,"SoFi Technologies, Inc.  - Common Stock",stock,Common Stock,Nasdaq Global Select Market,N,100
SOFX,Defiance Daily Target 2X Long SOFI ETF,etf,ETF,Nasdaq Global Market,N,100
SOGP,Sound Group Inc. - American Depositary Shares,stock,Depositary Share,Nasdaq Capital Market,N,100
SOHU,Sohu.com Limited  - American Depositary Shares,stock,Depositary Share,Nasdaq Global Select Market,N,100
SOLC,Canary Marinade Solana ETF,etf,ETF,Nasdaq Global Market,N,100
SOLS,Solstice Advanced Materials Inc. - Common Stock,stock,Common Stock,Nasdaq Global Select Market,N,100
SOLT,2x Solana ETF,etf,ETF,Nasdaq Global Market,N,100
SOLZ,Solana ETF,etf,ETF,Nasdaq Global Market,N,100
SONM,"DNA X, Inc. - Common Stock",stock,Common Stock,Nasdaq Capital Market,D,100
SONO,"Sonos, Inc. - Common Stock",stock,Common Stock,Nasdaq Global Select Market,N,100
SOPH,SOPHiA GENETICS SA - Ordinary Shares,stock,Ordinary Share,Nasdaq Global Select Market,N,100
SORA,AsiaStrategy - Ordinary Shares,stock,Ordinary Share,Nasdaq Capital Market,N,100
SORN,Soren Acquisition Corp. - Class A Ordinary Shares,stock,Ordinary Share,Nasdaq Global Market,N,100
SORNU,Soren Acquisition Corp. - Unit,stock,Unit,Nasdaq Global Market,N,100
SORNW,Soren Acquisition Corp. - Warrant,stock,Warrant,Nasdaq Global Market,N,100
SOTK,Sono-Tek Corporation - Common Stock,stock,Common Stock,Nasdaq Capital Market,N,100
SOUN,"SoundHound AI, Inc. - Class A Common Stock",stock,Common Stock,Nasdaq Global Market,N,100
SOUNW,"SoundHound AI, Inc. - Warrant",stock,Warrant,Nasdaq Global Market,N,100
SOUX,Defiance Daily Target 2X Long SOUN ETF,etf,ETF,Nasdaq Global Market,N,100
SOWG,Sow Good Inc. - Common Stock,stock,Common Stock,Nasdaq Capital Market,N,100
SOXQ,Invesco PHLX Semiconductor ETF,etf,ETF,Nasdaq Global Market,N,100
SOXX,iShares PHLX SOX Semiconductor Sector Index Fund,etf,ETF,Nasdaq Global Market,N,40
SPAI,Safe Pro Group Inc. - Common Stock,stock,Common Stock,Nasdaq Capital Market,N,100
SPAM,Themes Cybersecurity ETF,etf,ETF,Nasdaq Global Market,N,100
SPAQ,Horizon Kinetics SPAC Active ETF,etf,ETF,Nasdaq Global Market,N,100
SPBC,Simplify US Equity PLUS Bitcoin Strategy ETF,etf,ETF,Nasdaq Global Market,N,100
SPCB,"SuperCom, Ltd. - Ordinary Shares",stock,Ordinary Share,Nasdaq Capital Market,N,100
SPCK,SPAC and New Issue ETF,etf,ETF,Nasdaq Global Market,N,100
SPCT,Liberty One Spectrum ETF,etf,ETF,Nasdaq Global Market,N,100
SPCX,Space Exploration Technologies Corp. - Class A Common Stock,stock,Common Stock,Nasdaq Global Select Market,N,100
SPEG,Silver Pegasus Acquisition Corp - Class A Ordinary Shares,stock,Ordinary Share,Nasdaq Global Market,N,100
SPEGR,Silver Pegasus Acquisition Corp - Rights,stock,Right,Nasdaq Global Market,N,100
SPEGU,Silver Pegasus Acquisition Corp - Unit,stock,Unit,Nasdaq Global Market,N,100
SPFI,"South Plains Financial, Inc. - Common Stock",stock,Common Stock,Nasdaq Global Select Market,N,100
SPHL,Springview Holdings Ltd - Ordinary shares,stock,Ordinary Share,Nasdaq Capital Market,N,100
SPIT,F/m Emerald Special Situations ETF,etf,ETF,Nasdaq Global Market,N,100
SPKL,Spark I Acquisition Corp. - Class A Ordinary Share,stock,Ordinary Share,Nasdaq Global Market,D,100
SPKLU,Spark I Acquisition Corp. - Unit,stock,Unit,Nasdaq Global Market,N,100
SPKLW,Spark I Acquisition Corp. - Warrant,stock,Warrant,Nasdaq Global Market,N,100
SPOG,Leverage Shares 2X Long SPOT Daily ETF,etf,ETF,Nasdaq Global Market,N,100
SPOK,"Spok Holdings, Inc. - Common Stock",stock,Common Stock,Nasdaq Global Select Market,N,100
SPPL,SIMPPLE LTD. - Ordinary Shares,stock,Ordinary Share,Nasdaq Capital Market,N,100
SPRB,"Spruce Biosciences, Inc. - Common Stock",stock,Common Stock,Nasdaq Capital Market,N,100
SPRC,SciSparc Ltd. - Ordinary Shares,stock,Ordinary Share,Nasdaq Capital Market,N,100
SPRO,"Spero Therapeutics, Inc. - Common Stock",stock,Common Stock,Nasdaq Global Select Market,N,100
SPRX,Spear Alpha ETF,etf,ETF,Nasdaq Global Market,N,100
SPRY,"ARS Pharmaceuticals, Inc. - Common Stock",stock,Common Stock,Nasdaq Global Market,N,100
SPSC,"SPS Commerce, Inc. - Common Stock",stock,Common Stock,Nasdaq Global Select Market,N,100
SPT,"Sprout Social, Inc - Class A Common Stock",stock,Common Stock,Nasdaq Capital Market,N,100
SPTX,"Seaport Therapeutics, Inc. - Common Stock",stock,Common Stock,Nasdaq Global Select Market,N,100
SPWH,"Sportsman's Warehouse Holdings, Inc. - Common Stock",stock,Common Stock,Nasdaq Global Select Market,N,100
SPWR,SunPower Inc. - Common Stock,stock,Common Stock,Nasdaq Global Market,D,100
SPWRW,SunPower Inc. - Warrant,stock,Warrant,Nasdaq Capital Market,N,100
SPXD,Xtrackers S&P 500 Diversified Sector Weight ETF,etf,ETF,Nasdaq Global Market,N,100
SPYQ,Tradr 2X Long SPY Quarterly ETF,etf,ETF,Nasdaq Global Market,N,100
SQFT,"Presidio Property Trust, Inc. - Class A Common Stock",stock,Common Stock,Nasdaq Capital Market,N,100
SQFTP,"Presidio Property Trust, Inc. - 9.375% Series D Cumulative Redeemable Perpetual Preferred Stock, $0.01 par value per share",stock,Preferred,Nasdaq Capital Market,N,100
SQFTW,"Presidio Property Trust, Inc. - Series A Common Stock Purchase Warrants",stock,Warrant,Nasdaq Capital Market,N,100
SQLV,Royce Quant Small-Cap Quality Value ETF,etf,ETF,Nasdaq Global Market,N,100
SQQQ,ProShares UltraPro Short QQQ,etf,ETF,Nasdaq Global Market,N,100
SQS,Sapient Quality Select ETF,etf,ETF,Nasdaq Global Market,N,100
SRAD,Sportradar Group AG - Class A Ordinary Shares,stock,Ordinary Share,Nasdaq Global Select Market,N,100
SRBK,"SR Bancorp, Inc. - Common stock",stock,Common Stock,Nasdaq Capital Market,N,100
SRCE,1st Source Corporation - Common Stock,stock,Common Stock,Nasdaq Global Select Market,N,100
SRET,Global X SuperDividend REIT ETF,etf,ETF,Nasdaq Global Market,N,100
SRPT,"Sarepta Therapeutics, Inc. - Common Stock",stock,Common Stock,Nasdaq Global Select Market,N,100
SRRK,Scholar Rock Holding Corporation - Common Stock,stock,Common Stock,Nasdaq Global Select Market,N,100
SRTA,"Strata Critical Medical, Inc. - Class A Common Stock",stock,Common Stock,Nasdaq Capital Market,N,100
SRTS,"Sensus Healthcare, Inc. - Common Stock",stock,Common Stock,Nasdaq Capital Market,N,100
SRZN,"Surrozen, Inc. - Common Stock",stock,Common Stock,Nasdaq Capital Market,N,100
SRZNW,"Surrozen, Inc. - Warrant",stock,Warrant,Nasdaq Capital Market,N,100
SSAC,SPACSphere Acquisition Corp. - Class A Ordinary Shares,stock,Ordinary Share,Nasdaq Global Market,N,100
SSACR,SPACSphere Acquisition Corp. - Rights,stock,Right,Nasdaq Global Market,N,100
SSACU,SPACSphere Acquisition Corp. - Unit,stock,Unit,Nasdaq Global Market,N,100
SSACW,SPACSphere Acquisition Corp. - Warrant,stock,Warrant,Nasdaq Global Market,N,100
SSBI,Summit State Bank - Common Stock,stock,Common Stock,Nasdaq Global Market,N,100
SSEA,Starry Sea Acquisition Corp - Ordinary Shares,stock,Ordinary Share,Nasdaq Capital Market,N,100
SSEAR,Starry Sea Acquisition Corp - Rights,stock,Right,Nasdaq Capital Market,N,100
SSEAU,Starry Sea Acquisition Corp - Unit,stock,Unit,Nasdaq Capital Market,N,100
SSII,SS Innovations International Inc. - Common Stock,stock,Common Stock,Nasdaq Capital Market,N,100
SSM,Sono Group N.V. - Ordinary Shares,stock,Ordinary Share,Nasdaq Capital Market,N,100
SSNC,"SS&C Technologies Holdings, Inc. - Common Stock",stock,Common Stock,Nasdaq Global Select Market,N,100
SSP,E.W. Scripps Company (The) - Class A Common Stock,stock,Common Stock,Nasdaq Global Select Market,N,100
SSRM,SSR Mining Inc. - Common Stock,stock,Common Stock,Nasdaq Global Select Market,N,100
SSS,CYBER HORNET S&P 500 and Solana 75/25 Strategy ETF,etf,ETF,Nasdaq Global Market,N,100
SSTI,"SoundThinking, Inc. - Common Stock",stock,Common Stock,Nasdaq Capital Market,N,100
SSYS,"Stratasys, Ltd. - Common Stock",stock,Common Stock,Nasdaq Global Select Market,N,100
STAA,STAAR Surgical Company - Common Stock,stock,Common Stock,Nasdaq Global Market,N,100
STAK,STAK Inc. - Class A Ordinary Shares,stock,Ordinary Share,Nasdaq Capital Market,N,100
STBA,"S&T Bancorp, Inc. - Common Stock",stock,Common Stock,Nasdaq Global Select Market,N,100
STEP,StepStone Group Inc. - Class A Common Stock,stock,Common Stock,Nasdaq Global Select Market,N,100
STEX,Streamex Corp. - Common Stock,stock,Common Stock,Nasdaq Capital Market,N,100
STFS,Star Fashion Culture Holdings Limited - Class A Ordinary Shares,stock,Ordinary Share,Nasdaq Capital Market,N,100
STGW,Stagwell Inc. - Class A Common Stock,stock,Common Stock,Nasdaq Global Select Market,N,100
STHO,Star Holdings - Shares of Beneficial Interest,stock,Nasdaq Listed Security,Nasdaq Global Market,N,100
STI,"Solidion Technology, Inc. - Common Stock",stock,Common Stock,Nasdaq Capital Market,N,100
STIM,"Neuronetics, Inc. - Common Stock",stock,Common Stock,Nasdaq Global Market,N,100
STKE,Sol Strategies Inc. - Common Shares,stock,Common Stock,Nasdaq Global Select Market,N,100
STKH,Steakholder Foods Ltd. - American Depositary Shares,stock,Depositary Share,Nasdaq Capital Market,N,100
STKS,"The ONE Group Hospitality, Inc. - Common Stock",stock,Common Stock,Nasdaq Capital Market,N,100
STLD,"Steel Dynamics, Inc. - Common Stock",stock,Common Stock,Nasdaq Global Select Market,N,100
STLN,"Starling Oncology, Inc. - Common Stock",stock,Common Stock,Nasdaq Capital Market,N,100
STLNW,"Starling Oncology, Inc. - Warrant",stock,Warrant,Nasdaq Capital Market,N,100
STNC,Hennessy Sustainable ETF,etf,ETF,Nasdaq Global Market,N,100
STNE,StoneCo Ltd. - Class A Common Share,stock,Common Stock,Nasdaq Global Select Market,N,100
STOK,"Stoke Therapeutics, Inc. - Common Stock",stock,Common Stock,Nasdaq Global Select Market,N,100
STRA,"Strategic Education, Inc. - Common Stock",stock,Common Stock,Nasdaq Global Select Market,N,100
STRC,Strategy Inc - Variable Rate Series A Perpetual Stretch Preferred Stock,stock,Preferred,Nasdaq Global Select Market,N,100
STRD,Strategy Inc - 10.00% Series A Perpetual Stride Preferred Stock,stock,Preferred,Nasdaq Global Select Market,N,100
STRF,Strategy Inc - 10.00% Series A Perpetual Strife Preferred Stock,stock,Preferred,Nasdaq Global Select Market,N,100
STRK,Strategy Inc - 8.00% Series A Perpetual Strike Preferred Stock,stock,Preferred,Nasdaq Global Select Market,N,100
STRL,"Sterling Infrastructure, Inc. - Common Stock",stock,Common Stock,Nasdaq Global Select Market,N,40
STRO,"Sutro Biopharma, Inc. - Common Stock",stock,Common Stock,Nasdaq Global Market,N,100
STRR,"Star Equity Holdings, Inc. - Common Stock",stock,Common Stock,Nasdaq Global Select Market,N,100
STRRP,"Star Equity Holdings, Inc. - 10% Series A Cumulative Perpetual Preferred Stock",stock,Preferred,Nasdaq Global Select Market,N,100
STRS,Stratus Properties Inc. - Common Stock,stock,Common Stock,Nasdaq Global Select Market,N,100
STRT,STRATTEC SECURITY CORPORATION - Common Stock,stock,Common Stock,Nasdaq Global Market,N,100
STRZ,Starz Entertainment Corp. - Common Shares,stock,Common Stock,Nasdaq Global Select Market,N,100
STTK,"Shattuck Labs, Inc. - Common Stock",stock,Common Stock,Nasdaq Global Select Market,N,100
STX,Seagate Technology Holdings PLC - Ordinary Shares (Ireland),stock,Ordinary Share,Nasdaq Global Select Market,N,40
SUGP,SU Group Holdings Limited - Class A Ordinary Shares,stock,Ordinary Share,Nasdaq Capital Market,N,100
SUIG,Sui Group Holdings Limited - Common Stock,stock,Common Stock,Nasdaq Capital Market,N,100
SUIS,Canary Staked SUI ETF,etf,ETF,Nasdaq Global Market,N,100
SUJA,"Suja Life, Inc. - Class A Common Stock",stock,Common Stock,Nasdaq Global Select Market,N,100
SUMA,SUMA Acquisition Corporation - Class A Ordinary Shares,stock,Ordinary Share,Nasdaq Global Market,N,100
SUMAR,SUMA Acquisition Corporation - Rights,stock,Right,Nasdaq Global Market,N,100
SUMAU,SUMA Acquisition Corporation - Units,stock,Unit,Nasdaq Global Market,N,100
SUNE,"SUNation Energy, Inc. - Common Stock",stock,Common Stock,Nasdaq Capital Market,N,100
SUNS,"Sunrise Realty Trust, Inc. - Common Stock",stock,Common Stock,Nasdaq Capital Market,N,100
SUPN,"Supernus Pharmaceuticals, Inc. - Common Stock",stock,Common Stock,Nasdaq Global Market,N,100
SUPP,TCW Transform Supply Chain ETF,etf,ETF,Nasdaq Global Market,N,100
SUPX,SuperX AI Technology Limited - Ordinary Shares,stock,Ordinary Share,Nasdaq Capital Market,N,100
SURG,"SurgePays, Inc. - Common Stock",stock,Common Stock,Nasdaq Capital Market,D,100
SUSB,iShares ESG Aware 1-5 Year USD Corporate Bond ETF,etf,ETF,Nasdaq Global Market,N,100
SUSC,iShares ESG Aware USD Corporate Bond ETF,etf,ETF,Nasdaq Global Market,N,100
SUSL,iShares ESG MSCI USA Leaders ETF,etf,ETF,Nasdaq Global Market,N,100
SVA,"Sinovac Biotech, Ltd. - Ordinary Shares (Antigua/Barbudo)",stock,Ordinary Share,Nasdaq Global Select Market,N,100
SVAQ,Silicon Valley Acquisition Corp. - Class A Ordinary Shares,stock,Ordinary Share,Nasdaq Global Market,N,100
SVAQU,Silicon Valley Acquisition Corp. - Units,stock,Unit,Nasdaq Global Market,N,100
SVAQW,Silicon Valley Acquisition Corp. - Warrants,stock,Warrant,Nasdaq Global Market,N,100
SVC,Service Properties Trust - Common Shares of Beneficial Interest,stock,Common Stock,Nasdaq Global Select Market,N,100
SVCC,Stellar V Capital Corp. - Class A Ordinary Shares,stock,Ordinary Share,Nasdaq Global Market,N,100
SVCCU,Stellar V Capital Corp. - Unit,stock,Unit,Nasdaq Global Market,N,100
SVCCW,Stellar V Capital Corp. - Warrant,stock,Warrant,Nasdaq Global Market,N,100
SVCO,"Silvaco Group, Inc. - Common Stock",stock,Common Stock,Nasdaq Global Select Market,N,100
SVIV,Spring Valley Acquisition Corp. IV - Class A Ordinary Shares,stock,Ordinary Share,Nasdaq Global Market,N,100
SVIVU,Spring Valley Acquisition Corp. IV - Units,stock,Unit,Nasdaq Global Market,N,100
SVIVW,Spring Valley Acquisition Corp. IV - Warrants,stock,Warrant,Nasdaq Global Market,N,100
SVRA,"Savara, Inc. - Common Stock",stock,Common Stock,Nasdaq Global Select Market,N,100
SVRE,SaverOne 2014 Ltd. - American Depositary Shares,stock,Depositary Share,Nasdaq Capital Market,N,100
SVREW,SaverOne 2014 Ltd. - Warrant,stock,Warrant,Nasdaq Capital Market,N,100
SVRN,OceanPal Inc. - Common Stock,stock,Common Stock,Nasdaq Capital Market,E,100
SWAG,"Stran & Company, Inc. - Common Stock",stock,Common Stock,Nasdaq Capital Market,N,100
SWAGW,"Stran & Company, Inc. - Warrant",stock,Warrant,Nasdaq Capital Market,N,100
SWBI,"Smith & Wesson Brands, Inc. - Common Stock",stock,Common Stock,Nasdaq Global Select Market,N,100
SWIM,"Latham Group, Inc. - Common Stock",stock,Common Stock,Nasdaq Global Select Market,N,100
SWKHL,SWK Holdings Corporation - 9.00% Senior Notes due 2027,stock,Note,Nasdaq Global Market,N,100
SWKS,"Skyworks Solutions, Inc. - Common Stock",stock,Common Stock,Nasdaq Global Select Market,N,100
SWMR,"Swarmer, Inc - common stock",stock,Common Stock,Nasdaq Capital Market,N,100
SWP,SWP Growth & Income ETF,etf,ETF,Nasdaq Global Market,N,100
SWVL,Swvl Holdings Corp - Ordinary Shares,stock,Ordinary Share,Nasdaq Capital Market,N,100
SWVLW,Swvl Holdings Corp - Warrant,stock,Warrant,Nasdaq Capital Market,N,100
SXTC,"China SXT Pharmaceuticals, Inc. - Class A Ordinary Shares",stock,Ordinary Share,Nasdaq Capital Market,N,100
SXTP,"60 Degrees Pharmaceuticals, Inc. - Common Stock",stock,Common Stock,Nasdaq Capital Market,N,100
SXTPW,"60 Degrees Pharmaceuticals, Inc. - Warrant",stock,Warrant,Nasdaq Capital Market,N,100
SY,So-Young International Inc. - American Depository Shares,stock,Nasdaq Listed Security,Nasdaq Capital Market,N,100
SYBT,"Stock Yards Bancorp, Inc. - Common Stock",stock,Common Stock,Nasdaq Global Select Market,N,100
SYM,Symbotic Inc. - Class A Common Stock,stock,Common Stock,Nasdaq Global Market,N,100
SYNA,Synaptics Incorporated - Common Stock,stock,Common Stock,Nasdaq Global Select Market,N,100
SYPR,"Sypris Solutions, Inc. - Common Stock",stock,Common Stock,Nasdaq Global Market,N,100
SYRE,"Spyre Therapeutics, Inc. - Common Stock",stock,Common Stock,Nasdaq Global Select Market,N,100
SYZ,Lazard US Systematic Small Cap Equity ETF,etf,ETF,Nasdaq Global Market,N,100
SZZL,Sizzle Acquisition Corp. II - Class A ordinary shares,stock,Ordinary Share,Nasdaq Global Market,N,100
SZZLR,Sizzle Acquisition Corp. II - Right,stock,Right,Nasdaq Global Market,N,100
SZZLU,Sizzle Acquisition Corp. II - Unit,stock,Unit,Nasdaq Global Market,N,100
TACH,Titan Acquisition Corp. - Class A Ordinary Shares,stock,Ordinary Share,Nasdaq Global Market,N,100
TACHU,Titan Acquisition Corp. - Units,stock,Unit,Nasdaq Global Market,N,100
TACHW,Titan Acquisition Corp. - Warrants,stock,Warrant,Nasdaq Global Market,N,100
TACO,Berto Acquisition Corp. - Ordinary Shares,stock,Ordinary Share,Nasdaq Global Market,N,100
TACOU,Berto Acquisition Corp. - unit,stock,Unit,Nasdaq Global Market,N,100
TACOW,Berto Acquisition Corp. - Warrant,stock,Warrant,Nasdaq Global Market,N,100
TACT,TransAct Technologies Incorporated - Common Stock,stock,Common Stock,Nasdaq Global Market,N,100
TALK,"Talkspace, Inc. - Common Stock",stock,Common Stock,Nasdaq Capital Market,N,100
TANH,Tantech Holdings Ltd. - Class A Common Shares,stock,Common Stock,Nasdaq Capital Market,D,100
TAOP,Taoping Inc. - Ordinary Shares,stock,Ordinary Share,Nasdaq Capital Market,N,100
TAOX,Tao Synergies Inc. - Common Stock,stock,Common Stock,Nasdaq Capital Market,N,100
TAOZ,Thornburg American Opportunities Fund,etf,ETF,Nasdaq Global Market,N,100
TARA,"Protara Therapeutics, Inc.  - Common Stock",stock,Common Stock,Nasdaq Global Market,N,100
TARK,Tradr 2X Long Innovation ETF,etf,ETF,Nasdaq Global Market,N,100
TARS,"Tarsus Pharmaceuticals, Inc. - Common Stock",stock,Common Stock,Nasdaq Global Select Market,N,100
TASK,"TaskUs, Inc. - Class A Common Stock",stock,Common Stock,Nasdaq Global Select Market,N,100
TATT,TAT Technologies Ltd. - Ordinary Shares,stock,Ordinary Share,Nasdaq Global Market,N,100
TAVI,Tavia Acquisition Corp. - Ordinary Shares,stock,Ordinary Share,Nasdaq Global Market,N,100
TAVIR,Tavia Acquisition Corp. - Right,stock,Right,Nasdaq Global Market,N,100
TAVIU,Tavia Acquisition Corp. - Unit,stock,Unit,Nasdaq Global Market,N,100
TAX,Cambria Tax Aware ETF,etf,ETF,Nasdaq Global Market,N,100
TAXE,Intermediate Municipal Income ETF,etf,ETF,Nasdaq Global Market,N,100
TAXI,Northern Trust Intermediate Tax-Exempt Bond ETF,etf,ETF,Nasdaq Global Market,N,100
TAXS,Northern Trust Short-Term Tax-Exempt Bond ETF,etf,ETF,Nasdaq Global Market,N,100
TAXT,Northern Trust Tax-Exempt Bond ETF,etf,ETF,Nasdaq Global Market,N,100
TAYD,"Taylor Devices, Inc. - Common Stock",stock,Common Stock,Nasdaq Capital Market,N,100
TBBK,"The Bancorp, Inc. - Common Stock",stock,Common Stock,Nasdaq Global Select Market,N,100
TBCH,Turtle Beach Corporation - Common Stock,stock,Common Stock,Nasdaq Global Market,N,100
TBIL,F/m US Treasury 3 Month Bill Fund,etf,ETF,Nasdaq Global Market,N,100
TBLA,Taboola.com Ltd. - Ordinary Shares,stock,Ordinary Share,Nasdaq Global Select Market,N,100
TBLD,Thornburg Income Builder Opportunities Trust - Closed End Fund,stock,Closed-End Fund,Nasdaq Global Select Market,N,100
TBPH,"Theravance Biopharma, Inc. - Ordinary Shares",stock,Ordinary Share,Nasdaq Global Market,N,100
TC,Token Cat Limited - American Depositary Shares,stock,Depositary Share,Nasdaq Capital Market,N,100
TCAN,21Shares Canton Network ETF,etf,ETF,Nasdaq Global Market,N,100
TCBI,"Texas Capital Bancshares, Inc. - Common Stock",stock,Common Stock,Nasdaq Global Select Market,N,100
TCBIO,"Texas Capital Bancshares, Inc. - Depositary Shares 5.75% Fixed Rate Non-Cumulative Perpetual Preferred Stock Series B",stock,Preferred,Nasdaq Global Select Market,N,100
TCBK,TriCo Bancshares - Common Stock,stock,Common Stock,Nasdaq Global Select Market,N,100
TCBS,"Texas Community Bancshares, Inc. - Common Stock",stock,Common Stock,Nasdaq Capital Market,N,100
TCGX,TCGX Acquisition Corp. - Class A Ordinary Shares,stock,Ordinary Share,Nasdaq Capital Market,N,100
TCHI,iShares MSCI China Multisector Tech ETF,etf,ETF,Nasdaq Global Market,N,100
TCMD,"Tactile Systems Technology, Inc. - Common Stock",stock,Common Stock,Nasdaq Global Market,N,100
TCOM,Trip.com Group Limited - American Depositary Shares,stock,Depositary Share,Nasdaq Global Select Market,N,100
TCPC,BlackRock TCP Capital Corp. - Closed End Fund,stock,Closed-End Fund,Nasdaq Global Select Market,N,100
TCRT,"Alaunos Therapeutics, Inc. - Common Stock",stock,Common Stock,Nasdaq Capital Market,D,100
TCRX,"TScan Therapeutics, Inc. - Common Stock",stock,Common Stock,Nasdaq Global Market,N,100
TCX,Tucows Inc. - Common Stock,stock,Common Stock,Nasdaq Capital Market,N,100
TDAC,Translational Development Acquisition Corp. - Ordinary Shares,stock,Ordinary Share,Nasdaq Global Market,N,100
TDACU,Translational Development Acquisition Corp. - Units,stock,Unit,Nasdaq Global Market,N,100
TDACW,Translational Development Acquisition Corp. - Warrants,stock,Warrant,Nasdaq Global Market,N,100
TDCL,GraniteShares 2x Long TDC Daily ETF,etf,ETF,Nasdaq Global Market,N,100
TDI,Touchstone Dynamic International ETF,etf,ETF,Nasdaq Global Market,N,100
TDIC,Dreamland Limited - Class A Ordinary Shares,stock,Ordinary Share,Nasdaq Capital Market,N,100
TDIV,First Trust NASDAQ Technology Dividend Index Fund,etf,ETF,Nasdaq Global Market,N,100
TDOG,21shares Dogecoin ETF,etf,ETF,Nasdaq Global Market,N,100
TDOT,21shares Polkadot ETF,etf,ETF,Nasdaq Global Market,N,100
TDSB,ETC Cabana Target Beta ETF,etf,ETF,Nasdaq Global Market,N,100
TDSC,ETC Cabana Target Drawdown 10 ETF,etf,ETF,Nasdaq Global Market,N,100
TDTH,Trident Digital Tech Holdings Ltd - Class B Ordinary Shares,stock,Ordinary Share,Nasdaq Capital Market,D,100
TDUP,ThredUp Inc. - Class A Common Stock,stock,Common Stock,Nasdaq Global Select Market,N,100
TDWD,Tailwind 2.0 Acquisition Corp. - Class A Ordinary Shares,stock,Ordinary Share,Nasdaq Global Market,N,100
TDWDR,Tailwind 2.0 Acquisition Corp. - Rights,stock,Right,Nasdaq Global Market,N,100
TDWDU,Tailwind 2.0 Acquisition Corp. - Unit,stock,Unit,Nasdaq Global Market,N,100
TEAD,Teads Holding Co. - Common Stock,stock,Common Stock,Nasdaq Global Select Market,N,100
TEAM,Atlassian Corporation  - Class A Common Stock,stock,Common Stock,Nasdaq Global Select Market,N,100
TECH,Bio-Techne Corp - Common Stock,stock,Common Stock,Nasdaq Global Select Market,N,100
TECX,"Tectonic Therapeutic, Inc. - Common Stock",stock,Common Stock,Nasdaq Global Market,N,100
TECY,GraniteShares YieldBOOST Technology ETF,etf,ETF,Nasdaq Global Market,N,100
TEKX,State Street Galaxy Transformative Tech Accelerators ETF,etf,ETF,Nasdaq Global Market,N,100
TEKY,Lazard Next Gen Technologies ETF,etf,ETF,Nasdaq Global Market,N,100
TELA,"TELA Bio, Inc. - Common stock",stock,Common Stock,Nasdaq Global Market,D,100
TELO,"Telomir Pharmaceuticals, Inc. - Common Stock",stock,Common Stock,Nasdaq Capital Market,N,100
TEM,"Tempus AI, Inc. - Class A Common Stock",stock,Common Stock,Nasdaq Global Select Market,N,100
TENB,"Tenable Holdings, Inc. - Common Stock",stock,Common Stock,Nasdaq Global Select Market,N,100
TENX,"Tenax Therapeutics, Inc. - Common Stock",stock,Common Stock,Nasdaq Capital Market,N,100
TER,"Teradyne, Inc. - Common Stock",stock,Common Stock,Nasdaq Global Select Market,N,40
TERG,Leverage Shares 2X Long TER Daily ETF,etf,ETF,Nasdaq Global Market,N,100
TEXN,iShares Texas Equity ETF,etf,ETF,Nasdaq Global Market,N,100
TEXX,Horizon Kinetics Texas ETF,etf,ETF,Nasdaq Global Market,N,100
TFGZ,Thornburg Focus Growth Fund,etf,ETF,Nasdaq Global Market,N,100
TFNS,T. Rowe Price Financials ETF,etf,ETF,Nasdaq Global Market,N,100
TFSL,TFS Financial Corporation - Common Stock,stock,Common Stock,Nasdaq Global Select Market,N,100
TGHL,The GrowHub Limited - Class A Ordinary Shares,stock,Ordinary Share,Nasdaq Capital Market,D,100
TGL,Treasure Global Inc. - Common Stock,stock,Common Stock,Nasdaq Capital Market,N,100
TGTX,"TG Therapeutics, Inc. - Common Stock",stock,Common Stock,Nasdaq Capital Market,N,100
TH,Target Hospitality Corp. - Common Stock,stock,Common Stock,Nasdaq Capital Market,N,100
THCH,TH International Limited - Ordinary shares,stock,Ordinary Share,Nasdaq Capital Market,N,100
THEOU,BOA Acquisition Corp. II - Units,stock,Unit,Nasdaq Global Market,N,100
THFF,First Financial Corporation  - Common Stock,stock,Common Stock,Nasdaq Global Select Market,N,100
THH,TryHard Holdings Limited - Ordinary Shares,stock,Ordinary Share,Nasdaq Capital Market,D,100
THMZ,Lazard Equity Megatrends ETF,etf,ETF,Nasdaq Global Market,N,100
THRM,Gentherm Inc - Common Stock,stock,Common Stock,Nasdaq Global Select Market,N,100
THRV,Prospera Income ETF,etf,ETF,Nasdaq Global Market,N,100
THRY,"Thryv Holdings, Inc. - Common Stock",stock,Common Stock,Nasdaq Capital Market,N,100
THYM,T. Rowe Price High Income Municipal ETF,etf,ETF,Nasdaq Global Market,N,100
THYP,21shares Hyperliquid ETF,etf,ETF,Nasdaq Global Market,N,100
TIGO,Millicom International Cellular S.A. - Common Stock,stock,Common Stock,Nasdaq Global Select Market,N,100
TIGR,UP Fintech Holding Limited - American Depositary Shares representing fifteen Class A Ordinary Shares,stock,Depositary Share,Nasdaq Global Select Market,N,100
TIL,"Instil Bio, Inc. - Common Stock",stock,Common Stock,Nasdaq Capital Market,N,100
TILC,Thrivent International Large Cap ETF,etf,ETF,Nasdaq Global Market,N,100
TILE,"Interface, Inc. - Common Stock",stock,Common Stock,Nasdaq Global Select Market,N,100
TIPT,Tiptree Inc. - Common Stock,stock,Common Stock,Nasdaq Capital Market,N,100
TISC,Thrivent International Small Cap ETF,etf,ETF,Nasdaq Global Market,N,100
TITN,Titan Machinery Inc. - Common Stock,stock,Common Stock,Nasdaq Global Select Market,N,100
TJGC,TJGC Group Limited - ordinary shares,stock,Ordinary Share,Nasdaq Capital Market,N,100
TKLF,"Tokyo Lifestyle Co., Ltd. - American Depositary Shares",stock,Depositary Share,Nasdaq Capital Market,N,100
TKNO,"Alpha Teknova, Inc. - Common Stock",stock,Common Stock,Nasdaq Global Market,N,100
TKNS,21Shares Active Crypto ETF,etf,ETF,Nasdaq Global Market,N,100
TLA,GraniteShares Autocallable TSLA ETF,etf,ETF,Nasdaq Global Market,N,100
TLF,"Tandy Leather Factory, Inc. - common stock",stock,Common Stock,Nasdaq Capital Market,N,100
TLG,Touchstone Large Company Growth ETF,etf,ETF,Nasdaq Global Market,N,100
TLIH,Ten-League International Holdings Limited - Ordinary Shares,stock,Ordinary Share,Nasdaq Capital Market,N,100
TLN,Talen Energy Corporation - Common Stock,stock,Common Stock,Nasdaq Global Select Market,N,40
TLNC,Talon Capital Corp. - Class A Ordinary Shares,stock,Ordinary Share,Nasdaq Global Market,N,100
TLNCU,Talon Capital Corp. - Units,stock,Unit,Nasdaq Global Market,N,100
TLNCW,Talon Capital Corp. - Warrants,stock,Warrant,Nasdaq Global Market,N,100
TLPH,"Talphera, Inc. - Common Stock",stock,Common Stock,Nasdaq Capital Market,N,100
TLRY,"Tilray Brands, Inc. - Common Stock",stock,Common Stock,Nasdaq Global Select Market,N,100
TLS,Telos Corporation - Common Stock,stock,Common Stock,Nasdaq Global Market,N,100
TLSA,Tiziana Life Sciences Ltd - Common Shares,stock,Common Stock,Nasdaq Capital Market,N,100
TLSI,"TriSalus Life Sciences, Inc. - Common Stock",stock,Common Stock,Nasdaq Global Market,N,100
TLSIW,"TriSalus Life Sciences, Inc. - Warrant",stock,Warrant,Nasdaq Global Market,N,100
TLT,iShares 20+ Year Treasury Bond ETF,etf,ETF,Nasdaq Global Market,N,100
TLX,Telix Pharmaceuticals Limited - American Depositary Shares,stock,Depositary Share,Nasdaq Global Select Market,N,100
TMB,Thornburg Multi Sector Bond ETF,etf,ETF,Nasdaq Global Market,N,100
TMC,TMC the metals company Inc. - Common Stock,stock,Common Stock,Nasdaq Global Select Market,N,100
TMCI,"Treace Medical Concepts, Inc. - Common Stock",stock,Common Stock,Nasdaq Global Select Market,N,100
TMCR,The Metals Royalty Company Inc. - Common Stock,stock,Common Stock,Nasdaq Capital Market,N,100
TMCWW,TMC the metals company Inc. - Warrant,stock,Warrant,Nasdaq Global Select Market,N,100
TMDX,"TransMedics Group, Inc. - Common Stock",stock,Common Stock,Nasdaq Global Market,N,100
TMED,T. Rowe Price Health Care ETF,etf,ETF,Nasdaq Global Market,N,100
TMNL,T. Rowe Price Long Municipal Income ETF,etf,ETF,Nasdaq Global Market,N,100
TMNS,T. Rowe Price Short Municipal Income ETF,etf,ETF,Nasdaq Global Market,N,100
TMS,Teamshares Inc. - Common Stock,stock,Common Stock,Nasdaq Capital Market,N,100
TMSF,T. Rowe Price Multi-Sector Income ETF,etf,ETF,Nasdaq Global Market,N,100
TMSWW,Teamshares Inc. - Warrants,stock,Warrant,Nasdaq Capital Market,N,100
TMTS,Spartacus Acquisition Corp. II - Class A Ordinary Shares,stock,Ordinary Share,Nasdaq Global Market,N,100
TMTSU,Spartacus Acquisition Corp. II - Unit,stock,Unit,Nasdaq Global Market,N,100
TMTSW,Spartacus Acquisition Corp. II - Warrants,stock,Warrant,Nasdaq Global Market,N,100
TMUS,"T-Mobile US, Inc. - Common Stock",stock,Common Stock,Nasdaq Global Select Market,N,100
TMUSI,"T-Mobile US, Inc. - 5.500% Senior Notes due June 2070",stock,Note,Nasdaq Global Market,N,100
TMUSL,"T-Mobile US, Inc. - 6.250% Senior Notes due 2069",stock,Note,Nasdaq Global Market,N,100
TMUSZ,"T-Mobile US, Inc. - 5.500% Senior Notes due March 2070",stock,Note,Nasdaq Global Market,N,100
TMYY,GraniteShares YieldBOOST TSM ETF,etf,ETF,Nasdaq Global Market,N,100
TNDM,"Tandem Diabetes Care, Inc. - Common Stock",stock,Common Stock,Nasdaq Global Market,N,100
TNGX,"Tango Therapeutics, Inc. - Common Stock",stock,Common Stock,Nasdaq Global Market,N,100
TNMG,TNL Mediagene - Ordinary Shares,stock,Ordinary Share,Nasdaq Capital Market,D,100
TNON,"Tenon Medical, Inc. - Common Stock",stock,Common Stock,Nasdaq Capital Market,D,100
TNONW,"Tenon Medical, Inc. - Warrant",stock,Warrant,Nasdaq Capital Market,N,100
TNXP,Tonix Pharmaceuticals Holding Corp. - Common Stock,stock,Common Stock,Nasdaq Global Select Market,N,100
TNXT,T. Rowe Price Innovation Leaders ETF,etf,ETF,Nasdaq Global Market,N,100
TNYA,"Tenaya Therapeutics, Inc. - Common Stock",stock,Common Stock,Nasdaq Capital Market,D,100
TOMZ,"TOMI Environmental Solutions, Inc. - Common Stock",stock,Common Stock,Nasdaq Capital Market,D,100
TONX,TON Strategy Company - Common Stock,stock,Common Stock,Nasdaq Capital Market,N,100
TOP,TOP Financial Group Limited - Class A Ordinary Shares,stock,Ordinary Share,Nasdaq Capital Market,N,100
TORO,Toro Corp. - Common stock,stock,Common Stock,Nasdaq Capital Market,N,100
TOUR,Tuniu Corporation - American Depositary Shares,stock,Depositary Share,Nasdaq Capital Market,N,100
TOWN,Towne Bank - Common Stock,stock,Common Stock,Nasdaq Global Select Market,N,100
TOYO,"TOYO Co., Ltd - Ordinary Shares",stock,Ordinary Share,Nasdaq Capital Market,N,100
TPCS,TechPrecision Corporation - Common stock,stock,Common Stock,Nasdaq Capital Market,N,100
TPG,TPG Inc. - Class A Common Stock,stock,Common Stock,Nasdaq Global Select Market,N,100
TPGXL,TPG Inc. - 6.950% Fixed-Rate Junior Subordinated Notes due 2064,stock,Nasdaq Listed Security,Nasdaq Global Market,N,100
TPLS,Thornburg Core Plus Bond ETF,etf,ETF,Nasdaq Global Market,N,100
TPST,"Tempest Therapeutics, Inc. - Common Stock",stock,Common Stock,Nasdaq Capital Market,D,100
TQQQ,ProShares UltraPro QQQ,etf,ETF,Nasdaq Global Market,N,100
TQQY,GraniteShares YieldBOOST QQQ ETF,etf,ETF,Nasdaq Global Market,N,100
TRAW,"Traws Pharma, Inc. - Common Stock",stock,Common Stock,Nasdaq Capital Market,D,100
TRAX,"First Tracks Biotherapeutics, Inc. - Ordinary Shares",stock,Ordinary Share,Nasdaq Global Select Market,N,100
TRBF,Angel Oak Total Return ETF,etf,ETF,Nasdaq Global Market,N,100
TRDA,"Entrada Therapeutics, Inc. - Common Stock",stock,Common Stock,Nasdaq Global Market,N,100
TREE,"LendingTree, Inc. - Common Stock",stock,Common Stock,Nasdaq Global Select Market,N,100
TRGS,TRG Latin America Acquisitions Corp. - Class A Ordinary Shares,stock,Ordinary Share,Nasdaq Global Market,N,100
TRGSR,TRG Latin America Acquisitions Corp. - Rights,stock,Right,Nasdaq Global Market,N,100
TRGSU,TRG Latin America Acquisitions Corp. - Units,stock,Unit,Nasdaq Global Market,N,100
TRI,Thomson Reuters Corp - Common Shares,stock,Common Stock,Nasdaq Global Select Market,N,100
TRIB,Trinity Biotech plc - American Depositary Shares,stock,Depositary Share,Nasdaq Global Select Market,D,100
TRIP,"TripAdvisor, Inc. - Common Stock",stock,Common Stock,Nasdaq Global Select Market,N,100
TRMB,Trimble Inc. - Common Stock,stock,Common Stock,Nasdaq Global Select Market,N,100
TRMD,TORM plc - Class A Common Stock,stock,Common Stock,Nasdaq Global Select Market,N,100
TRMK,Trustmark Corporation - Common Stock,stock,Common Stock,Nasdaq Global Select Market,N,100
TRNR,Interactive Strength Inc. - Common Stock,stock,Common Stock,Nasdaq Capital Market,N,100
TRNS,"Transcat, Inc. - Common Stock",stock,Common Stock,Nasdaq Global Market,N,100
TRON,Tron Inc. - Common Stock,stock,Common Stock,Nasdaq Capital Market,N,100
TROO,"TROOPS, Inc.  - Ordinary Shares",stock,Ordinary Share,Nasdaq Capital Market,N,100
TROW,"T. Rowe Price Group, Inc. - Common Stock",stock,Common Stock,Nasdaq Global Select Market,N,100
TRS,TriMas Corporation - Common Stock,stock,Common Stock,Nasdaq Global Select Market,N,100
TRSG,Tungray Technologies Inc - Class A Ordinary Shares,stock,Ordinary Share,Nasdaq Capital Market,N,100
TRST,TrustCo Bank Corp NY - Common Stock,stock,Common Stock,Nasdaq Global Select Market,N,100
TRUC,VanEck Communication Services TruSector ETF,etf,ETF,Nasdaq Global Market,N,100
TRUD,VanEck Consumer Discretionary TruSector ETF,etf,ETF,Nasdaq Global Market,N,100
TRUF,VanEck Financials TruSector ETF,etf,ETF,Nasdaq Global Market,N,100
TRUG,"TruGolf Holdings, Inc. - Class A Common Stock",stock,Common Stock,Nasdaq Capital Market,N,100
TRUH,VanEck Healthcare TruSector ETF,etf,ETF,Nasdaq Global Market,N,100
TRUI,VanEck Industrials TruSector ETF,etf,ETF,Nasdaq Global Market,N,100
TRUM,VanEck Materials TruSector ETF,etf,ETF,Nasdaq Global Market,N,100
TRUN,VanEck Energy TruSector ETF,etf,ETF,Nasdaq Global Market,N,100
TRUO,VanEck Consumer Staples TruSector ETF,etf,ETF,Nasdaq Global Market,N,100
TRUP,"Trupanion, Inc. - Common Stock",stock,Common Stock,Nasdaq Global Market,N,100
TRUR,VanEck Real Estate TruSector ETF,etf,ETF,Nasdaq Global Market,N,100
TRUT,VanEck Technology TruSector ETF,etf,ETF,Nasdaq Global Market,N,100
TRUU,VanEck Utilities TruSector ETF,etf,ETF,Nasdaq Global Market,N,100
TRVG,trivago N.V. - American Depositary Shares,stock,Depositary Share,Nasdaq Global Select Market,N,100
TRVI,"Trevi Therapeutics, Inc. - Common Stock",stock,Common Stock,Nasdaq Global Market,N,100
TSAT,Telesat Corporation - Class A Common Shares and Class B Variable Voting Shares,stock,Common Stock,Nasdaq Global Select Market,N,100
TSBK,"Timberland Bancorp, Inc. - Common Stock",stock,Common Stock,Nasdaq Global Market,N,100
TSCM,TimesSquare Quality Mid Cap Growth ETF,etf,ETF,Nasdaq Global Market,N,100
TSCO,Tractor Supply Company - Common Stock,stock,Common Stock,Nasdaq Global Select Market,N,100
TSDD,GraniteShares 2x Short TSLA Daily ETF,etf,ETF,Nasdaq Global Market,N,100
TSEL,Touchstone Sands Capital US Select Growth ETF,etf,ETF,Nasdaq Global Market,N,100
TSEM,Tower Semiconductor Ltd. - Ordinary Shares,stock,Ordinary Share,Nasdaq Global Select Market,N,100
TSHA,"Taysha Gene Therapies, Inc. - Common Stock",stock,Common Stock,Nasdaq Global Select Market,N,100
TSL,GraniteShares 1.25x Long TSLA Daily ETF,etf,ETF,Nasdaq Global Market,N,100
TSLA,"Tesla, Inc.  - Common Stock",stock,Common Stock,Nasdaq Global Select Market,N,40
TSLG,Leverage Shares 2X Long TSLA Daily ETF,etf,ETF,Nasdaq Global Market,N,100
TSLL,Direxion Daily TSLA Bull 2X ETF,etf,ETF,Nasdaq Global Market,N,100
TSLQ,Tradr 2X Short TSLA Daily ETF,etf,ETF,Nasdaq Global Market,N,100
TSLR,GraniteShares 2x Long TSLA Daily ETF,etf,ETF,Nasdaq Global Market,N,100
TSLS,Direxion Daily TSLA Bear 1X ETF,etf,ETF,Nasdaq Global Market,N,100
TSMG,Leverage Shares 2X Long TSM Daily ETF,etf,ETF,Nasdaq Global Market,N,100
TSMU,GraniteShares 2x Long TSM Daily ETF,etf,ETF,Nasdaq Global Market,N,100
TSMX,Direxion Daily TSM Bull 2X ETF,etf,ETF,Nasdaq Global Market,N,100
TSMZ,Direxion Daily TSM Bear 1X ETF,etf,ETF,Nasdaq Global Market,N,100
TSPY,TappAlpha S&P 500 Growth & Daily Income ETF,etf,ETF,Nasdaq Global Market,N,100
TSSI,"TSS, Inc. - Common Stock",stock,Common Stock,Nasdaq Capital Market,N,100
TSUI,21Shares Sui ETF,etf,ETF,Nasdaq Global Market,N,100
TSYX,TSPY Lift ETF,etf,ETF,Nasdaq Global Market,N,100
TSYY,GraniteShares YieldBOOST TSLA ETF,etf,ETF,Nasdaq Global Market,N,100
TTAN,"ServiceTitan, Inc. - Class A Common Stock",stock,Common Stock,Nasdaq Global Select Market,N,100
TTD,"The Trade Desk, Inc. - Class A Common Stock",stock,Common Stock,Nasdaq Global Market,N,100
TTEC,"TTEC Holdings, Inc. - Common Stock",stock,Common Stock,Nasdaq Global Select Market,N,100
TTEK,"Tetra Tech, Inc. - Common Stock",stock,Common Stock,Nasdaq Global Select Market,N,100
TTEQ,T. Rowe Price Technology ETF,etf,ETF,Nasdaq Global Market,N,100
TTGT,"TechTarget, Inc. - Common Stock",stock,Common Stock,Nasdaq Global Select Market,N,100
TTMI,"TTM Technologies, Inc. - Common Stock",stock,Common Stock,Nasdaq Global Select Market,N,100
TTRX,Turn Therapeutics Inc. - Common Stock,stock,Common Stock,Nasdaq Global Market,N,100
TTWO,"Take-Two Interactive Software, Inc. - Common Stock",stock,Common Stock,Nasdaq Global Select Market,N,100
TUG,STF Tactical Growth ETF,etf,ETF,Nasdaq Global Market,N,100
TUGN,STF Tactical Growth & Income ETF,etf,ETF,Nasdaq Global Market,N,100
TULP,"Bloomia Holdings, Inc. - Common Stock",stock,Common Stock,Nasdaq Capital Market,N,100
TUR,iShares MSCI Turkey ETF,etf,ETF,Nasdaq Global Market,N,100
TURB,"Turbo Energy, S.A. - American Depositary Shares",stock,Depositary Share,Nasdaq Capital Market,N,100
TURF,T. Rowe Price Natural Resources ETF,etf,ETF,Nasdaq Global Market,N,100
TUSK,"Mammoth Energy Services, Inc. - Common Stock",stock,Common Stock,Nasdaq Global Select Market,N,100
TVA,Texas Ventures Acquisition III Corp - Class A Ordinary Share,stock,Ordinary Share,Nasdaq Global Market,N,100
TVACU,Texas Ventures Acquisition III Corp - Unit,stock,Unit,Nasdaq Global Market,N,100
TVACW,Texas Ventures Acquisition III Corp - Warrants,stock,Warrant,Nasdaq Global Market,N,100
TVAI,Thayer Ventures Acquisition Corporation II - Class A Ordinary Shares,stock,Ordinary Share,Nasdaq Global Market,N,100
TVAIR,Thayer Ventures Acquisition Corporation II - Rights,stock,Right,Nasdaq Global Market,N,100
TVAIU,Thayer Ventures Acquisition Corporation II - Unit,stock,Unit,Nasdaq Global Market,N,100
TVGN,Tevogen Inc. - Common Stock,stock,Common Stock,Nasdaq Global Market,D,100
TVGNW,Tevogen Inc. - Warrant,stock,Warrant,Nasdaq Capital Market,N,100
TVIV,Texas Ventures Acquisition IV Corp - Class A Ordinary Shares,stock,Ordinary Share,Nasdaq Global Market,N,100
TVIVU,Texas Ventures Acquisition IV Corp - Units,stock,Unit,Nasdaq Global Market,N,100
TVIVW,Texas Ventures Acquisition IV Corp - Warrant,stock,Warrant,Nasdaq Global Market,N,100
TVRD,"Tvardi Therapeutics, Inc. - Common Stock",stock,Common Stock,Nasdaq Capital Market,N,100
TVTX,"Travere Therapeutics, Inc. - Common Stock",stock,Common Stock,Nasdaq Global Market,N,100
TW,Tradeweb Markets Inc. - Class A Common Stock,stock,Common Stock,Nasdaq Global Select Market,N,100
TWAV,"TaoWeave, Inc. - Common Stock",stock,Common Stock,Nasdaq Capital Market,N,100
TWFG,"TWFG, Inc. - Common Stock",stock,Common Stock,Nasdaq Global Select Market,N,100
TWG,Top Wealth Group Holding Limited - Class A Ordinary Shares,stock,Ordinary Share,Nasdaq Capital Market,N,100
TWIN,"Twin Disc, Incorporated - Common Stock",stock,Common Stock,Nasdaq Global Select Market,N,100
TWLV,Twelve Seas Investment Company III - Class A Ordinary Shares,stock,Ordinary Share,Nasdaq Global Market,N,100
TWLVR,Twelve Seas Investment Company III - Rights,stock,Right,Nasdaq Global Market,N,100
TWLVU,Twelve Seas Investment Company III - Units,stock,Unit,Nasdaq Global Market,N,100
TWST,Twist Bioscience Corporation - Common Stock,stock,Common Stock,Nasdaq Global Select Market,N,100
TXG,"10x Genomics, Inc. - Common Stock",stock,Common Stock,Nasdaq Global Select Market,N,100
TXMD,"TherapeuticsMD, Inc. - Common Stock",stock,Common Stock,Nasdaq Global Select Market,N,100
TXN,Texas Instruments Incorporated - Common Stock,stock,Common Stock,Nasdaq Global Select Market,N,100
TXRH,"Texas Roadhouse, Inc. - Common Stock",stock,Common Stock,Nasdaq Global Select Market,N,100
TXUE,Thornburg International Equity ETF,etf,ETF,Nasdaq Global Market,N,100
TXUG,Thornburg International Growth Fund ETF,etf,ETF,Nasdaq Global Market,N,100
TXXD,21Shares 2x Long Dogecoin ETF,etf,ETF,Nasdaq Global Market,N,100
TXXH,21Shares 2x Long HYPE ETF,etf,ETF,Nasdaq Global Market,N,100
TXXS,21Shares 2x Long Sui ETF,etf,ETF,Nasdaq Global Market,N,100
TYGO,"Tigo Energy, Inc. - Common Stock",stock,Common Stock,Nasdaq Capital Market,N,100
TYRA,"Tyra Biosciences, Inc. - Common Stock",stock,Common Stock,Nasdaq Global Select Market,N,100
TZOO,Travelzoo - Common Stock,stock,Common Stock,Nasdaq Global Select Market,N,100
UAE,iShares MSCI UAE ETF,etf,ETF,Nasdaq Global Market,N,100
UAL,"United Airlines Holdings, Inc. - Common Stock",stock,Common Stock,Nasdaq Global Select Market,N,100
UBCP,"United Bancorp, Inc. - Common Stock",stock,Common Stock,Nasdaq Capital Market,N,100
UBND,VictoryShares Core Plus Bond ETF,etf,ETF,Nasdaq Global Market,N,100
UBRL,GraniteShares 2x Long UBER Daily ETF,etf,ETF,Nasdaq Global Market,N,100
UBSI,"United Bankshares, Inc. - Common Stock",stock,Common Stock,Nasdaq Global Select Market,N,100
UCAR,U Power Limited - Class A Ordinary Shares,stock,Ordinary Share,Nasdaq Capital Market,N,100
UCFI,CN Healthy Food Tech Group Corp. - Common Stock,stock,Common Stock,Nasdaq Capital Market,D,100
UCFIW,CN Healthy Food Tech Group Corp. - Warrant,stock,Warrant,Nasdaq Capital Market,D,100
UCL,uCloudlink Group Inc. - American Depositary Shares,stock,Depositary Share,Nasdaq Global Market,N,100
UCRD,VictoryShares Corporate Bond ETF,etf,ETF,Nasdaq Global Market,N,100
UCTT,"Ultra Clean Holdings, Inc. - Common Stock",stock,Common Stock,Nasdaq Global Select Market,N,100
UCYB,ProShares Ultra Nasdaq Cybersecurity,etf,ETF,Nasdaq Global Market,N,100
UECG,Leverage Shares 2x Long UEC Daily ETF,etf,ETF,Nasdaq Global Market,N,100
UEIC,Universal Electronics Inc. - Common Stock,stock,Common Stock,Nasdaq Global Select Market,N,100
UEVM,VictoryShares Emerging Markets Value Momentum ETF,etf,ETF,Nasdaq Global Market,N,100
UFCS,"United Fire Group, Inc - Common Stock",stock,Common Stock,Nasdaq Global Select Market,N,100
UFG,Uni-Fuels Holdings Limited - Class A Ordinary Shares,stock,Ordinary Share,Nasdaq Capital Market,D,100
UFIV,US Treasury 5 Year Note ETF,etf,ETF,Nasdaq Global Market,N,100
UFO,Procure Space ETF,etf,ETF,Nasdaq Global Market,N,100
UFOX,Defiance Space and Connective Tech ETF,etf,ETF,Nasdaq Global Market,N,100
UFPI,"UFP Industries, Inc. - Common Stock",stock,Common Stock,Nasdaq Global Select Market,N,100
UFPT,"UFP Technologies, Inc. - Common Stock",stock,Common Stock,Nasdaq Capital Market,N,100
UG,"United-Guardian, Inc. - Common Stock",stock,Common Stock,Nasdaq Global Market,N,100
UITB,VictoryShares Core Intermediate Bond ETF,etf,ETF,Nasdaq Global Market,N,100
UIVM,VictoryShares International Value Momentum ETF,etf,ETF,Nasdaq Global Market,N,100
UK,Ucommune International Ltd  - Class A Ordinary Shares,stock,Ordinary Share,Nasdaq Capital Market,N,100
ULBI,Ultralife Corporation - Common Stock,stock,Common Stock,Nasdaq Global Market,N,100
ULCC,"Frontier Group Holdings, Inc. - Common Stock",stock,Common Stock,Nasdaq Global Select Market,N,100
ULH,"Universal Logistics Holdings, Inc. - Common Stock",stock,Common Stock,Nasdaq Global Select Market,N,100
ULTA,"Ulta Beauty, Inc. - Common Stock",stock,Common Stock,Nasdaq Global Select Market,N,40
ULTI,REX IncomeMax Option Strategy ETF,etf,ETF,Nasdaq Global Market,N,100
ULVM,VictoryShares US Value Momentum ETF,etf,ETF,Nasdaq Global Market,N,100
UMBF,UMB Financial Corporation - Common Stock,stock,Common Stock,Nasdaq Global Select Market,N,100
UMBFO,"UMB Financial Corporation - Depositary Shares Each Representing a 1/400th Interest in a Share of 7.750% Fixed-Rate Reset Non-Cumulative Perpetual Preferred Stock, Series B",stock,Preferred,Nasdaq Global Select Market,N,100
UMMA,Wahed Dow Jones Islamic World ETF,etf,ETF,Nasdaq Global Market,N,100
UNB,"Union Bankshares, Inc. - Common Stock",stock,Common Stock,Nasdaq Global Market,N,100
UNCY,"Unicycive Therapeutics, Inc. - Common Stock",stock,Common Stock,Nasdaq Capital Market,N,100
UNHG,Leverage Shares 2X Long UNH Daily ETF,etf,ETF,Nasdaq Global Market,N,100
UNIT,Uniti Group Inc. - Common Stock,stock,Common Stock,Nasdaq Global Select Market,N,100
UNIY,WisdomTree Voya Yield Enhanced USD Universal Bond Fund,etf,ETF,Nasdaq Global Market,N,100
UNTY,"Unity Bancorp, Inc. - Common Stock",stock,Common Stock,Nasdaq Global Market,N,100
UONE,"Urban One, Inc.  - Class A Common Stock",stock,Common Stock,Nasdaq Capital Market,N,100
UONEK,"Urban One, Inc.  - Class D Common Stock",stock,Common Stock,Nasdaq Capital Market,N,100
UPB,"Upstream Bio, Inc. - Common Stock",stock,Common Stock,Nasdaq Global Select Market,N,100
UPBD,"Upbound Group, Inc. - Common Stock",stock,Common Stock,Nasdaq Global Select Market,N,100
UPC,Universe Pharmaceuticals Inc - Class A Ordinary Shares,stock,Ordinary Share,Nasdaq Capital Market,N,100
UPGR,Xtrackers US Green Infrastructure Select Equity ETF,etf,ETF,Nasdaq Global Market,N,100
UPLD,"Upland Software, Inc. - Common Stock",stock,Common Stock,Nasdaq Global Market,N,100
UPST,"Upstart Holdings, Inc. - Common stock",stock,Common Stock,Nasdaq Global Select Market,N,100
UPWK,Upwork Inc. - Common Stock,stock,Common Stock,Nasdaq Global Select Market,N,100
UPXI,"Upexi, Inc. - Common Stock",stock,Common Stock,Nasdaq Capital Market,D,100
URBN,"Urban Outfitters, Inc. - Common Stock",stock,Common Stock,Nasdaq Global Select Market,N,100
URGN,UroGen Pharma Ltd. - Ordinary Shares,stock,Ordinary Share,Nasdaq Global Market,N,100
URNJ,Sprott Junior Uranium Miners ETF,etf,ETF,Nasdaq Global Market,N,100
UROY,Uranium Royalty Corp. - Common Stock,stock,Common Stock,Nasdaq Capital Market,N,100
USAF,Atlas America Fund,etf,ETF,Nasdaq Global Market,N,100
USAR,"USA Rare Earth, Inc. - Common Stock",stock,Common Stock,Nasdaq Global Market,N,100
USAU,U.S. Gold Corp. - Common Stock,stock,Common Stock,Nasdaq Capital Market,N,100
USCB,"USCB Financial Holdings, Inc.  - Class A Common Stock",stock,Common Stock,Nasdaq Global Market,N,100
USCL,iShares Climate Conscious & Transition MSCI USA ETF,etf,ETF,Nasdaq Global Market,N,100
USDE,StablecoinX Inc. - Class A Common Stock,stock,Common Stock,Nasdaq Capital Market,N,100
USDEW,StablecoinX Inc. - Warrants,stock,Warrant,Nasdaq Capital Market,N,100
USDX,SGI Enhanced Core ETF,etf,ETF,Nasdaq Global Market,N,100
USEA,United Maritime Corporation - Common Stock,stock,Common Stock,Nasdaq Capital Market,N,100
USFI,BrandywineGLOBAL - U.S. Fixed Income ETF,etf,ETF,Nasdaq Global Market,N,100
USGG,Leverage Shares 2X Long USAR Daily ETF,etf,ETF,Nasdaq Global Market,N,100
USGO,U.S. GoldMining Inc. - Common stock,stock,Common Stock,Nasdaq Capital Market,N,100
USIG,iShares Broad USD Investment Grade Corporate Bond ETF,etf,ETF,Nasdaq Global Market,N,100
USIN,WisdomTree 7-10 Year Laddered Treasury Fund,etf,ETF,Nasdaq Global Market,N,100
USIO,"Usio, Inc. - Common Stock",stock,Common Stock,Nasdaq Global Market,N,100
USLM,"United States Lime & Minerals, Inc. - Common Stock",stock,Common Stock,Nasdaq Global Select Market,N,100
USMC,Principal U.S. Mega-Cap ETF,etf,ETF,Nasdaq Global Market,N,100
USOI,"ETRACS Crude Oil Shares Covered Call ETNs due April 24, 2037",etf,ETF,Nasdaq Global Market,N,100
USOY,Defiance Oil Enhanced Options Income ETF,etf,ETF,Nasdaq Global Market,N,100
USSH,WisdomTree 1-3 Year Laddered Treasury Fund,etf,ETF,Nasdaq Global Market,N,100
USTB,VictoryShares Short-Term Bond ETF,etf,ETF,Nasdaq Global Market,N,100
USVM,VictoryShares US Small Mid Cap Value Momentum ETF,etf,ETF,Nasdaq Global Market,N,100
USVN,US Treasury 7 Year Note ETF,etf,ETF,Nasdaq Global Market,N,100
USXF,iShares ESG Advanced MSCI USA ETF,etf,ETF,Nasdaq Global Market,N,100
UTEN,US Treasury 10 Year Note ETF,etf,ETF,Nasdaq Global Market,N,100
UTHR,United Therapeutics Corporation - Common Stock,stock,Common Stock,Nasdaq Global Select Market,N,40
UTHY,US Treasury 30 Year Bond ETF,etf,ETF,Nasdaq Global Market,N,100
UTMD,"Utah Medical Products, Inc. - Common Stock",stock,Common Stock,Nasdaq Global Select Market,N,100
UTRE,US Treasury 3 Year Note ETF,etf,ETF,Nasdaq Global Market,N,100
UTSI,UTStarcom Holdings Corp - Ordinary Shares,stock,Ordinary Share,Nasdaq Global Select Market,N,100
UTWO,US Treasury 2 Year Note ETF,etf,ETF,Nasdaq Global Market,N,100
UTWY,US Treasury 20 Year Bond ETF,etf,ETF,Nasdaq Global Market,N,100
UUUG,Leverage Shares 2X Long UUUU Daily ETF,etf,ETF,Nasdaq Global Market,N,100
UVSP,Univest Financial Corporation - Common Stock,stock,Common Stock,Nasdaq Global Select Market,N,100
UXIN,Uxin Limited - American Depositary Shares,stock,Depositary Share,Nasdaq Global Select Market,N,100
UYLD,Angel Oak UltraShort Income ETF,etf,ETF,Nasdaq Global Market,N,100
UYSC,UY Scuti Acquisition Corp. - Ordinary Shares,stock,Ordinary Share,Nasdaq Capital Market,N,100
UYSCR,UY Scuti Acquisition Corp. - Rights,stock,Right,Nasdaq Capital Market,N,100
UYSCU,UY Scuti Acquisition Corp. - Units,stock,Unit,Nasdaq Capital Market,N,100
UZX,Linkage Global Inc - Class A Ordinary Shares,stock,Ordinary Share,Nasdaq Capital Market,D,100
VABK,Virginia National Bankshares Corporation - Common Stock,stock,Common Stock,Nasdaq Capital Market,N,100
VALG,Leverage Shares 2X Long VALE Daily ETF,etf,ETF,Nasdaq Global Market,N,100
VALN,Valneva SE - American Depositary Shares,stock,Depositary Share,Nasdaq Global Select Market,N,100
VALU,"Value Line, Inc. - Common Stock",stock,Common Stock,Nasdaq Capital Market,N,100
VANI,"Vivani Medical, Inc.  - Common Stock",stock,Common Stock,Nasdaq Capital Market,N,100
VAVX,VanEck Avalanche ETF,etf,ETF,Nasdaq Global Market,N,100
VBCA,Vanguard Target Maturity 2027 Corporate Bond ETF,etf,ETF,Nasdaq Global Market,N,100
VBCB,Vanguard Target Maturity 2028 Corporate Bond ETF,etf,ETF,Nasdaq Global Market,N,100
VBCC,Vanguard Target Maturity 2029 Corporate Bond ETF,etf,ETF,Nasdaq Global Market,N,100
VBCD,Vanguard Target Maturity 2030 Corporate Bond ETF,etf,ETF,Nasdaq Global Market,N,100
VBCE,Vanguard Target Maturity 2031 Corporate Bond ETF,etf,ETF,Nasdaq Global Market,N,100
VBCF,Vanguard Target Maturity 2032 Corporate Bond ETF,etf,ETF,Nasdaq Global Market,N,100
VBCG,Vanguard Target Maturity 2033 Corporate Bond ETF,etf,ETF,Nasdaq Global Market,N,100
VBCH,Vanguard Target Maturity 2034 Corporate Bond ETF,etf,ETF,Nasdaq Global Market,N,100
VBCI,Vanguard Target Maturity 2035 Corporate Bond ETF,etf,ETF,Nasdaq Global Market,N,100
VBCJ,Vanguard Target Maturity 2036 Corporate Bond ETF,etf,ETF,Nasdaq Global Market,N,100
VBIL,Vanguard 0-3 Month Treasury Bill ETF,etf,ETF,Nasdaq Global Market,N,100
VBIO,"Valion Bio, Inc. - Common stock",stock,Common Stock,Nasdaq Capital Market,D,100
VBNB,VanEck BNB ETF,etf,ETF,Nasdaq Global Market,N,100
VBNK,VersaBank - Common Shares,stock,Common Stock,Nasdaq Global Select Market,N,100
VC,Visteon Corporation - Common Stock,stock,Common Stock,Nasdaq Global Select Market,N,100
VCEL,Vericel Corporation - Common Stock,stock,Common Stock,Nasdaq Global Market,N,100
VCIG,VCI Global Limited - Ordinary Share,stock,Ordinary Share,Nasdaq Capital Market,N,100
VCIT,Vanguard Intermediate-Term Corporate Bond ETF,etf,ETF,Nasdaq Global Market,N,100
VCLT,Vanguard Long-Term Corporate Bond ETF,etf,ETF,Nasdaq Global Market,N,100
VCRB,Vanguard Core Bond ETF,etf,ETF,Nasdaq Global Market,N,100
VCRE,Vicore Pharma Holding AB - American Depositary Shares,stock,Depositary Share,Nasdaq Capital Market,N,100
VCSH,Vanguard Short-Term Corporate Bond ETF,etf,ETF,Nasdaq Global Market,N,100
VCTR,"Victory Capital Holdings, Inc. - Common Stock",stock,Common Stock,Nasdaq Global Select Market,N,100
VCYT,"Veracyte, Inc. - Common Stock",stock,Common Stock,Nasdaq Global Market,N,100
VECO,Veeco Instruments Inc. - Common Stock,stock,Common Stock,Nasdaq Global Select Market,N,100
VEEA,Veea Inc. - Common Stock,stock,Common Stock,Nasdaq Capital Market,D,100
VEEAW,Veea Inc. - Warrant,stock,Warrant,Nasdaq Capital Market,D,100
VEEE,Twin Vee PowerCats Co. - Common Stock,stock,Common Stock,Nasdaq Capital Market,N,100
VEFA,VanEck MSCI EAFE Analyst Sentiment ETF,etf,ETF,Nasdaq Global Market,N,100
VELO,"Velo3D, Inc. - Common stock",stock,Common Stock,Nasdaq Capital Market,N,100
VEON,VEON Ltd. - American Depositary Shares,stock,Depositary Share,Nasdaq Global Select Market,N,100
VERA,"Vera Therapeutics, Inc. - Class A Common Stock",stock,Common Stock,Nasdaq Global Market,N,100
VERI,"Veritone, Inc. - Common Stock",stock,Common Stock,Nasdaq Global Market,N,100
VERU,Veru Inc. - Common Stock,stock,Common Stock,Nasdaq Capital Market,N,100
VERX,"Vertex, Inc. - Class A Common Stock",stock,Common Stock,Nasdaq Global Market,N,100
VFF,"Village Farms International, Inc. - Common Shares",stock,Common Stock,Nasdaq Capital Market,N,100
VFLO,VictoryShares Free Cash Flow ETF,etf,ETF,Nasdaq Global Market,N,100
VFS,VinFast Auto Ltd. - Ordinary Shares,stock,Ordinary Share,Nasdaq Global Select Market,N,100
VFSWW,VinFast Auto Ltd. - Warrant,stock,Warrant,Nasdaq Capital Market,N,100
VGAS,"Verde Clean Fuels, Inc. - Class A Common Stock",stock,Common Stock,Nasdaq Capital Market,N,100
VGASW,"Verde Clean Fuels, Inc. - Warrant",stock,Warrant,Nasdaq Capital Market,N,100
VGIT,Vanguard Intermediate-Term Treasury ETF,etf,ETF,Nasdaq Global Market,N,100
VGLT,Vanguard Long-Term Treasury ETF,etf,ETF,Nasdaq Global Market,N,100
VGSH,Vanguard Short-Term Treasury ETF,etf,ETF,Nasdaq Global Market,N,100
VGSR,Vert Global Sustainable Real Estate ETF,etf,ETF,Nasdaq Global Market,N,100
VGUS,Vanguard Ultra-Short Treasury ETF,etf,ETF,Nasdaq Global Market,N,100
VHC,VirnetX Holding Corp - Common Stock,stock,Common Stock,Nasdaq Capital Market,N,100
VHCP,Vine Hill Capital Investment Corp. II - Class A Ordinary Shares,stock,Ordinary Share,Nasdaq Global Market,N,100
VHCPU,Vine Hill Capital Investment Corp. II - Units,stock,Unit,Nasdaq Global Market,N,100
VHCPW,Vine Hill Capital Investment Corp. II - Warrants,stock,Warrant,Nasdaq Global Market,N,100
VHUB,"VenHub Global, Inc. - Common Stock",stock,Common Stock,Nasdaq Global Market,N,100
VIAV,Viavi Solutions Inc. - Common Stock,stock,Common Stock,Nasdaq Global Select Market,N,100
VICR,Vicor Corporation - Common Stock,stock,Common Stock,Nasdaq Global Select Market,N,100
VIGI,Vanguard International Dividend Appreciation ETF,etf,ETF,Nasdaq Global Market,N,100
VINP,Vinci Compass Investments Ltd. - Class A Common Shares,stock,Common Stock,Nasdaq Global Select Market,N,100
VIOT,"Viomi Technology Co., Ltd - American Depositary Shares",stock,Depositary Share,Nasdaq Global Select Market,D,100
VIP,Vulcan Infrastructure and Power Inc. - Class A Common Stock,stock,Common Stock,Nasdaq Global Select Market,D,100
VIR,"Vir Biotechnology, Inc. - Common Stock",stock,Common Stock,Nasdaq Global Select Market,N,100
VIRC,Virco Manufacturing Corporation - Common Stock,stock,Common Stock,Nasdaq Global Market,N,100
VISN,"Vistance Networks, Inc.  - Common Stock",stock,Common Stock,Nasdaq Global Select Market,N,100
VITL,"Vital Farms, Inc. - Common Stock",stock,Common Stock,Nasdaq Global Market,N,100
VIVK,"Vivakor, Inc. - Common Stock",stock,Common Stock,Nasdaq Capital Market,N,100
VIVO,VivoPower PLC - Class A Ordinary Shares,stock,Ordinary Share,Nasdaq Capital Market,N,100
VIVS,"VivoSim Labs, Inc. - Common Stock",stock,Common Stock,Nasdaq Capital Market,N,100
VKTX,"Viking Therapeutics, Inc. - Common Stock",stock,Common Stock,Nasdaq Capital Market,N,100
VLGEA,"Village Super Market, Inc. - Class A Common Stock",stock,Common Stock,Nasdaq Global Select Market,N,100
VLOS,Velos Acquisition I Corp. - Class A Ordinary shares,stock,Ordinary Share,Nasdaq Global Market,N,100
VLOSU,Velos Acquisition I Corp. - Units,stock,Unit,Nasdaq Global Market,N,100
VLOSW,Velos Acquisition I Corp. - Warrant,stock,Warrant,Nasdaq Global Market,N,100
VLY,Valley National Bancorp - Common Stock,stock,Common Stock,Nasdaq Global Select Market,N,100
VLYPN,"Valley National Bancorp - 8.250% Fixed-Rate Reset Non-Cumulative Perpetual Preferred Stock, Series C",stock,Preferred,Nasdaq Global Select Market,N,100
VLYPO,Valley National Bancorp - 5.5% Fixed to Floating Rate Series B Non-Cumulative Perpetual Preferred Stock,stock,Preferred,Nasdaq Global Select Market,N,100
VLYPP,Valley National Bancorp - 6.25% Fixed-to-Floating Rate Series A Non-Cumulative Perpetual Preferred Stock,stock,Preferred,Nasdaq Global Select Market,N,100
VMAR,Vision Marine Technologies Inc. - Common Shares,stock,Common Stock,Nasdaq Capital Market,N,100
VMBS,Vanguard Mortgage-Backed Securities ETF,etf,ETF,Nasdaq Global Market,N,100
VMD,"Viemed Healthcare, Inc. - Common Shares",stock,Common Stock,Nasdaq Capital Market,N,100
VMET,Versamet Royalties Corporation - Common Stock,stock,Common Stock,Nasdaq Capital Market,N,100
VNCE,Vince Holding Corp. - Common Stock,stock,Common Stock,Nasdaq Capital Market,N,100
VNDA,Vanda Pharmaceuticals Inc. - Common Stock,stock,Common Stock,Nasdaq Global Market,N,100
VNET,"VNET Group, Inc. - American Depositary Shares",stock,Depositary Share,Nasdaq Global Select Market,N,100
VNME,Vendome Acquisition Corporation I - Class A Ordinary Shares,stock,Ordinary Share,Nasdaq Global Market,N,100
VNMEU,Vendome Acquisition Corporation I - Unit,stock,Unit,Nasdaq Global Market,N,100
VNMEW,Vendome Acquisition Corporation I - Warrant,stock,Warrant,Nasdaq Global Market,N,100
VNOM,"Viper Energy, Inc.  - Class A Common Stock",stock,Common Stock,Nasdaq Global Select Market,N,100
VNQI,Vanguard Global ex-U.S. Real Estate ETF,etf,ETF,Nasdaq Global Market,N,100
VOD,Vodafone Group Plc - American Depositary Shares each representing ten Ordinary Shares,stock,Depositary Share,Nasdaq Global Select Market,N,100
VOLT,Tema Electrification ETF,etf,ETF,Nasdaq Global Market,N,100
VONE,Vanguard Russell 1000 ETF,etf,ETF,Nasdaq Global Market,N,40
VONG,Vanguard Russell 1000 Growth ETF,etf,ETF,Nasdaq Global Market,N,100
VONV,Vanguard Russell 1000 Value ETF,etf,ETF,Nasdaq Global Market,N,100
VOR,Vor Biopharma Inc. - Common Stock,stock,Common Stock,Nasdaq Global Select Market,N,100
VOTE,TCW Transform 500 ETF,etf,ETF,Nasdaq Global Market,N,100
VOXR,Vox Royalty Corp. - common stock,stock,Common Stock,Nasdaq Capital Market,N,100
VPLS,Vanguard Core Plus Bond ETF,etf,ETF,Nasdaq Global Market,N,100
VRA,"Vera Bradley, Inc. - Common Stock",stock,Common Stock,Nasdaq Global Select Market,N,100
VRAX,Virax Biolabs Group Limited - Ordinary Shares,stock,Ordinary Share,Nasdaq Capital Market,N,100
VRCA,Verrica Pharmaceuticals Inc. - Common Stock,stock,Common Stock,Nasdaq Capital Market,N,100
VRDN,"Viridian Therapeutics, Inc.  - Common Stock",stock,Common Stock,Nasdaq Capital Market,N,100
VREX,Varex Imaging Corporation - Common Stock,stock,Common Stock,Nasdaq Global Select Market,N,100
VRIG,Invesco Variable Rate Investment Grade ETF,etf,ETF,Nasdaq Global Market,N,100
VRM,"Vroom, Inc. - Common Stock",stock,Common Stock,Nasdaq Global Market,N,100
VRME,"VerifyMe, Inc. - Common Stock",stock,Common Stock,Nasdaq Capital Market,D,100
VRNS,"Varonis Systems, Inc. - Common Stock",stock,Common Stock,Nasdaq Global Select Market,N,100
VRRM,Verra Mobility Corporation - Class A Common Stock,stock,Common Stock,Nasdaq Capital Market,N,100
VRSK,"Verisk Analytics, Inc. - Common Stock",stock,Common Stock,Nasdaq Global Select Market,N,100
VRSN,"VeriSign, Inc. - Common Stock",stock,Common Stock,Nasdaq Global Select Market,N,100
VRTL,GraniteShares 2x Long VRT Daily ETF,etf,ETF,Nasdaq Global Market,N,100
VRTX,Vertex Pharmaceuticals Incorporated - Common Stock,stock,Common Stock,Nasdaq Global Select Market,N,40
VRXA,Veraxa Biotech AG - Ordinary Shares,stock,Ordinary Share,Nasdaq Global Market,N,100
VRXAW,Veraxa Biotech AG - Warrants,stock,Warrant,Nasdaq Capital Market,N,100
VS,Versus Systems Inc. - Common Stock,stock,Common Stock,Nasdaq Capital Market,N,100
VSA,VisionSys AI Inc. - American Depositary Shares,stock,Depositary Share,Nasdaq Capital Market,N,100
VSAT,"ViaSat, Inc. - Common Stock",stock,Common Stock,Nasdaq Global Select Market,N,100
VSDA,VictoryShares Dividend Accelerator ETF,etf,ETF,Nasdaq Global Market,N,100
VSEC,VSE Corporation - Common Stock,stock,Common Stock,Nasdaq Global Select Market,N,100
VSECU,VSE Corporation - Tangible Equity Units,stock,Unit,Nasdaq Global Select Market,N,100
VSME,VS Media Holdings Limited - Class A Ordinary Shares,stock,Ordinary Share,Nasdaq Capital Market,N,100
VSMV,VictoryShares US Multi-Factor Minimum Volatility ETF,etf,ETF,Nasdaq Global Market,N,100
VSNT,"Versant Media Group, Inc. - Class A Common Stock",stock,Common Stock,Nasdaq Global Select Market,N,100
VSOL,VanEck Solana ETF,etf,ETF,Nasdaq Global Market,N,100
VSTL,Defiance Daily Target 2X Long VST ETF,etf,ETF,Nasdaq Global Market,N,100
VSTM,"Verastem, Inc. - Common Stock",stock,Common Stock,Nasdaq Capital Market,N,100
VTC,Vanguard Total Corporate Bond ETF,etf,ETF,Nasdaq Global Market,N,100
VTGN,"Vistagen Therapeutics, Inc. - Common Stock",stock,Common Stock,Nasdaq Capital Market,D,100
VTHR,Vanguard Russell 3000 ETF,etf,ETF,Nasdaq Global Market,N,40
VTIP,Vanguard Short-Term Inflation-Protected Securities Index Fund ETF Shares,etf,ETF,Nasdaq Global Market,N,100
VTIX,Virtuix Holdings Inc. - Class A Common Stock,stock,Common Stock,Nasdaq Global Market,N,100
VTRS,Viatris Inc. - Common Stock,stock,Common Stock,Nasdaq Global Select Market,N,100
VTSI,"VirTra, Inc. - Common Stock",stock,Common Stock,Nasdaq Capital Market,N,100
VTVT,vTv Therapeutics Inc. - Class A Common Stock,stock,Common Stock,Nasdaq Capital Market,N,100
VTWG,Vanguard Russell 2000 Growth ETF,etf,ETF,Nasdaq Global Market,N,100
VTWO,Vanguard Russell 2000 ETF,etf,ETF,Nasdaq Global Market,N,100
VTWV,Vanguard Russell 2000 Value ETF,etf,ETF,Nasdaq Global Market,N,100
VUZI,Vuzix Corporation  - Common Stock,stock,Common Stock,Nasdaq Capital Market,N,100
VVOS,"Vivos Therapeutics, Inc. - Common Stock",stock,Common Stock,Nasdaq Capital Market,D,100
VWAV,"VisionWave Holdings, Inc. - Common Stock",stock,Common Stock,Nasdaq Global Market,N,100
VWAVW,"VisionWave Holdings, Inc. - Warrant",stock,Warrant,Nasdaq Capital Market,N,100
VWOB,Vanguard Emerging Markets Government Bond ETF,etf,ETF,Nasdaq Global Market,N,100
VXUS,Vanguard Total International Stock ETF,etf,ETF,Nasdaq Global Market,N,100
VYGR,"Voyager Therapeutics, Inc. - Common Stock",stock,Common Stock,Nasdaq Global Select Market,N,100
VYMI,Vanguard International High Dividend Yield ETF,etf,ETF,Nasdaq Global Market,N,100
WABC,Westamerica Bancorporation - Common Stock,stock,Common Stock,Nasdaq Global Select Market,N,100
WABF,Western Asset Bond ETF,etf,ETF,Nasdaq Global Market,N,100
WAFD,"WaFd, Inc. - Common Stock",stock,Common Stock,Nasdaq Global Select Market,N,100
WAFDP,"WaFd, Inc. - Depositary Shares",stock,Depositary Share,Nasdaq Global Select Market,N,100
WAFU,Wah Fu Education Group Limited - Ordinary Shares,stock,Ordinary Share,Nasdaq Capital Market,N,100
WALD,Waldencast plc - Class A Ordinary Share,stock,Ordinary Share,Nasdaq Capital Market,N,100
WALDW,Waldencast plc - Warrant,stock,Warrant,Nasdaq Capital Market,N,100
WAMA,WisdomTree US Adaptive Moving Average Fund,etf,ETF,Nasdaq Global Market,N,100
WARP,VanEck Space ETF,etf,ETF,Nasdaq Global Market,N,100
WASH,"Washington Trust Bancorp, Inc. - Common Stock",stock,Common Stock,Nasdaq Global Select Market,N,100
WATT,Energous Corporation - Common Stock,stock,Common Stock,Nasdaq Capital Market,N,100
WAVE,Eco Wave Power Global AB (publ) - American Depositary Shares,stock,Depositary Share,Nasdaq Capital Market,N,100
WAY,Waystar Holding Corp. - Common Stock,stock,Common Stock,Nasdaq Global Select Market,N,100
WB,Weibo Corporation - American Depositary Shares,stock,Depositary Share,Nasdaq Global Select Market,N,100
WBD,"Warner Bros. Discovery, Inc. - Series A Common Stock",stock,Common Stock,Nasdaq Global Select Market,N,100
WBTN,WEBTOON Entertainment Inc. - Common stock,stock,Common Stock,Nasdaq Global Select Market,N,100
WBUY,WEBUY GLOBAL LTD. - Class A Ordinary Shares,stock,Ordinary Share,Nasdaq Capital Market,N,100
WCBR,WisdomTree Cybersecurity Fund,etf,ETF,Nasdaq Global Market,N,100
WCLD,WisdomTree Cloud Computing Fund,etf,ETF,Nasdaq Global Market,N,100
WCT,Wellchange Holdings Company Limited - Class A Ordinary shares,stock,Ordinary Share,Nasdaq Capital Market,N,100
WDAF,WisdomTree Asia Defense Fund,etf,ETF,Nasdaq Global Market,N,100
WDAY,"Workday, Inc. - Class A Common Stock",stock,Common Stock,Nasdaq Global Select Market,N,100
WDC,Western Digital Corporation - Common Stock,stock,Common Stock,Nasdaq Global Select Market,N,40
WDFC,WD-40 Company - Common Stock,stock,Common Stock,Nasdaq Global Select Market,N,100
WDGF,WisdomTree Global Defense Fund,etf,ETF,Nasdaq Global Market,N,100
WEEI,Westwood Salient Enhanced Energy Income ETF,etf,ETF,Nasdaq Global Market,N,100
WEN,Wendy's Company (The) - Common Stock,stock,Common Stock,Nasdaq Global Select Market,N,100
WENN,Wen Acquisition Corp - Class A Ordinary Shares,stock,Ordinary Share,Nasdaq Global Market,N,100
WENNU,Wen Acquisition Corp - Unit,stock,Unit,Nasdaq Global Market,N,100
WENNW,Wen Acquisition Corp - Warrant,stock,Warrant,Nasdaq Global Market,N,100
WERN,"Werner Enterprises, Inc. - Common Stock",stock,Common Stock,Nasdaq Global Select Market,N,100
WEST,Westrock Coffee Company - Common Stock,stock,Common Stock,Nasdaq Global Market,N,100
WETH,Wetouch Technology Inc. - Common Stock,stock,Common Stock,Nasdaq Capital Market,N,100
WETO,Wetour Robotics Limited - Ordinary Shares,stock,Ordinary Share,Nasdaq Capital Market,N,100
WEYS,"Weyco Group, Inc. - Common Stock",stock,Common Stock,Nasdaq Global Select Market,N,100
WFCF,"Where Food Comes From, Inc. - Common Stock",stock,Common Stock,Nasdaq Capital Market,N,100
WFF,WF Holding Limited - Ordinary Shares,stock,Ordinary Share,Nasdaq Capital Market,N,100
WFRD,Weatherford International plc - Ordinary shares,stock,Ordinary Share,Nasdaq Global Select Market,N,100
WGMI,CoinShares Bitcoin Mining ETF,etf,ETF,Nasdaq Global Market,N,100
WGS,GeneDx Holdings Corp. - Class A Common Stock,stock,Common Stock,Nasdaq Global Select Market,N,100
WHF,"WhiteHorse Finance, Inc. - Closed End Fund",stock,Closed-End Fund,Nasdaq Global Select Market,N,100
WHFCL,"WhiteHorse Finance, Inc. - 7.875% Notes due 2028",stock,Nasdaq Listed Security,Nasdaq Global Select Market,N,100
WHLR,"Wheeler Real Estate Investment Trust, Inc. - Common Stock",stock,Common Stock,Nasdaq Capital Market,N,100
WHLRD,"Wheeler Real Estate Investment Trust, Inc. - Series D Cumulative Preferred Stock",stock,Preferred,Nasdaq Capital Market,N,100
WHLRL,"Wheeler Real Estate Investment Trust, Inc. - 7.00% Senior Subordinated Convertible Notes Due 2031",stock,Nasdaq Listed Security,Nasdaq Capital Market,N,100
WHLRP,"Wheeler Real Estate Investment Trust, Inc. - Series B Preferred Stock",stock,Preferred,Nasdaq Capital Market,N,100
WHWK,"Whitehawk Therapeutics, Inc. - Common Stock",stock,Common Stock,Nasdaq Capital Market,N,100
WILC,"G. Willi-Food International,  Ltd. - Ordinary Shares",stock,Ordinary Share,Nasdaq Capital Market,N,100
WIMA,WisdomTree International Adaptive Moving Average Fund,etf,ETF,Nasdaq Global Market,N,100
WIMI,WiMi Hologram Cloud Inc. - Class B Ordinary Shares,stock,Ordinary Share,Nasdaq Global Market,N,100
WINA,Winmark Corporation - Common Stock,stock,Common Stock,Nasdaq Global Market,N,40
WING,Wingstop Inc. - Common Stock,stock,Common Stock,Nasdaq Global Select Market,N,100
WISE,Themes Generative Artificial Intelligence ETF,etf,ETF,Nasdaq Global Market,N,100
WIX,Wix.com Ltd. - Ordinary Shares,stock,Ordinary Share,Nasdaq Global Select Market,N,100
WKEY,WISeKey International Holding Ltd - American Depositary Shares,stock,Depositary Share,Nasdaq Global Market,N,100
WKHS,"Workhorse Group, Inc. - Common Stock",stock,Common Stock,Nasdaq Capital Market,N,100
WKSP,"Worksport, Ltd. - Common Stock",stock,Common Stock,Nasdaq Capital Market,N,100
WLCOU,Wilco 63 Corporation - Units,stock,Unit,Nasdaq Global Market,N,100
WLDN,"Willdan Group, Inc. - Common Stock",stock,Common Stock,Nasdaq Global Market,N,100
WLDS,Wearable Devices Ltd. - Ordinary Share,stock,Ordinary Share,Nasdaq Capital Market,N,100
WLDSW,Wearable Devices Ltd. - Warrant,stock,Warrant,Nasdaq Capital Market,N,100
WLFC,Willis Lease Finance Corporation - Common Stock,stock,Common Stock,Nasdaq Global Market,N,100
WLII,Willow Lane Acquisition Corp. II - Class A Ordinary Shares,stock,Ordinary Share,Nasdaq Global Market,N,100
WLIIU,Willow Lane Acquisition Corp. II - Unit,stock,Unit,Nasdaq Global Market,N,100
WLIIW,Willow Lane Acquisition Corp. II - Warrants,stock,Warrant,Nasdaq Global Market,N,100
WLTH,Wealthfront Corporation - Common Stock,stock,Common Stock,Nasdaq Global Select Market,N,100
WMG,Warner Music Group Corp. - Class A Common Stock,stock,Common Stock,Nasdaq Global Select Market,N,100
WMT,Walmart Inc. - Common Stock,stock,Common Stock,Nasdaq Global Select Market,N,100
WNEB,"Western New England Bancorp, Inc. - Common Stock",stock,Common Stock,Nasdaq Global Select Market,N,100
WNW,Meiwu Technology Company Limited - Ordinary Shares,stock,Ordinary Share,Nasdaq Capital Market,N,100
WOK,WORK Medical Technology Group LTD - Class A Ordinary Shares,stock,Ordinary Share,Nasdaq Capital Market,N,100
WOOD,iShares Global Timber & Forestry ETF,etf,ETF,Nasdaq Global Market,N,100
WOOF,"Petco Health and Wellness Company, Inc. - Class A Common Stock",stock,Common Stock,Nasdaq Global Select Market,N,100
WPRT,Westport Fuel Systems Inc - Common Shares,stock,Common Stock,Nasdaq Global Select Market,N,100
WRAP,"Wrap Technologies, Inc. - Common Stock",stock,Common Stock,Nasdaq Capital Market,N,100
WRD,WeRide Inc. - American Depositary Shares,stock,Depositary Share,Nasdaq Global Market,N,100
WRLD,World Acceptance Corporation - Common Stock,stock,Common Stock,Nasdaq Global Select Market,N,100
WRND,NYLI Global Equity R&D Leaders ETF,etf,ETF,Nasdaq Global Market,N,100
WRTH,Worth Charting Options Income ETF,etf,ETF,Nasdaq Global Market,N,100
WSBC,"WesBanco, Inc. - Common Stock",stock,Common Stock,Nasdaq Global Select Market,N,100
WSBCO,"WesBanco, Inc. - Depositary Shares each representing 1/40th interest in a share of 7.375% Fixed-Rate Reset Non-Cumulative Perpetual Preferred Stock, Series B",stock,Preferred,Nasdaq Global Select Market,N,100
WSBF,"Waterstone Financial, Inc. - Common Stock",stock,Common Stock,Nasdaq Global Select Market,N,100
WSBK,"Winchester Bancorp, Inc. - Common Stock",stock,Common Stock,Nasdaq Capital Market,N,100
WSC,WillScot Holdings Corporation - Class A Common Stock,stock,Common Stock,Nasdaq Capital Market,N,100
WSE,Wise Group plc - Class A Ordinary Shares,stock,Ordinary Share,Nasdaq Global Select Market,N,100
WSFS,WSFS Financial Corporation - Common Stock,stock,Common Stock,Nasdaq Global Select Market,N,100
WSGE,Warren Street Global Equity ETF,etf,ETF,Nasdaq Global Market,N,100
WSHP,WeShop Holdings Limited - Class A Ordinary Shares,stock,Ordinary Share,Nasdaq Capital Market,N,100
WSML,iShares MSCI World Small-Cap ETF,etf,ETF,Nasdaq Global Market,N,100
WSPC,WisdomTree Space Economy Fund,etf,ETF,Nasdaq Global Market,N,100
WSTN,Westin Acquisition Corp - Class A Ordinary Share,stock,Ordinary Share,Nasdaq Capital Market,N,100
WSTNR,Westin Acquisition Corp - Right,stock,Right,Nasdaq Capital Market,N,100
WSTNU,Westin Acquisition Corp - Units,stock,Unit,Nasdaq Capital Market,N,100
WTBA,West Bancorporation - Common Stock,stock,Common Stock,Nasdaq Global Select Market,N,100
WTBN,WisdomTree Bianco Total Return Fund,etf,ETF,Nasdaq Global Market,N,100
WTF,Waton Financial Limited - Ordinary Shares,stock,Ordinary Share,Nasdaq Capital Market,N,100
WTFC,Wintrust Financial Corporation - Common Stock,stock,Common Stock,Nasdaq Global Select Market,N,100
WTFCN,"Wintrust Financial Corporation - Depositary Shares, Each Representing a 1/1,000th Interest in a Share of 7.875% Fixed-Rate Reset Non-Cumulative Perpetual Preferred Stock, Series F, no par value, with a liquidation preference of $25,000 per share",stock,Preferred,Nasdaq Global Select Market,N,100
WTG,Wintergreen Acquisition Corp. - Ordinary Shares,stock,Ordinary Share,Nasdaq Capital Market,N,100
WTGUR,Wintergreen Acquisition Corp. - Rights,stock,Right,Nasdaq Capital Market,N,100
WTGUU,Wintergreen Acquisition Corp. - Unit,stock,Unit,Nasdaq Capital Market,N,100
WTIP,WisdomTree Inflation Plus Fund,etf,ETF,Nasdaq Global Market,N,100
WTMU,WisdomTree Core Laddered Municipal Fund,etf,ETF,Nasdaq Global Market,N,100
WTMY,WisdomTree High Income Laddered Municipal Fund,etf,ETF,Nasdaq Global Market,N,100
WTW,Willis Towers Watson Public Limited Company - Ordinary Shares,stock,Ordinary Share,Nasdaq Global Select Market,N,40
WULF,TeraWulf Inc. - Common Stock,stock,Common Stock,Nasdaq Capital Market,N,100
WVE,Wave Life Sciences Ltd. - Ordinary Shares,stock,Ordinary Share,Nasdaq Global Market,N,100
WVVI,"Willamette Valley Vineyards, Inc. - Common Stock",stock,Common Stock,Nasdaq Capital Market,N,100
WVVIP,"Willamette Valley Vineyards, Inc. - Series A Redeemable Preferred Stock",stock,Preferred,Nasdaq Capital Market,N,100
WW,"WW International, Inc.  - Common Stock",stock,Common Stock,Nasdaq Global Market,N,100
WWD,"Woodward, Inc. - Common Stock",stock,Common Stock,Nasdaq Global Select Market,N,40
WXM,WF International Limited - Ordinary Shares,stock,Ordinary Share,Nasdaq Capital Market,N,100
WYFI,"WhiteFiber, Inc. - Ordinary Shares",stock,Ordinary Share,Nasdaq Capital Market,N,100
WYHG,Wing Yip Food Holdings Group Limited - American Depositary Shares,stock,Depositary Share,Nasdaq Capital Market,N,100
WYNN,"Wynn Resorts, Limited - Common Stock",stock,Common Stock,Nasdaq Global Select Market,N,100
XAIR,"Beyond Air, Inc. - Common Stock",stock,Common Stock,Nasdaq Capital Market,D,100
XAIX,Xtrackers Artificial Intelligence and Big Data ETF,etf,ETF,Nasdaq Global Market,N,100
XBCI,NEOS Boosted Bitcoin High Income ETF,etf,ETF,Nasdaq Global Market,N,100
XBIL,US Treasury 6 Month Bill ETF,etf,ETF,Nasdaq Global Market,N,100
XBIO,"Xenetic Biosciences, Inc. - Common Stock",stock,Common Stock,Nasdaq Capital Market,N,100
XBIT,XBiotech Inc. - Common Stock,stock,Common Stock,Nasdaq Global Select Market,N,100
XBP,"XBP Global Holdings, Inc. - Common Stock",stock,Common Stock,Nasdaq Capital Market,N,100
XBPEW,"XBP Global Holdings, Inc. - Warrant",stock,Warrant,Nasdaq Capital Market,N,100
XBTY,GraniteShares YieldBOOST Bitcoin ETF,etf,ETF,Nasdaq Global Market,N,100
XCBE,X3 Acquisition Corp. Ltd. - Class A Ordinary Shares,stock,Ordinary Share,Nasdaq Global Market,N,100
XCBEU,X3 Acquisition Corp. Ltd. - Unit,stock,Unit,Nasdaq Global Market,N,100
XCBEW,X3 Acquisition Corp. Ltd. - Warrant,stock,Warrant,Nasdaq Global Market,N,100
XCH,XCHG Limited - ADS,stock,Nasdaq Listed Security,Nasdaq Global Market,D,100
XCNY,State Street SPDR S&P Emerging Markets ex-China ETF,etf,ETF,Nasdaq Global Market,N,100
XCUR,"Exicure, Inc. - Common Stock",stock,Common Stock,Nasdaq Capital Market,D,100
XDEF,Xtrackers Europe Defense Technologies ETF,etf,ETF,Nasdaq Global Market,N,100
XE,"X-Energy, Inc. - Class A Common Stock",stock,Common Stock,Nasdaq Global Select Market,N,100
XEL,Xcel Energy Inc. - Common Stock,stock,Common Stock,Nasdaq Global Select Market,N,100
XELB,"Xcel Brands, Inc - Common Stock",stock,Common Stock,Nasdaq Capital Market,N,100
XELLL,"Xcel Energy Inc. - 6.25% Junior Subordinated Notes, Series due 2085",stock,Nasdaq Listed Security,Nasdaq Global Market,N,100
XENE,Xenon Pharmaceuticals Inc. - Common Shares,stock,Common Stock,Nasdaq Global Market,N,100
XERS,"Xeris Biopharma Holdings, Inc. - Common Stock",stock,Common Stock,Nasdaq Global Select Market,N,100
XEY,GraniteShares YieldBOOST Ether ETF,etf,ETF,Nasdaq Global Market,N,100
XFOR,"X4 Pharmaceuticals, Inc. - Common Stock",stock,Common Stock,Nasdaq Capital Market,N,100
XGN,Exagen Inc. - Common Stock,stock,Common Stock,Nasdaq Global Market,N,100
XHG,XChange TEC.INC - American Depositary Shares,stock,Depositary Share,Nasdaq Capital Market,N,100
XHLD,"TEN Holdings, Inc. - Common Stock",stock,Common Stock,Nasdaq Capital Market,N,100
XIIIU,Churchill Capital Corp XIII - Units,stock,Unit,Nasdaq Global Market,N,100
XLO,"Xilio Therapeutics, Inc. - Common Stock",stock,Common Stock,Nasdaq Capital Market,N,100
XMAG,Defiance Large Cap ex-Mag 7 ETF,etf,ETF,Nasdaq Global Market,N,100
XMAX,"XMAX, Inc. - Common Stock",stock,Common Stock,Nasdaq Capital Market,N,100
XMTR,"Xometry, Inc. - Class A Common Stock",stock,Common Stock,Nasdaq Global Select Market,N,100
XNCR,"Xencor, Inc. - Common Stock",stock,Common Stock,Nasdaq Global Market,N,100
XNDU,Xanadu Quantum Technologies Limited - Class B Subordinate Voting Shares,stock,Nasdaq Listed Security,Nasdaq Global Market,N,100
XNET,Xunlei Limited - American Depositary Shares,stock,Depositary Share,Nasdaq Global Select Market,N,100
XOMX,Direxion Daily XOM Bull 2X ETF,etf,ETF,Nasdaq Global Market,N,100
XOS,"Xos, Inc. - Common Stock",stock,Common Stock,Nasdaq Capital Market,N,100
XOSWW,"Xos, Inc. - Warrants",stock,Warrant,Nasdaq Capital Market,N,100
XOVR,ERShares Private-Public Crossover ETF,etf,ETF,Nasdaq Global Market,N,100
XP,XP Inc. - Class A Common Stock,stock,Common Stock,Nasdaq Global Select Market,N,100
XPEG,Leverage Shares 2X Long XPEV Daily ETF,etf,ETF,Nasdaq Global Market,N,100
XPEL,"XPEL, Inc. - Common Stock",stock,Common Stock,Nasdaq Capital Market,N,100
XPON,Expion360 Inc. - Common Stock,stock,Common Stock,Nasdaq Capital Market,N,100
XQQI,NEOS Boosted Nasdaq-100 High Income ETF,etf,ETF,Nasdaq Global Market,N,100
XRAY,DENTSPLY SIRONA Inc. - Common Stock,stock,Common Stock,Nasdaq Global Select Market,N,100
XRPC,Canary XRP ETF,etf,ETF,Nasdaq Global Market,N,100
XRPI,Volatility Shares Trust XRP ETF,etf,ETF,Nasdaq Global Market,N,100
XRPN,Armada Acquisition Corp. II - Class A Ordinary Shares,stock,Ordinary Share,Nasdaq Global Market,N,100
XRPNU,Armada Acquisition Corp. II - Units,stock,Unit,Nasdaq Global Market,N,100
XRPNW,Armada Acquisition Corp. II - Warrant,stock,Warrant,Nasdaq Global Market,N,100
XRPT,Volatility Shares Trust XRP 2X ETF,etf,ETF,Nasdaq Global Market,N,100
XRTX,XORTX Therapeutics Inc. - Common Shares,stock,Common Stock,Nasdaq Capital Market,N,100
XRX,Xerox Holdings Corporation - Common Stock,stock,Common Stock,Nasdaq Global Select Market,N,100
XRXDW,Xerox Holdings Corporation - Warrants,stock,Warrant,Nasdaq Global Select Market,N,100
XSLL,Xsolla SPAC 1 - Class A Ordinary Shares,stock,Ordinary Share,Nasdaq Global Market,N,100
XSLLU,Xsolla SPAC 1 - Units,stock,Unit,Nasdaq Global Market,N,100
XSLLW,Xsolla SPAC 1 - Warrants,stock,Warrant,Nasdaq Global Market,N,100
XSPC,VegaShares SpaceX & Beyond Earth ETF,etf,ETF,Nasdaq Global Market,N,100
XSPI,NEOS Boosted S&P 500 High Income ETF,etf,ETF,Nasdaq Global Market,N,100
XT,iShares Future Exponential Technologies ETF,etf,ETF,Nasdaq Global Market,N,100
XTIA,"XTI Aerospace, Inc. Common Stock  - Common Stock",stock,Common Stock,Nasdaq Capital Market,N,100
XTLB,XTL Biopharmaceuticals Ltd. - American Depositary Shares,stock,Depositary Share,Nasdaq Capital Market,N,100
XWEL,"XWELL, Inc. - Common Stock",stock,Common Stock,Nasdaq Capital Market,N,100
XXII,"22nd Century Group, Inc - Common Stock",stock,Common Stock,Nasdaq Capital Market,N,100
XXX,CYBER HORNET S&P 500 and XRP 75/25 Strategy ETF,etf,ETF,Nasdaq Global Market,N,100
XYZG,Leverage Shares 2X Long XYZ Daily ETF,etf,ETF,Nasdaq Global Market,N,100
YAAS,Youxin Technology Ltd - Class A Ordinary shares,stock,Ordinary Share,Nasdaq Capital Market,N,100
YARW,"Yarrow Bioscience, Inc. - Common Stock",stock,Common Stock,Nasdaq Capital Market,D,100
YB,Yuanbao Inc. - American Depositary Shares,stock,Depositary Share,Nasdaq Global Market,N,100
YBMN,Defiance BMNR Option Income ETF,etf,ETF,Nasdaq Global Market,N,100
YBST,GraniteShares YieldBoost Single Stock Universe ETF,etf,ETF,Nasdaq Global Market,N,100
YBTY,GraniteShares YieldBoost TopYielders ETF,etf,ETF,Nasdaq Global Market,N,100
YDDL,One and One Green Technologies. INC - Class A Ordinary Shares,stock,Ordinary Share,Nasdaq Capital Market,N,100
YDES,YD Bio Limited - Ordinary Shares,stock,Ordinary Share,Nasdaq Global Market,N,100
YDESW,YD Bio Limited - Warrants,stock,Warrant,Nasdaq Global Market,N,100
YDKG,Yueda Digital Holding - Class A Ordinary Share,stock,Ordinary Share,Nasdaq Capital Market,N,100
YHC,LQR House Inc. - Common Stock,stock,Common Stock,Nasdaq Capital Market,N,100
YHGJ,Yunhong Green CTI Ltd. - Common Stock,stock,Common Stock,Nasdaq Capital Market,N,100
YHNA,YHN Acquisition I Limited - Ordinary Shares,stock,Ordinary Share,Nasdaq Global Market,D,100
YHNAR,YHN Acquisition I Limited - Right,stock,Right,Nasdaq Global Market,D,100
YHNAU,YHN Acquisition I Limited - Unit,stock,Unit,Nasdaq Global Market,D,100
YI,"111, Inc. - American Depositary Shares",stock,Depositary Share,Nasdaq Global Market,N,100
YIBO,Planet Image International Limited - Class A Ordinary Shares,stock,Ordinary Share,Nasdaq Capital Market,N,100
YICC,Yorkville International Capital Corp. - Class A Ordinary Shares,stock,Ordinary Share,Nasdaq Global Market,N,100
YICCU,Yorkville International Capital Corp. - Units,stock,Unit,Nasdaq Global Market,N,100
YICCW,Yorkville International Capital Corp. - Warrants,stock,Warrant,Nasdaq Global Market,N,100
YJ,Yunji Inc. - American Depository Shares,stock,Nasdaq Listed Security,Nasdaq Capital Market,N,100
YLDE,Franklin ClearBridge Enhanced Income ETF,etf,ETF,Nasdaq Global Market,N,100
YMAT,"J-Star Holding Co., Ltd. - Class A Ordinary Shares",stock,Ordinary Share,Nasdaq Capital Market,N,100
YMT,Yimutian Inc. - American Depositary Shares; each representing 25 Class A ordinary shares,stock,Depositary Share,Nasdaq Capital Market,D,100
YNOT,Horizon Digital Frontier ETF,etf,ETF,Nasdaq Global Market,N,100
YOKE,YOKE Core ETF,etf,ETF,Nasdaq Global Market,N,100
YORW,The York Water Company - Common Stock,stock,Common Stock,Nasdaq Global Select Market,N,100
YOUL,Youlife Group Inc. - American Depositary Shares,stock,Depositary Share,Nasdaq Capital Market,D,100
YQ,17 Education & Technology Group Inc. - American Depositary Shares,stock,Depositary Share,Nasdaq Global Select Market,N,100
YQQQ,YieldMax Short N100 Option Income Strategy ETF,etf,ETF,Nasdaq Global Market,N,100
YSAG,Y'all Street Physical Silver ETF,etf,ETF,Nasdaq Global Market,N,100
YSAU,Y'all Street Physical Gold ETF,etf,ETF,Nasdaq Global Market,N,100
YSPY,GraniteShares YieldBOOST SPY ETF,etf,ETF,Nasdaq Global Market,N,100
YSWY,"Yesway, Inc. - Class A Common Stock",stock,Common Stock,Nasdaq Global Select Market,N,100
YSXT,"YSX Tech. Co., Ltd  - Class A Ordinary Shares",stock,Ordinary Share,Nasdaq Capital Market,N,100
YTRA,"Yatra Online, Inc. - Ordinary Shares",stock,Ordinary Share,Nasdaq Capital Market,D,100
YXT,YXT.COM GROUP HOLDING LIMITED - American Depository Shares,stock,Nasdaq Listed Security,Nasdaq Global Market,N,100
YYAI,AiRWA Inc. - Common Stock,stock,Common Stock,Nasdaq Capital Market,N,100
YYGH,YY Group Holding Limited - Class A Ordinary Shares,stock,Ordinary Share,Nasdaq Capital Market,N,100
Z,"Zillow Group, Inc. - Class C Capital Stock",stock,Nasdaq Listed Security,Nasdaq Global Select Market,N,100
ZAP,Global X U.S. Electrification ETF,etf,ETF,Nasdaq Global Market,N,100
ZBAO,Zhibao Technology Inc. - Class A Ordinary Shares,stock,Ordinary Share,Nasdaq Capital Market,D,100
ZBIO,"Zenas BioPharma, Inc. - Common Stock",stock,Common Stock,Nasdaq Global Select Market,N,100
ZBRA,Zebra Technologies Corporation - Class A Common Stock,stock,Common Stock,Nasdaq Global Select Market,N,100
ZCMD,Zhongchao Inc. - Class A Ordinary Shares,stock,Ordinary Share,Nasdaq Capital Market,N,100
ZD,"Ziff Davis, Inc. - Common Stock",stock,Common Stock,Nasdaq Global Select Market,N,100
ZDAI,"DirectBooking Technology Co., Ltd. - Class A Ordinary Shares",stock,Ordinary Share,Nasdaq Capital Market,N,100
ZENA,"ZenaTech, Inc. - Common Stock",stock,Common Stock,Nasdaq Capital Market,N,100
ZEO,Zeo Energy Corporation - Class A Common Stock,stock,Common Stock,Nasdaq Capital Market,D,100
ZEOWW,Zeo Energy Corporation - Warrants,stock,Warrant,Nasdaq Capital Market,N,100
ZG,"Zillow Group, Inc. - Class A Common Stock",stock,Common Stock,Nasdaq Global Select Market,N,100
ZHOG,F/m Opportunistic Income ETF,etf,ETF,Nasdaq Global Market,N,100
ZION,Zions Bancorporation N.A. - Common Stock,stock,Common Stock,Nasdaq Global Select Market,N,100
ZIONP,Zions Bancorporation N.A. - Depositary Shares each representing a 1/40th ownership interest in a share of Series A Floating-Rate Non-Cumulative Perpetual Preferred Stock,stock,Preferred,Nasdaq Global Market,N,100
ZJK,"ZJK Industrial Co., Ltd. - Class A Ordinary Shares",stock,Ordinary Share,Nasdaq Capital Market,N,100
ZJYL,JIN MEDICAL INTERNATIONAL LTD. - Class A Ordinary Shares,stock,Ordinary Share,Nasdaq Capital Market,N,100
ZKIN,"ZK International Group Co., Ltd - Ordinary Share",stock,Ordinary Share,Nasdaq Capital Market,N,100
ZKP,Lafayette Digital Acquisition Corp. I - Class A Ordinary Shares,stock,Ordinary Share,Nasdaq Global Market,N,100
ZKPU,Lafayette Digital Acquisition Corp. I - Unit,stock,Unit,Nasdaq Global Market,N,100
ZKPW,Lafayette Digital Acquisition Corp. I - Warrant,stock,Warrant,Nasdaq Global Market,N,100
ZLAB,Zai Lab Limited - American Depositary Shares,stock,Depositary Share,Nasdaq Global Market,N,100
ZM,"Zoom Communications, Inc. - Class A Common Stock",stock,Common Stock,Nasdaq Global Select Market,N,100
ZMUN,F/m Ultrashort Tax-Free Municipal ETF,etf,ETF,Nasdaq Global Market,N,100
ZNB,Zeta Network Group - Class A Ordinary Shares,stock,Ordinary Share,Nasdaq Capital Market,N,100
ZNTL,"Zentalis Pharmaceuticals, Inc. - common stock",stock,Common Stock,Nasdaq Global Market,N,100
ZOOZ,ZOOZ Strategy Ltd. - Ordinary Shares,stock,Ordinary Share,Nasdaq Capital Market,N,100
ZOOZW,ZOOZ Strategy Ltd. - Warrant,stock,Warrant,Nasdaq Capital Market,N,100
ZS,"Zscaler, Inc. - Common Stock",stock,Common Stock,Nasdaq Global Select Market,N,100
ZSQR,Z Squared Inc. - Common Stock,stock,Common Stock,Nasdaq Global Market,N,100
ZSTK,ZeroStack Corp. - Common Stock,stock,Common Stock,Nasdaq Capital Market,N,100
ZTEK,Zentek Ltd. - common stock,stock,Common Stock,Nasdaq Capital Market,D,100
ZTEN,F/m 10-Year Investment Grade Corporate Bond ETF,etf,ETF,Nasdaq Global Market,N,100
ZTG,Zenta Group Company Limited - Class A Ordinary Shares,stock,Ordinary Share,Nasdaq Capital Market,N,100
ZTOP,F/m High Yield 100 ETF,etf,ETF,Nasdaq Global Market,N,100
ZTRE,F/m 3-Year Investment Grade Corporate Bond ETF,etf,ETF,Nasdaq Global Market,N,100
ZTWO,F/m 2-Year Investment Grade Corporate Bond ETF,etf,ETF,Nasdaq Global Market,N,100
ZUMZ,Zumiez Inc. - Common Stock,stock,Common Stock,Nasdaq Global Select Market,N,100
ZURA,Zura Bio Limited - Class A Ordinary shares,stock,Ordinary Share,Nasdaq Capital Market,N,100
ZVRA,"Zevra Therapeutics, Inc.  - Common Stock",stock,Common Stock,Nasdaq Global Select Market,N,100
ZYBT,Zhengye Biotechnology Holding Limited - Class A Ordinary Shares,stock,Ordinary Share,Nasdaq Capital Market,N,100
ZYME,Zymeworks Inc. - Common Stock,stock,Common Stock,Nasdaq Global Select Market,N,100
